source,depart_date,depart_jour,retour_date,retour_jour,nuits,from_airport,to_airport,prix_billet,transport_cost,arrival_transport_cost,prix_total,prix_str,compagnies,escale,duree_min,duree_fmt,nb_escales,depart_h,arrivee_h,j_plus,is_best,self_transfer,booking_url,tendance,legs_detail,score
google_flights,2026-08-27,Thu,2026-09-21,Mon,24,BRU,LIM,856.0,100,0,956.0,€856,KLM,Amsterdam (AMS),860,14h20,1,"8:05 AM on Thu, Aug 27","3:25 PM on Thu, Aug 27",,True,False,,typical,,956.0
google_flights,2026-10-29,Thu,2026-11-23,Mon,24,BRU,LIM,917.0,100,0,1017.0,€917,Air Europa,Madrid (MAD),1015,16h55,1,"6:55 PM on Thu, Oct 29","5:50 AM on Fri, Oct 30",+1,True,False,,typical,,1044.5
google_flights,2026-10-22,Thu,2026-11-16,Mon,24,BRU,LIM,942.0,100,0,1042.0,€942,Air Europa,Madrid (MAD),990,16h30,1,"6:55 PM on Thu, Oct 22","4:25 AM on Fri, Oct 23",+1,True,False,,typical,,1057.0
google_flights,2026-10-29,Thu,2026-11-22,Sun,23,ORY,LIM,993.0,70,0,1063.0,€993,"Iberia, LATAM",Madrid (MAD) → Madrid (MAD) / São Paulo (GRU),935,15h35,1,"8:55 PM on Thu, Oct 29","6:30 AM on Fri, Oct 30",+1,True,False,,low,,1063.0
google_flights,2026-10-29,Thu,2026-11-23,Mon,24,ORY,LIM,993.0,70,0,1063.0,€993,"Iberia, LATAM",Madrid (MAD) → Madrid (MAD) / São Paulo (GRU),935,15h35,1,"8:55 PM on Thu, Oct 29","6:30 AM on Fri, Oct 30",+1,True,False,,low,,1063.0
google_flights,2026-10-23,Fri,2026-11-16,Mon,23,ORY,LIM,997.0,70,0,1067.0,€997,Air Europa,Madrid (MAD),960,16h,1,"7:25 PM on Fri, Oct 23","4:25 AM on Sat, Oct 24",+1,True,False,,low,,1067.0
google_flights,2026-10-31,Sat,2026-11-23,Mon,22,BRU,LIM,942.0,100,0,1042.0,€942,Air Europa,Madrid (MAD),1015,16h55,1,"6:55 PM on Sat, Oct 31","5:50 AM on Sun, Nov 1",+1,True,False,,typical,,1069.5
google_flights,2026-10-29,Thu,2026-11-23,Mon,24,ORY,LIM,997.0,70,0,1067.0,€997,Air Europa,Madrid (MAD),985,16h25,1,"7:25 PM on Thu, Oct 29","5:50 AM on Fri, Oct 30",+1,True,False,,low,,1079.5
google_flights,2026-10-30,Fri,2026-11-23,Mon,23,ORY,LIM,997.0,70,0,1067.0,€997,Air Europa,Madrid (MAD),985,16h25,1,"7:25 PM on Fri, Oct 30","5:50 AM on Sat, Oct 31",+1,True,False,,low,,1079.5
google_flights,2026-10-09,Fri,2026-11-01,Sun,22,CDG,LIM,1008.0,60,0,1068.0,€1008,"Vueling, LEVEL",Barcelone (BCN),1000,16h40,1,"10:10 AM on Fri, Oct 9","7:50 PM on Fri, Oct 9",,True,False,,typical,,1088.0
google_flights,2026-09-04,Fri,2026-09-27,Sun,22,BRU,LIM,954.0,100,0,1054.0,€954,United,Houston (IAH) / Newark (EWR),1035,17h15,1,"11:10 AM on Fri, Sep 4","9:25 PM on Fri, Sep 4",,True,False,,high,,1091.5
google_flights,2026-09-17,Thu,2026-10-10,Sat,22,BRU,LIM,954.0,100,0,1054.0,€954,United,Houston (IAH) / Newark (EWR),1035,17h15,1,"11:10 AM on Thu, Sep 17","9:25 PM on Thu, Sep 17",,True,False,,high,,1091.5
google_flights,2026-09-17,Thu,2026-10-11,Sun,23,BRU,LIM,954.0,100,0,1054.0,€954,United,Houston (IAH) / Newark (EWR),1035,17h15,1,"11:10 AM on Thu, Sep 17","9:25 PM on Thu, Sep 17",,True,False,,high,,1091.5
google_flights,2026-09-17,Thu,2026-10-12,Mon,24,BRU,LIM,954.0,100,0,1054.0,€954,United,Houston (IAH) / Newark (EWR),1035,17h15,1,"11:10 AM on Thu, Sep 17","9:25 PM on Thu, Sep 17",,True,False,,high,,1091.5
google_flights,2026-10-23,Fri,2026-11-15,Sun,22,CDG,LIM,1013.0,60,0,1073.0,€1013,"Vueling, LEVEL",Barcelone (BCN),1000,16h40,1,"10:10 AM on Fri, Oct 23","7:50 PM on Fri, Oct 23",,True,False,,typical,,1093.0
google_flights,2026-10-30,Fri,2026-11-23,Mon,23,CDG,LIM,967.0,60,0,1027.0,€967,Air Canada,Montréal (YUL) / Toronto (YYZ),1095,18h15,1,"1:00 PM on Fri, Oct 30","1:15 AM on Sat, Oct 31",+1,True,False,,typical,,1094.5
google_flights,2026-10-22,Thu,2026-11-16,Mon,24,ORY,LIM,1027.0,70,0,1097.0,€1027,Air Europa,Madrid (MAD),960,16h,1,"7:25 PM on Thu, Oct 22","4:25 AM on Fri, Oct 23",+1,True,False,,typical,,1097.0
google_flights,2026-10-24,Sat,2026-11-16,Mon,22,ORY,LIM,1027.0,70,0,1097.0,€1027,Air Europa,Madrid (MAD),960,16h,1,"7:25 PM on Sat, Oct 24","4:25 AM on Sun, Oct 25",+1,True,False,,typical,,1097.0
google_flights,2026-10-30,Fri,2026-11-22,Sun,22,ORY,LIM,1007.0,70,0,1077.0,€1007,"Vueling, LEVEL",Barcelone (BCN),1000,16h40,1,"10:30 AM on Fri, Oct 30","9:10 PM on Fri, Oct 30",,True,False,,low,,1097.0
google_flights,2026-10-29,Thu,2026-11-21,Sat,22,BRU,LIM,976.0,100,0,1076.0,€976,Air Europa,Madrid (MAD),1015,16h55,1,"6:55 PM on Thu, Oct 29","5:50 AM on Fri, Oct 30",+1,True,False,,typical,,1103.5
google_flights,2026-10-29,Thu,2026-11-21,Sat,22,ORY,LIM,1022.0,70,0,1092.0,€1022,Air Europa,Madrid (MAD),985,16h25,1,"7:25 PM on Thu, Oct 29","5:50 AM on Fri, Oct 30",+1,True,False,,typical,,1104.5
google_flights,2026-10-30,Fri,2026-11-21,Sat,21,ORY,LIM,1022.0,70,0,1092.0,€1022,Air Europa,Madrid (MAD),985,16h25,1,"7:25 PM on Fri, Oct 30","5:50 AM on Sat, Oct 31",+1,True,False,,typical,,1104.5
google_flights,2026-10-30,Fri,2026-11-23,Mon,23,BRU,LIM,977.0,100,0,1077.0,€977,Air Europa,Madrid (MAD),1015,16h55,1,"6:55 PM on Fri, Oct 30","5:50 AM on Sat, Oct 31",+1,True,False,,typical,,1104.5
google_flights,2026-10-31,Sat,2026-11-23,Mon,22,ORY,LIM,1027.0,70,0,1097.0,€1027,Air Europa,Madrid (MAD),985,16h25,1,"7:25 PM on Sat, Oct 31","5:50 AM on Sun, Nov 1",+1,True,False,,typical,,1109.5
google_flights,2026-09-25,Fri,2026-10-18,Sun,22,CDG,LIM,1033.0,60,0,1093.0,€1033,"Vueling, LEVEL",Barcelone (BCN),1000,16h40,1,"10:10 AM on Fri, Sep 25","7:50 PM on Fri, Sep 25",,True,False,,high,,1113.0
google_flights,2026-10-30,Fri,2026-11-22,Sun,22,CDG,LIM,1013.0,60,0,1073.0,€1013,"Vueling, LEVEL",Barcelone (BCN),1040,17h20,1,"9:50 AM on Fri, Oct 30","9:10 PM on Fri, Oct 30",,True,False,,typical,,1113.0
google_flights,2026-08-28,Fri,2026-09-21,Mon,23,BRU,LIM,1016.0,100,0,1116.0,€1016,KLM,Amsterdam (AMS),860,14h20,1,"8:05 AM on Fri, Aug 28","3:25 PM on Fri, Aug 28",,True,False,,typical,,1116.0
google_flights,2026-10-15,Thu,2026-11-09,Mon,24,BRU,LIM,1001.0,100,0,1101.0,€1001,Air Europa,Madrid (MAD),990,16h30,1,"6:55 PM on Thu, Oct 15","4:25 AM on Fri, Oct 16",+1,True,False,,typical,,1116.0
google_flights,2026-10-24,Sat,2026-11-16,Mon,22,BRU,LIM,1001.0,100,0,1101.0,€1001,Air Europa,Madrid (MAD),990,16h30,1,"6:55 PM on Sat, Oct 24","4:25 AM on Sun, Oct 25",+1,True,False,,typical,,1116.0
google_flights,2026-09-03,Thu,2026-09-27,Sun,23,BRU,LIM,979.0,100,0,1079.0,€979,United,Houston (IAH) / Newark (EWR),1035,17h15,1,"11:10 AM on Thu, Sep 3","9:25 PM on Thu, Sep 3",,True,False,,high,,1116.5
google_flights,2026-09-04,Fri,2026-09-28,Mon,23,BRU,LIM,979.0,100,0,1079.0,€979,United,Houston (IAH) / Newark (EWR),1035,17h15,1,"11:10 AM on Fri, Sep 4","9:25 PM on Fri, Sep 4",,True,False,,high,,1116.5
google_flights,2026-09-10,Thu,2026-10-04,Sun,23,BRU,LIM,979.0,100,0,1079.0,€979,United,Houston (IAH) / Newark (EWR),1035,17h15,1,"11:10 AM on Thu, Sep 10","9:25 PM on Thu, Sep 10",,True,False,,high,,1116.5
google_flights,2026-10-02,Fri,2026-10-24,Sat,21,BRU,LIM,979.0,100,0,1079.0,€979,United,Houston (IAH) / Newark (EWR),1035,17h15,1,"11:10 AM on Fri, Oct 2","9:25 PM on Fri, Oct 2",,True,False,,typical,,1116.5
google_flights,2026-10-02,Fri,2026-10-26,Mon,23,BRU,LIM,979.0,100,0,1079.0,€979,United,Houston (IAH) / Newark (EWR),1035,17h15,1,"11:10 AM on Fri, Oct 2","9:25 PM on Fri, Oct 2",,True,False,,typical,,1116.5
google_flights,2026-10-30,Fri,2026-11-23,Mon,23,BRU,LIM,860.0,100,0,960.0,€860,Air Canada,Montréal (YUL) / Toronto (YYZ),1275,21h15,1,"10:00 AM on Fri, Oct 30","1:15 AM on Sat, Oct 31",+1,True,False,,typical,,1117.5
google_flights,2026-10-16,Fri,2026-11-08,Sun,22,CDG,LIM,1038.0,60,0,1098.0,€1038,"Vueling, LEVEL",Barcelone (BCN),1000,16h40,1,"10:10 AM on Fri, Oct 16","7:50 PM on Fri, Oct 16",,True,False,,typical,,1118.0
google_flights,2026-10-30,Fri,2026-11-21,Sat,21,CDG,LIM,992.0,60,0,1052.0,€992,Air Canada,Montréal (YUL) / Toronto (YYZ),1095,18h15,1,"1:00 PM on Fri, Oct 30","1:15 AM on Sat, Oct 31",+1,True,False,,typical,,1119.5
google_flights,2026-10-01,Thu,2026-10-26,Mon,24,BRU,LIM,925.0,100,0,1025.0,€925,Delta,Atlanta (ATL) / NYC (JFK),1150,19h10,1,"9:45 AM on Thu, Oct 1","9:55 PM on Thu, Oct 1",,True,False,,typical,,1120.0
google_flights,2026-10-23,Fri,2026-11-15,Sun,22,BRU,LIM,925.0,100,0,1025.0,€925,Delta,Atlanta (ATL) / NYC (JFK),1150,19h10,1,"9:45 AM on Fri, Oct 23","9:55 PM on Fri, Oct 23",,True,False,,typical,,1120.0
google_flights,2026-09-10,Thu,2026-10-05,Mon,24,ORY,LIM,1052.0,70,0,1122.0,€1052,Air Europa,Madrid (MAD),960,16h,1,"7:25 PM on Thu, Sep 10","4:25 AM on Fri, Sep 11",+1,True,False,,typical,,1122.0
google_flights,2026-09-11,Fri,2026-10-04,Sun,22,BRU,LIM,986.0,100,0,1086.0,€986,United,Houston (IAH) / Newark (EWR),1035,17h15,1,"11:10 AM on Fri, Sep 11","9:25 PM on Fri, Sep 11",,True,False,,high,,1123.5
google_flights,2026-10-30,Fri,2026-11-22,Sun,22,CDG,LIM,996.0,60,0,1056.0,€996,Air Canada,Montréal (YUL) / Toronto (YYZ),1095,18h15,1,"1:00 PM on Fri, Oct 30","1:15 AM on Sat, Oct 31",+1,True,False,,typical,,1123.5
google_flights,2026-10-31,Sat,2026-11-23,Mon,22,BRU,LIM,1014.0,100,0,1114.0,€1014,Iberia,Madrid (MAD),980,16h20,1,"7:45 PM on Sat, Oct 31","6:05 AM on Sun, Nov 1",+1,True,False,,typical,,1124.0
google_flights,2026-10-23,Fri,2026-11-15,Sun,22,CDG,LIM,1048.0,60,0,1108.0,€1048,"Vueling, Iberia",Barcelone (BCN) → Madrid (MAD),1000,16h40,1,"10:10 AM on Fri, Oct 23","7:50 PM on Fri, Oct 23",,True,False,,typical,,1128.0
google_flights,2026-10-23,Fri,2026-11-16,Mon,23,CDG,LIM,1048.0,60,0,1108.0,€1048,"Vueling, Iberia",Barcelone (BCN) → Madrid (MAD),1000,16h40,1,"10:10 AM on Fri, Oct 23","7:50 PM on Fri, Oct 23",,True,False,,typical,,1128.0
google_flights,2026-10-31,Sat,2026-11-21,Sat,20,BRU,LIM,1001.0,100,0,1101.0,€1001,Air Europa,Madrid (MAD),1015,16h55,1,"6:55 PM on Sat, Oct 31","5:50 AM on Sun, Nov 1",+1,True,False,,typical,,1128.5
google_flights,2026-10-23,Fri,2026-11-16,Mon,23,BRU,LIM,1017.0,100,0,1117.0,€1017,"Vueling, Iberia",Barcelone (BCN) → Madrid (MAD),985,16h25,1,"10:25 AM on Fri, Oct 23","7:50 PM on Fri, Oct 23",,True,False,,typical,,1129.5
google_flights,2026-10-29,Thu,2026-11-22,Sun,23,ORY,LIM,1061.0,70,0,1131.0,€1061,Iberia,Madrid (MAD),910,15h10,1,"10:15 AM on Thu, Oct 29","7:25 PM on Thu, Oct 29",,True,False,,low,,1131.0
google_flights,2026-10-23,Fri,2026-11-15,Sun,22,AMS,LIM,904.0,150,0,1054.0,€904,LATAM,Madrid (MAD) / São Paulo (GRU),1115,18h35,1,"1:10 PM on Fri, Oct 23","12:45 AM on Sat, Oct 24",+1,True,False,,typical,,1131.5
google_flights,2026-10-23,Fri,2026-11-16,Mon,23,AMS,LIM,904.0,150,0,1054.0,€904,LATAM,Madrid (MAD) / São Paulo (GRU),1115,18h35,1,"1:10 PM on Fri, Oct 23","12:45 AM on Sat, Oct 24",+1,True,False,,typical,,1131.5
google_flights,2026-10-30,Fri,2026-11-22,Sun,22,ORY,LIM,1062.0,70,0,1132.0,€1062,Iberia,Madrid (MAD),955,15h55,1,"8:10 PM on Fri, Oct 30","6:05 AM on Sat, Oct 31",+1,True,False,,low,,1132.0
google_flights,2026-10-30,Fri,2026-11-23,Mon,23,ORY,LIM,1062.0,70,0,1132.0,€1062,Iberia,Madrid (MAD),955,15h55,1,"8:10 PM on Fri, Oct 30","6:05 AM on Sat, Oct 31",+1,True,False,,low,,1132.0
google_flights,2026-10-03,Sat,2026-10-24,Sat,20,BRU,LIM,996.0,100,0,1096.0,€996,United,Houston (IAH) / Newark (EWR),1035,17h15,1,"11:10 AM on Sat, Oct 3","9:25 PM on Sat, Oct 3",,True,False,,typical,,1133.5
google_flights,2026-10-23,Fri,2026-11-16,Mon,23,BRU,LIM,939.0,100,0,1039.0,€939,Delta,Atlanta (ATL) / NYC (JFK),1150,19h10,1,"9:45 AM on Fri, Oct 23","9:55 PM on Fri, Oct 23",,True,False,,typical,,1134.0
google_flights,2026-10-31,Sat,2026-11-21,Sat,20,ORY,LIM,1052.0,70,0,1122.0,€1052,Air Europa,Madrid (MAD),985,16h25,1,"7:25 PM on Sat, Oct 31","5:50 AM on Sun, Nov 1",+1,True,False,,typical,,1134.5
google_flights,2026-10-16,Fri,2026-11-09,Mon,23,ORY,LIM,1067.0,70,0,1137.0,€1067,Air Europa,Madrid (MAD),960,16h,1,"7:25 PM on Fri, Oct 16","4:25 AM on Sat, Oct 17",+1,True,False,,typical,,1137.0
google_flights,2026-10-23,Fri,2026-11-15,Sun,22,ORY,LIM,999.0,70,0,1069.0,€999,"Vueling, LEVEL",Barcelone (BCN),1100,18h20,1,"8:30 AM on Fri, Oct 23","7:50 PM on Fri, Oct 23",,True,False,,low,,1139.0
google_flights,2026-09-03,Thu,2026-09-28,Mon,24,BRU,LIM,1003.0,100,0,1103.0,€1003,United,Houston (IAH) / Newark (EWR),1035,17h15,1,"11:10 AM on Thu, Sep 3","9:25 PM on Thu, Sep 3",,True,False,,high,,1140.5
google_flights,2026-09-10,Thu,2026-10-03,Sat,22,BRU,LIM,1003.0,100,0,1103.0,€1003,United,Houston (IAH) / Newark (EWR),1035,17h15,1,"11:10 AM on Thu, Sep 10","9:25 PM on Thu, Sep 10",,True,False,,high,,1140.5
google_flights,2026-10-09,Fri,2026-11-01,Sun,22,ORY,LIM,1002.0,70,0,1072.0,€1002,"Vueling, LEVEL",Barcelone (BCN),1100,18h20,1,"8:30 AM on Fri, Oct 9","7:50 PM on Fri, Oct 9",,True,False,,low,,1142.0
google_flights,2026-10-30,Fri,2026-11-21,Sat,21,BRU,LIM,885.0,100,0,985.0,€885,Air Canada,Montréal (YUL) / Toronto (YYZ),1275,21h15,1,"10:00 AM on Fri, Oct 30","1:15 AM on Sat, Oct 31",+1,True,False,,typical,,1142.5
google_flights,2026-08-27,Thu,2026-09-19,Sat,22,BRU,LIM,1043.0,100,0,1143.0,€1043,KLM,Amsterdam (AMS),860,14h20,1,"8:05 AM on Thu, Aug 27","3:25 PM on Thu, Aug 27",,True,False,,typical,,1143.0
google_flights,2026-08-21,Fri,2026-09-14,Mon,23,BRU,LIM,949.0,100,0,1049.0,€949,Delta,Atlanta (ATL) / NYC (JFK),1150,19h10,1,"9:45 AM on Fri, Aug 21","9:55 PM on Fri, Aug 21",,True,False,,typical,,1144.0
google_flights,2026-08-22,Sat,2026-09-14,Mon,22,BRU,LIM,949.0,100,0,1049.0,€949,Delta,Atlanta (ATL) / NYC (JFK),1150,19h10,1,"9:45 AM on Sat, Aug 22","9:55 PM on Sat, Aug 22",,True,False,,typical,,1144.0
google_flights,2026-09-10,Thu,2026-10-05,Mon,24,BRU,LIM,949.0,100,0,1049.0,€949,Delta,Atlanta (ATL) / NYC (JFK),1150,19h10,1,"9:45 AM on Thu, Sep 10","9:55 PM on Thu, Sep 10",,True,False,,high,,1144.0
google_flights,2026-09-11,Fri,2026-10-03,Sat,21,BRU,LIM,1010.0,100,0,1110.0,€1010,United,Houston (IAH) / Newark (EWR),1035,17h15,1,"11:10 AM on Fri, Sep 11","9:25 PM on Fri, Sep 11",,True,False,,high,,1147.5
google_flights,2026-09-25,Fri,2026-10-18,Sun,22,BRU,LIM,1033.0,100,0,1133.0,€1033,Air Europa,Madrid (MAD),990,16h30,1,"6:55 PM on Fri, Sep 25","4:25 AM on Sat, Sep 26",+1,True,False,,typical,,1148.0
google_flights,2026-09-25,Fri,2026-10-19,Mon,23,BRU,LIM,1033.0,100,0,1133.0,€1033,Air Europa,Madrid (MAD),990,16h30,1,"6:55 PM on Fri, Sep 25","4:25 AM on Sat, Sep 26",+1,True,False,,typical,,1148.0
google_flights,2026-10-30,Fri,2026-11-21,Sat,21,CDG,LIM,1048.0,60,0,1108.0,€1048,"Vueling, Iberia",Barcelone (BCN) → Madrid (MAD),1040,17h20,1,"9:50 AM on Fri, Oct 30","9:10 PM on Fri, Oct 30",,True,False,,typical,,1148.0
google_flights,2026-10-30,Fri,2026-11-23,Mon,23,CDG,LIM,1048.0,60,0,1108.0,€1048,"Vueling, Iberia",Barcelone (BCN) → Madrid (MAD),1040,17h20,1,"9:50 AM on Fri, Oct 30","9:10 PM on Fri, Oct 30",,True,False,,typical,,1148.0
google_flights,2026-09-03,Thu,2026-09-27,Sun,23,CDG,LIM,1010.0,60,0,1070.0,€1010,United,Houston (IAH) / Newark (EWR),1120,18h40,1,"9:45 AM on Thu, Sep 3","9:25 PM on Thu, Sep 3",,True,False,,high,,1150.0
google_flights,2026-09-03,Thu,2026-09-28,Mon,24,CDG,LIM,1010.0,60,0,1070.0,€1010,United,Houston (IAH) / Newark (EWR),1120,18h40,1,"9:45 AM on Thu, Sep 3","9:25 PM on Thu, Sep 3",,True,False,,high,,1150.0
google_flights,2026-09-04,Fri,2026-09-27,Sun,22,CDG,LIM,1010.0,60,0,1070.0,€1010,United,Houston (IAH) / Newark (EWR),1120,18h40,1,"9:45 AM on Fri, Sep 4","9:25 PM on Fri, Sep 4",,True,False,,high,,1150.0
google_flights,2026-09-04,Fri,2026-09-28,Mon,23,CDG,LIM,1010.0,60,0,1070.0,€1010,United,Houston (IAH) / Newark (EWR),1120,18h40,1,"9:45 AM on Fri, Sep 4","9:25 PM on Fri, Sep 4",,True,False,,high,,1150.0
google_flights,2026-09-17,Thu,2026-10-10,Sat,22,CDG,LIM,1010.0,60,0,1070.0,€1010,United,Houston (IAH) / Newark (EWR),1120,18h40,1,"9:45 AM on Thu, Sep 17","9:25 PM on Thu, Sep 17",,True,False,,high,,1150.0
google_flights,2026-09-17,Thu,2026-10-11,Sun,23,CDG,LIM,1010.0,60,0,1070.0,€1010,United,Houston (IAH) / Newark (EWR),1120,18h40,1,"9:45 AM on Thu, Sep 17","9:25 PM on Thu, Sep 17",,True,False,,high,,1150.0
google_flights,2026-09-17,Thu,2026-10-12,Mon,24,CDG,LIM,1010.0,60,0,1070.0,€1010,United,Houston (IAH) / Newark (EWR),1120,18h40,1,"9:45 AM on Thu, Sep 17","9:25 PM on Thu, Sep 17",,True,False,,high,,1150.0
google_flights,2026-09-24,Thu,2026-10-17,Sat,22,CDG,LIM,1010.0,60,0,1070.0,€1010,United,Houston (IAH) / Newark (EWR),1120,18h40,1,"9:45 AM on Thu, Sep 24","9:25 PM on Thu, Sep 24",,True,False,,high,,1150.0
google_flights,2026-09-24,Thu,2026-10-18,Sun,23,CDG,LIM,1010.0,60,0,1070.0,€1010,United,Houston (IAH) / Newark (EWR),1120,18h40,1,"9:45 AM on Thu, Sep 24","9:25 PM on Thu, Sep 24",,True,False,,high,,1150.0
google_flights,2026-10-02,Fri,2026-10-24,Sat,21,CDG,LIM,1010.0,60,0,1070.0,€1010,United,Houston (IAH) / Newark (EWR),1120,18h40,1,"9:45 AM on Fri, Oct 2","9:25 PM on Fri, Oct 2",,True,False,,typical,,1150.0
google_flights,2026-10-02,Fri,2026-10-26,Mon,23,CDG,LIM,1010.0,60,0,1070.0,€1010,United,Houston (IAH) / Newark (EWR),1120,18h40,1,"9:45 AM on Fri, Oct 2","9:25 PM on Fri, Oct 2",,True,False,,typical,,1150.0
google_flights,2026-10-15,Thu,2026-11-07,Sat,22,CDG,LIM,1010.0,60,0,1070.0,€1010,United,Houston (IAH) / Newark (EWR),1120,18h40,1,"9:45 AM on Thu, Oct 15","9:25 PM on Thu, Oct 15",,True,False,,typical,,1150.0
google_flights,2026-10-15,Thu,2026-11-09,Mon,24,CDG,LIM,1010.0,60,0,1070.0,€1010,United,Houston (IAH) / Newark (EWR),1120,18h40,1,"9:45 AM on Thu, Oct 15","9:25 PM on Thu, Oct 15",,True,False,,typical,,1150.0
google_flights,2026-10-22,Thu,2026-11-14,Sat,22,CDG,LIM,1010.0,60,0,1070.0,€1010,United,Houston (IAH) / Newark (EWR),1120,18h40,1,"9:45 AM on Thu, Oct 22","9:25 PM on Thu, Oct 22",,True,False,,typical,,1150.0
google_flights,2026-10-22,Thu,2026-11-16,Mon,24,CDG,LIM,1010.0,60,0,1070.0,€1010,United,Houston (IAH) / Newark (EWR),1120,18h40,1,"9:45 AM on Thu, Oct 22","9:25 PM on Thu, Oct 22",,True,False,,typical,,1150.0
google_flights,2026-09-11,Fri,2026-10-05,Mon,23,ORY,LIM,1082.0,70,0,1152.0,€1082,Air Europa,Madrid (MAD),960,16h,1,"7:25 PM on Fri, Sep 11","4:25 AM on Sat, Sep 12",+1,True,False,,typical,,1152.0
google_flights,2026-09-12,Sat,2026-10-05,Mon,22,ORY,LIM,1082.0,70,0,1152.0,€1082,Air Europa,Madrid (MAD),960,16h,1,"7:25 PM on Sat, Sep 12","4:25 AM on Sun, Sep 13",+1,True,False,,typical,,1152.0
google_flights,2026-09-18,Fri,2026-10-11,Sun,22,ORY,LIM,1082.0,70,0,1152.0,€1082,Air Europa,Madrid (MAD),960,16h,1,"7:25 PM on Fri, Sep 18","4:25 AM on Sat, Sep 19",+1,True,False,,typical,,1152.0
google_flights,2026-09-18,Fri,2026-10-12,Mon,23,ORY,LIM,1082.0,70,0,1152.0,€1082,Air Europa,Madrid (MAD),960,16h,1,"7:25 PM on Fri, Sep 18","4:25 AM on Sat, Sep 19",+1,True,False,,typical,,1152.0
google_flights,2026-10-23,Fri,2026-11-14,Sat,21,ORY,LIM,1082.0,70,0,1152.0,€1082,Air Europa,Madrid (MAD),960,16h,1,"7:25 PM on Fri, Oct 23","4:25 AM on Sat, Oct 24",+1,True,False,,typical,,1152.0
google_flights,2026-10-23,Fri,2026-11-15,Sun,22,ORY,LIM,1082.0,70,0,1152.0,€1082,Air Europa,Madrid (MAD),960,16h,1,"7:25 PM on Fri, Oct 23","4:25 AM on Sat, Oct 24",+1,True,False,,low,,1152.0
google_flights,2026-10-16,Fri,2026-11-09,Mon,23,CDG,LIM,1073.0,60,0,1133.0,€1073,"Vueling, Iberia",Barcelone (BCN) → Madrid (MAD),1000,16h40,1,"10:10 AM on Fri, Oct 16","7:50 PM on Fri, Oct 16",,True,False,,typical,,1153.0
google_flights,2026-10-16,Fri,2026-11-08,Sun,22,ORY,LIM,1014.0,70,0,1084.0,€1014,"Vueling, LEVEL",Barcelone (BCN),1100,18h20,1,"8:30 AM on Fri, Oct 16","7:50 PM on Fri, Oct 16",,True,False,,typical,,1154.0
google_flights,2026-10-29,Thu,2026-11-22,Sun,23,BRU,LIM,1027.0,100,0,1127.0,€1027,Air Europa,Madrid (MAD),1015,16h55,1,"6:55 PM on Thu, Oct 29","5:50 AM on Fri, Oct 30",+1,True,False,,typical,,1154.5
google_flights,2026-10-29,Thu,2026-11-22,Sun,23,BRU,LIM,1046.0,100,0,1146.0,€1046,Iberia,Madrid (MAD),980,16h20,1,"7:45 PM on Thu, Oct 29","6:05 AM on Fri, Oct 30",+1,False,False,,typical,,1156.0
google_flights,2026-10-29,Thu,2026-11-23,Mon,24,BRU,LIM,1046.0,100,0,1146.0,€1046,Iberia,Madrid (MAD),980,16h20,1,"7:45 PM on Thu, Oct 29","6:05 AM on Fri, Oct 30",+1,False,False,,typical,,1156.0
google_flights,2026-09-11,Fri,2026-10-05,Mon,23,AMS,LIM,931.0,150,0,1081.0,€931,LATAM,Madrid (MAD) / São Paulo (GRU),1115,18h35,1,"1:10 PM on Fri, Sep 11","12:45 AM on Sat, Sep 12",+1,True,False,,high,,1158.5
google_flights,2026-10-01,Thu,2026-10-25,Sun,23,CDG,LIM,994.0,60,0,1054.0,€994,Delta,Atlanta (ATL) / NYC (JFK),1170,19h30,1,"9:25 AM on Thu, Oct 1","9:55 PM on Thu, Oct 1",,True,False,,typical,,1159.0
google_flights,2026-09-10,Thu,2026-10-03,Sat,22,ORY,LIM,1090.0,70,0,1160.0,€1090,Air Europa,Madrid (MAD),960,16h,1,"7:25 PM on Thu, Sep 10","4:25 AM on Fri, Sep 11",+1,True,False,,typical,,1160.0
google_flights,2026-09-18,Fri,2026-10-10,Sat,21,ORY,LIM,1090.0,70,0,1160.0,€1090,Air Europa,Madrid (MAD),960,16h,1,"7:25 PM on Fri, Sep 18","4:25 AM on Sat, Sep 19",+1,True,False,,typical,,1160.0
google_flights,2026-09-19,Sat,2026-10-10,Sat,20,ORY,LIM,1090.0,70,0,1160.0,€1090,Air Europa,Madrid (MAD),960,16h,1,"7:25 PM on Sat, Sep 19","4:25 AM on Sun, Sep 20",+1,True,False,,typical,,1160.0
google_flights,2026-10-31,Sat,2026-11-21,Sat,20,CDG,LIM,1010.0,60,0,1070.0,€1010,United,Houston (IAH) / Newark (EWR),1140,19h,1,"9:25 AM on Sat, Oct 31","10:25 PM on Sat, Oct 31",,True,False,,typical,,1160.0
google_flights,2026-10-31,Sat,2026-11-23,Mon,22,CDG,LIM,1010.0,60,0,1070.0,€1010,United,Houston (IAH) / Newark (EWR),1140,19h,1,"9:25 AM on Sat, Oct 31","10:25 PM on Sat, Oct 31",,True,False,,typical,,1160.0
google_flights,2026-10-15,Thu,2026-11-09,Mon,24,ORY,LIM,1092.0,70,0,1162.0,€1092,Air Europa,Madrid (MAD),960,16h,1,"7:25 PM on Thu, Oct 15","4:25 AM on Fri, Oct 16",+1,True,False,,typical,,1162.0
google_flights,2026-09-18,Fri,2026-10-11,Sun,22,CDG,LIM,1083.0,60,0,1143.0,€1083,"Vueling, LEVEL",Barcelone (BCN),1000,16h40,1,"10:10 AM on Fri, Sep 18","7:50 PM on Fri, Sep 18",,True,False,,high,,1163.0
google_flights,2026-10-09,Fri,2026-11-02,Mon,23,CDG,LIM,1083.0,60,0,1143.0,€1083,"Vueling, Iberia",Barcelone (BCN) → Madrid (MAD),1000,16h40,1,"10:10 AM on Fri, Oct 9","7:50 PM on Fri, Oct 9",,True,False,,typical,,1163.0
google_flights,2026-10-09,Fri,2026-11-01,Sun,22,ORY,LIM,984.0,70,0,1054.0,€984,"Vueling, LEVEL",Barcelone (BCN),1180,19h40,1,"7:10 AM on Fri, Oct 9","7:50 PM on Fri, Oct 9",,True,False,,low,,1164.0
google_flights,2026-10-31,Sat,2026-11-22,Sun,21,ORY,LIM,1082.0,70,0,1152.0,€1082,Air Europa,Madrid (MAD),985,16h25,1,"7:25 PM on Sat, Oct 31","5:50 AM on Sun, Nov 1",+1,True,False,,low,,1164.5
google_flights,2026-08-21,Fri,2026-09-14,Mon,23,BRU,LIM,1065.0,100,0,1165.0,€1065,KLM,Amsterdam (AMS),860,14h20,1,"8:05 AM on Fri, Aug 21","3:25 PM on Fri, Aug 21",,True,False,,typical,,1165.0
google_flights,2026-09-10,Thu,2026-10-05,Mon,24,BRU,LIM,1029.0,100,0,1129.0,€1029,United,Houston (IAH) / Newark (EWR),1035,17h15,1,"11:10 AM on Thu, Sep 10","9:25 PM on Thu, Sep 10",,True,False,,high,,1166.5
google_flights,2026-09-18,Fri,2026-10-10,Sat,21,BRU,LIM,1029.0,100,0,1129.0,€1029,United,Houston (IAH) / Newark (EWR),1035,17h15,1,"11:10 AM on Fri, Sep 18","9:25 PM on Fri, Sep 18",,True,False,,high,,1166.5
google_flights,2026-09-18,Fri,2026-10-11,Sun,22,BRU,LIM,1029.0,100,0,1129.0,€1029,United,Houston (IAH) / Newark (EWR),1035,17h15,1,"11:10 AM on Fri, Sep 18","9:25 PM on Fri, Sep 18",,True,False,,high,,1166.5
google_flights,2026-09-18,Fri,2026-10-12,Mon,23,BRU,LIM,1029.0,100,0,1129.0,€1029,United,Houston (IAH) / Newark (EWR),1035,17h15,1,"11:10 AM on Fri, Sep 18","9:25 PM on Fri, Sep 18",,True,False,,high,,1166.5
google_flights,2026-09-25,Fri,2026-10-18,Sun,22,ORY,LIM,987.0,70,0,1057.0,€987,"Vueling, LEVEL",Barcelone (BCN),1180,19h40,1,"7:10 AM on Fri, Sep 25","7:50 PM on Fri, Sep 25",,True,False,,typical,,1167.0
google_flights,2026-09-25,Fri,2026-10-18,Sun,22,ORY,LIM,1027.0,70,0,1097.0,€1027,"Vueling, LEVEL",Barcelone (BCN),1100,18h20,1,"8:30 AM on Fri, Sep 25","7:50 PM on Fri, Sep 25",,True,False,,typical,,1167.0
google_flights,2026-10-08,Thu,2026-11-01,Sun,23,BRU,LIM,1052.0,100,0,1152.0,€1052,Air Europa,Madrid (MAD),990,16h30,1,"6:55 PM on Thu, Oct 8","4:25 AM on Fri, Oct 9",+1,True,False,,typical,,1167.0
google_flights,2026-10-08,Thu,2026-11-02,Mon,24,BRU,LIM,1052.0,100,0,1152.0,€1052,Air Europa,Madrid (MAD),990,16h30,1,"6:55 PM on Thu, Oct 8","4:25 AM on Fri, Oct 9",+1,True,False,,typical,,1167.0
google_flights,2026-10-09,Fri,2026-11-01,Sun,22,BRU,LIM,1052.0,100,0,1152.0,€1052,Air Europa,Madrid (MAD),990,16h30,1,"6:55 PM on Fri, Oct 9","4:25 AM on Sat, Oct 10",+1,True,False,,typical,,1167.0
google_flights,2026-10-09,Fri,2026-11-02,Mon,23,BRU,LIM,1052.0,100,0,1152.0,€1052,Air Europa,Madrid (MAD),990,16h30,1,"6:55 PM on Fri, Oct 9","4:25 AM on Sat, Oct 10",+1,True,False,,typical,,1167.0
google_flights,2026-10-15,Thu,2026-11-07,Sat,22,BRU,LIM,1052.0,100,0,1152.0,€1052,Air Europa,Madrid (MAD),990,16h30,1,"6:55 PM on Thu, Oct 15","4:25 AM on Fri, Oct 16",+1,True,False,,typical,,1167.0
google_flights,2026-10-15,Thu,2026-11-08,Sun,23,BRU,LIM,1052.0,100,0,1152.0,€1052,Air Europa,Madrid (MAD),990,16h30,1,"6:55 PM on Thu, Oct 15","4:25 AM on Fri, Oct 16",+1,True,False,,typical,,1167.0
google_flights,2026-10-22,Thu,2026-11-14,Sat,22,BRU,LIM,1052.0,100,0,1152.0,€1052,Air Europa,Madrid (MAD),990,16h30,1,"6:55 PM on Thu, Oct 22","4:25 AM on Fri, Oct 23",+1,True,False,,typical,,1167.0
google_flights,2026-10-22,Thu,2026-11-15,Sun,23,BRU,LIM,1052.0,100,0,1152.0,€1052,Air Europa,Madrid (MAD),990,16h30,1,"6:55 PM on Thu, Oct 22","4:25 AM on Fri, Oct 23",+1,True,False,,typical,,1167.0
google_flights,2026-10-24,Sat,2026-11-14,Sat,20,BRU,LIM,1052.0,100,0,1152.0,€1052,Air Europa,Madrid (MAD),990,16h30,1,"6:55 PM on Sat, Oct 24","4:25 AM on Sun, Oct 25",+1,True,False,,typical,,1167.0
google_flights,2026-10-24,Sat,2026-11-15,Sun,21,BRU,LIM,1052.0,100,0,1152.0,€1052,Air Europa,Madrid (MAD),990,16h30,1,"6:55 PM on Sat, Oct 24","4:25 AM on Sun, Oct 25",+1,True,False,,typical,,1167.0
google_flights,2026-10-01,Thu,2026-10-25,Sun,23,BRU,LIM,975.0,100,0,1075.0,€975,Delta,Atlanta (ATL) / NYC (JFK),1150,19h10,1,"9:45 AM on Thu, Oct 1","9:55 PM on Thu, Oct 1",,True,False,,typical,,1170.0
google_flights,2026-10-02,Fri,2026-10-26,Mon,23,BRU,LIM,975.0,100,0,1075.0,€975,Delta,Atlanta (ATL) / NYC (JFK),1150,19h10,1,"9:45 AM on Fri, Oct 2","9:55 PM on Fri, Oct 2",,True,False,,typical,,1170.0
google_flights,2026-10-03,Sat,2026-10-26,Mon,22,BRU,LIM,975.0,100,0,1075.0,€975,Delta,Atlanta (ATL) / NYC (JFK),1150,19h10,1,"9:45 AM on Sat, Oct 3","9:55 PM on Sat, Oct 3",,True,False,,typical,,1170.0
google_flights,2026-10-22,Thu,2026-11-15,Sun,23,BRU,LIM,975.0,100,0,1075.0,€975,Delta,Atlanta (ATL) / NYC (JFK),1150,19h10,1,"9:45 AM on Thu, Oct 22","9:55 PM on Thu, Oct 22",,True,False,,typical,,1170.0
google_flights,2026-10-23,Fri,2026-11-14,Sat,21,BRU,LIM,975.0,100,0,1075.0,€975,Delta,Atlanta (ATL) / NYC (JFK),1150,19h10,1,"9:45 AM on Fri, Oct 23","9:55 PM on Fri, Oct 23",,True,False,,typical,,1170.0
google_flights,2026-10-23,Fri,2026-11-15,Sun,22,BRU,LIM,1058.0,100,0,1158.0,€1058,"Vueling, LEVEL",Barcelone (BCN),985,16h25,1,"10:25 AM on Fri, Oct 23","7:50 PM on Fri, Oct 23",,True,False,,typical,,1170.5
google_flights,2026-10-09,Fri,2026-11-02,Mon,23,BRU,LIM,976.0,100,0,1076.0,€976,Delta,Atlanta (ATL) / NYC (JFK),1150,19h10,1,"9:45 AM on Fri, Oct 9","9:55 PM on Fri, Oct 9",,True,False,,typical,,1171.0
google_flights,2026-08-29,Sat,2026-09-20,Sun,21,AMS,LIM,839.0,150,0,989.0,€839,Air Transat,Montréal (YUL),1325,22h05,1,"2:55 PM on Sat, Aug 29","6:00 AM on Sun, Aug 30",+1,True,False,,typical,,1171.5
google_flights,2026-10-15,Thu,2026-11-07,Sat,22,AMS,LIM,1009.0,150,0,1159.0,€1009,Air Europa,Madrid (MAD),985,16h25,1,"7:00 PM on Thu, Oct 15","4:25 AM on Fri, Oct 16",+1,True,False,,typical,,1171.5
google_flights,2026-10-15,Thu,2026-11-08,Sun,23,AMS,LIM,1009.0,150,0,1159.0,€1009,Air Europa,Madrid (MAD),985,16h25,1,"7:00 PM on Thu, Oct 15","4:25 AM on Fri, Oct 16",+1,True,False,,typical,,1171.5
google_flights,2026-10-15,Thu,2026-11-09,Mon,24,AMS,LIM,1009.0,150,0,1159.0,€1009,Air Europa,Madrid (MAD),985,16h25,1,"7:00 PM on Thu, Oct 15","4:25 AM on Fri, Oct 16",+1,True,False,,typical,,1171.5
google_flights,2026-10-24,Sat,2026-11-16,Mon,22,AMS,LIM,1009.0,150,0,1159.0,€1009,Air Europa,Madrid (MAD),985,16h25,1,"7:00 PM on Sat, Oct 24","4:25 AM on Sun, Oct 25",+1,True,False,,typical,,1171.5
google_flights,2026-09-24,Thu,2026-10-18,Sun,23,BRU,LIM,1058.0,100,0,1158.0,€1058,Air Europa,Madrid (MAD),990,16h30,1,"6:55 PM on Thu, Sep 24","4:25 AM on Fri, Sep 25",+1,True,False,,typical,,1173.0
google_flights,2026-09-24,Thu,2026-10-19,Mon,24,BRU,LIM,1058.0,100,0,1158.0,€1058,Air Europa,Madrid (MAD),990,16h30,1,"6:55 PM on Thu, Sep 24","4:25 AM on Fri, Sep 25",+1,True,False,,typical,,1173.0
google_flights,2026-09-26,Sat,2026-10-18,Sun,21,BRU,LIM,1058.0,100,0,1158.0,€1058,Air Europa,Madrid (MAD),990,16h30,1,"6:55 PM on Sat, Sep 26","4:25 AM on Sun, Sep 27",+1,True,False,,high,,1173.0
google_flights,2026-09-26,Sat,2026-10-19,Mon,22,BRU,LIM,1058.0,100,0,1158.0,€1058,Air Europa,Madrid (MAD),990,16h30,1,"6:55 PM on Sat, Sep 26","4:25 AM on Sun, Sep 27",+1,True,False,,high,,1173.0
google_flights,2026-10-31,Sat,2026-11-22,Sun,21,ORY,LIM,1103.0,70,0,1173.0,€1103,Iberia,Madrid (MAD),910,15h10,1,"10:15 AM on Sat, Oct 31","7:25 PM on Sat, Oct 31",,True,False,,low,,1173.0
google_flights,2026-10-31,Sat,2026-11-23,Mon,22,ORY,LIM,1103.0,70,0,1173.0,€1103,Iberia,Madrid (MAD),910,15h10,1,"10:15 AM on Sat, Oct 31","7:25 PM on Sat, Oct 31",,True,False,,typical,,1173.0
google_flights,2026-10-03,Sat,2026-10-26,Mon,22,BRU,LIM,1037.0,100,0,1137.0,€1037,United,Houston (IAH) / Newark (EWR),1035,17h15,1,"11:10 AM on Sat, Oct 3","9:25 PM on Sat, Oct 3",,True,False,,typical,,1174.5
google_flights,2026-10-16,Fri,2026-11-08,Sun,22,CDG,LIM,1098.0,60,0,1158.0,€1098,"Vueling, Iberia",Barcelone (BCN) → Madrid (MAD),1000,16h40,1,"10:10 AM on Fri, Oct 16","7:50 PM on Fri, Oct 16",,True,False,,typical,,1178.0
google_flights,2026-09-12,Sat,2026-10-04,Sun,21,BRU,LIM,1041.0,100,0,1141.0,€1041,United,Houston (IAH) / Newark (EWR),1035,17h15,1,"11:10 AM on Sat, Sep 12","9:25 PM on Sat, Sep 12",,True,False,,high,,1178.5
google_flights,2026-10-30,Fri,2026-11-21,Sat,21,BRU,LIM,1051.0,100,0,1151.0,€1051,Air Europa,Madrid (MAD),1015,16h55,1,"6:55 PM on Fri, Oct 30","5:50 AM on Sat, Oct 31",+1,True,False,,typical,,1178.5
google_flights,2026-10-31,Sat,2026-11-22,Sun,21,BRU,LIM,1052.0,100,0,1152.0,€1052,Air Europa,Madrid (MAD),1015,16h55,1,"6:55 PM on Sat, Oct 31","5:50 AM on Sun, Nov 1",+1,True,False,,typical,,1179.5
google_flights,2026-10-22,Thu,2026-11-16,Mon,24,BRU,LIM,1003.0,100,0,1103.0,€1003,LATAM,Madrid (MAD) / São Paulo (GRU),1115,18h35,1,"1:10 PM on Thu, Oct 22","12:45 AM on Fri, Oct 23",+1,True,False,,typical,,1180.5
google_flights,2026-10-31,Sat,2026-11-22,Sun,21,BRU,LIM,1071.0,100,0,1171.0,€1071,Iberia,Madrid (MAD),980,16h20,1,"7:45 PM on Sat, Oct 31","6:05 AM on Sun, Nov 1",+1,True,False,,typical,,1181.0
google_flights,2026-09-11,Fri,2026-10-04,Sun,22,AMS,LIM,954.0,150,0,1104.0,€954,LATAM,Madrid (MAD) / São Paulo (GRU),1115,18h35,1,"1:10 PM on Fri, Sep 11","12:45 AM on Sat, Sep 12",+1,True,False,,high,,1181.5
google_flights,2026-08-27,Thu,2026-09-20,Sun,23,BRU,LIM,1082.0,100,0,1182.0,€1082,KLM,Amsterdam (AMS),860,14h20,1,"8:05 AM on Thu, Aug 27","3:25 PM on Thu, Aug 27",,True,False,,typical,,1182.0
google_flights,2026-09-03,Thu,2026-09-28,Mon,24,ORY,LIM,1112.0,70,0,1182.0,€1112,Air Europa,Madrid (MAD),960,16h,1,"7:25 PM on Thu, Sep 3","4:25 AM on Fri, Sep 4",+1,True,False,,typical,,1182.0
google_flights,2026-09-04,Fri,2026-09-28,Mon,23,ORY,LIM,1112.0,70,0,1182.0,€1112,Air Europa,Madrid (MAD),960,16h,1,"7:25 PM on Fri, Sep 4","4:25 AM on Sat, Sep 5",+1,True,False,,typical,,1182.0
google_flights,2026-09-05,Sat,2026-09-28,Mon,22,ORY,LIM,1112.0,70,0,1182.0,€1112,Air Europa,Madrid (MAD),960,16h,1,"7:25 PM on Sat, Sep 5","4:25 AM on Sun, Sep 6",+1,True,False,,typical,,1182.0
google_flights,2026-09-17,Thu,2026-10-11,Sun,23,ORY,LIM,1112.0,70,0,1182.0,€1112,Air Europa,Madrid (MAD),960,16h,1,"7:25 PM on Thu, Sep 17","4:25 AM on Fri, Sep 18",+1,True,False,,typical,,1182.0
google_flights,2026-09-17,Thu,2026-10-12,Mon,24,ORY,LIM,1112.0,70,0,1182.0,€1112,Air Europa,Madrid (MAD),960,16h,1,"7:25 PM on Thu, Sep 17","4:25 AM on Fri, Sep 18",+1,True,False,,typical,,1182.0
google_flights,2026-09-19,Sat,2026-10-11,Sun,21,ORY,LIM,1112.0,70,0,1182.0,€1112,Air Europa,Madrid (MAD),960,16h,1,"7:25 PM on Sat, Sep 19","4:25 AM on Sun, Sep 20",+1,True,False,,typical,,1182.0
google_flights,2026-09-19,Sat,2026-10-12,Mon,22,ORY,LIM,1112.0,70,0,1182.0,€1112,Air Europa,Madrid (MAD),960,16h,1,"7:25 PM on Sat, Sep 19","4:25 AM on Sun, Sep 20",+1,True,False,,typical,,1182.0
google_flights,2026-10-09,Fri,2026-11-02,Mon,23,ORY,LIM,1112.0,70,0,1182.0,€1112,Air Europa,Madrid (MAD),960,16h,1,"7:25 PM on Fri, Oct 9","4:25 AM on Sat, Oct 10",+1,True,False,,typical,,1182.0
google_flights,2026-10-22,Thu,2026-11-14,Sat,22,ORY,LIM,1112.0,70,0,1182.0,€1112,Air Europa,Madrid (MAD),960,16h,1,"7:25 PM on Thu, Oct 22","4:25 AM on Fri, Oct 23",+1,True,False,,typical,,1182.0
google_flights,2026-10-22,Thu,2026-11-15,Sun,23,ORY,LIM,1112.0,70,0,1182.0,€1112,Air Europa,Madrid (MAD),960,16h,1,"7:25 PM on Thu, Oct 22","4:25 AM on Fri, Oct 23",+1,True,False,,typical,,1182.0
google_flights,2026-10-24,Sat,2026-11-14,Sat,20,ORY,LIM,1112.0,70,0,1182.0,€1112,Air Europa,Madrid (MAD),960,16h,1,"7:25 PM on Sat, Oct 24","4:25 AM on Sun, Oct 25",+1,True,False,,typical,,1182.0
google_flights,2026-10-24,Sat,2026-11-15,Sun,21,ORY,LIM,1112.0,70,0,1182.0,€1112,Air Europa,Madrid (MAD),960,16h,1,"7:25 PM on Sat, Oct 24","4:25 AM on Sun, Oct 25",+1,True,False,,low,,1182.0
google_flights,2026-10-30,Fri,2026-11-22,Sun,22,BRU,LIM,1056.0,100,0,1156.0,€1056,Air Europa,Madrid (MAD),1015,16h55,1,"6:55 PM on Fri, Oct 30","5:50 AM on Sat, Oct 31",+1,True,False,,typical,,1183.5
google_flights,2026-10-01,Thu,2026-10-24,Sat,22,BRU,LIM,989.0,100,0,1089.0,€989,Delta,Atlanta (ATL) / NYC (JFK),1150,19h10,1,"9:45 AM on Thu, Oct 1","9:55 PM on Thu, Oct 1",,True,False,,typical,,1184.0
google_flights,2026-10-16,Fri,2026-11-08,Sun,22,ORY,LIM,1116.0,70,0,1186.0,€1116,Iberia,Madrid (MAD),910,15h10,1,"10:10 AM on Fri, Oct 16","6:20 PM on Fri, Oct 16",,False,False,,typical,,1186.0
google_flights,2026-09-12,Sat,2026-10-04,Sun,21,AMS,LIM,854.0,150,0,1004.0,€854,Air Transat,Montréal (YUL),1325,22h05,1,"2:55 PM on Sat, Sep 12","6:00 AM on Sun, Sep 13",+1,True,False,,typical,,1186.5
google_flights,2026-09-26,Sat,2026-10-18,Sun,21,AMS,LIM,854.0,150,0,1004.0,€854,Air Transat,Montréal (YUL),1325,22h05,1,"2:55 PM on Sat, Sep 26","6:00 AM on Sun, Sep 27",+1,True,False,,typical,,1186.5
google_flights,2026-10-15,Thu,2026-11-09,Mon,24,BRU,LIM,1065.0,100,0,1165.0,€1065,Iberia,Madrid (MAD),1005,16h45,1,"7:45 PM on Thu, Oct 15","5:30 AM on Fri, Oct 16",+1,True,False,,typical,,1187.5
google_flights,2026-09-11,Fri,2026-10-03,Sat,21,ORY,LIM,1120.0,70,0,1190.0,€1120,Air Europa,Madrid (MAD),960,16h,1,"7:25 PM on Fri, Sep 11","4:25 AM on Sat, Sep 12",+1,True,False,,typical,,1190.0
google_flights,2026-09-12,Sat,2026-10-03,Sat,20,ORY,LIM,1120.0,70,0,1190.0,€1120,Air Europa,Madrid (MAD),960,16h,1,"7:25 PM on Sat, Sep 12","4:25 AM on Sun, Sep 13",+1,True,False,,typical,,1190.0
google_flights,2026-09-17,Thu,2026-10-10,Sat,22,ORY,LIM,1120.0,70,0,1190.0,€1120,Air Europa,Madrid (MAD),960,16h,1,"7:25 PM on Thu, Sep 17","4:25 AM on Fri, Sep 18",+1,True,False,,typical,,1190.0
google_flights,2026-10-23,Fri,2026-11-14,Sat,21,BRU,LIM,1077.0,100,0,1177.0,€1077,Air Europa,Madrid (MAD),990,16h30,1,"6:55 PM on Fri, Oct 23","4:25 AM on Sat, Oct 24",+1,True,False,,typical,,1192.0
google_flights,2026-09-10,Thu,2026-10-04,Sun,23,CDG,LIM,1053.0,60,0,1113.0,€1053,United,Houston (IAH) / Newark (EWR),1120,18h40,1,"9:45 AM on Thu, Sep 10","9:25 PM on Thu, Sep 10",,True,False,,high,,1193.0
google_flights,2026-09-11,Fri,2026-10-04,Sun,22,CDG,LIM,1053.0,60,0,1113.0,€1053,United,Houston (IAH) / Newark (EWR),1120,18h40,1,"9:45 AM on Fri, Sep 11","9:25 PM on Fri, Sep 11",,True,False,,high,,1193.0
google_flights,2026-09-25,Fri,2026-10-17,Sat,21,CDG,LIM,1053.0,60,0,1113.0,€1053,United,Houston (IAH) / Newark (EWR),1120,18h40,1,"9:45 AM on Fri, Sep 25","9:25 PM on Fri, Sep 25",,True,False,,high,,1193.0
google_flights,2026-09-25,Fri,2026-10-18,Sun,22,CDG,LIM,1053.0,60,0,1113.0,€1053,United,Houston (IAH) / Newark (EWR),1120,18h40,1,"9:45 AM on Fri, Sep 25","9:25 PM on Fri, Sep 25",,True,False,,high,,1193.0
google_flights,2026-09-11,Fri,2026-10-05,Mon,23,CDG,LIM,1051.0,60,0,1111.0,€1051,LATAM,Madrid (MAD) / São Paulo (GRU),1125,18h45,1,"1:00 PM on Fri, Sep 11","12:45 AM on Sat, Sep 12",+1,True,False,,high,,1193.5
google_flights,2026-09-12,Sat,2026-10-05,Mon,22,CDG,LIM,1051.0,60,0,1111.0,€1051,LATAM,Madrid (MAD) / São Paulo (GRU),1125,18h45,1,"1:00 PM on Sat, Sep 12","12:45 AM on Sun, Sep 13",+1,True,False,,high,,1193.5
google_flights,2026-08-20,Thu,2026-09-14,Mon,24,BRU,LIM,999.0,100,0,1099.0,€999,Delta,Atlanta (ATL) / NYC (JFK),1150,19h10,1,"9:45 AM on Thu, Aug 20","9:55 PM on Thu, Aug 20",,True,False,,typical,,1194.0
google_flights,2026-09-03,Thu,2026-09-28,Mon,24,BRU,LIM,999.0,100,0,1099.0,€999,Delta,Atlanta (ATL) / NYC (JFK),1150,19h10,1,"9:45 AM on Thu, Sep 3","9:55 PM on Thu, Sep 3",,True,False,,high,,1194.0
google_flights,2026-09-10,Thu,2026-10-04,Sun,23,BRU,LIM,999.0,100,0,1099.0,€999,Delta,Atlanta (ATL) / NYC (JFK),1150,19h10,1,"9:45 AM on Thu, Sep 10","9:55 PM on Thu, Sep 10",,True,False,,high,,1194.0
google_flights,2026-09-17,Thu,2026-10-10,Sat,22,BRU,LIM,999.0,100,0,1099.0,€999,Delta,Atlanta (ATL) / NYC (JFK),1150,19h10,1,"9:45 AM on Thu, Sep 17","9:55 PM on Thu, Sep 17",,True,False,,high,,1194.0
google_flights,2026-09-17,Thu,2026-10-11,Sun,23,BRU,LIM,999.0,100,0,1099.0,€999,Delta,Atlanta (ATL) / NYC (JFK),1150,19h10,1,"9:45 AM on Thu, Sep 17","9:55 PM on Thu, Sep 17",,True,False,,high,,1194.0
google_flights,2026-09-05,Sat,2026-09-27,Sun,21,AMS,LIM,864.0,150,0,1014.0,€864,Air Transat,Montréal (YUL),1325,22h05,1,"2:55 PM on Sat, Sep 5","6:00 AM on Sun, Sep 6",+1,True,False,,typical,,1196.5
google_flights,2026-10-17,Sat,2026-11-07,Sat,20,AMS,LIM,1034.0,150,0,1184.0,€1034,Air Europa,Madrid (MAD),985,16h25,1,"7:00 PM on Sat, Oct 17","4:25 AM on Sun, Oct 18",+1,True,False,,typical,,1196.5
google_flights,2026-10-17,Sat,2026-11-08,Sun,21,AMS,LIM,1034.0,150,0,1184.0,€1034,Air Europa,Madrid (MAD),985,16h25,1,"7:00 PM on Sat, Oct 17","4:25 AM on Sun, Oct 18",+1,True,False,,typical,,1196.5
google_flights,2026-10-17,Sat,2026-11-09,Mon,22,AMS,LIM,1034.0,150,0,1184.0,€1034,Air Europa,Madrid (MAD),985,16h25,1,"7:00 PM on Sat, Oct 17","4:25 AM on Sun, Oct 18",+1,True,False,,typical,,1196.5
google_flights,2026-09-11,Fri,2026-10-05,Mon,23,BRU,LIM,1060.0,100,0,1160.0,€1060,United,Houston (IAH) / Newark (EWR),1035,17h15,1,"11:10 AM on Fri, Sep 11","9:25 PM on Fri, Sep 11",,True,False,,high,,1197.5
google_flights,2026-09-24,Thu,2026-10-18,Sun,23,ORY,LIM,1129.0,70,0,1199.0,€1129,Iberia,Madrid (MAD),910,15h10,1,"10:10 AM on Thu, Sep 24","6:20 PM on Thu, Sep 24",,True,False,,low,,1199.0
google_flights,2026-09-05,Sat,2026-09-27,Sun,21,CDG,LIM,1060.0,60,0,1120.0,€1060,United,Houston (IAH) / Newark (EWR),1120,18h40,1,"9:45 AM on Sat, Sep 5","9:25 PM on Sat, Sep 5",,True,False,,high,,1200.0
google_flights,2026-09-05,Sat,2026-09-28,Mon,22,CDG,LIM,1060.0,60,0,1120.0,€1060,United,Houston (IAH) / Newark (EWR),1120,18h40,1,"9:45 AM on Sat, Sep 5","9:25 PM on Sat, Sep 5",,True,False,,high,,1200.0
google_flights,2026-09-18,Fri,2026-10-10,Sat,21,CDG,LIM,1060.0,60,0,1120.0,€1060,United,Houston (IAH) / Newark (EWR),1120,18h40,1,"9:45 AM on Fri, Sep 18","9:25 PM on Fri, Sep 18",,True,False,,high,,1200.0
google_flights,2026-09-18,Fri,2026-10-11,Sun,22,CDG,LIM,1060.0,60,0,1120.0,€1060,United,Houston (IAH) / Newark (EWR),1120,18h40,1,"9:45 AM on Fri, Sep 18","9:25 PM on Fri, Sep 18",,True,False,,high,,1200.0
google_flights,2026-09-18,Fri,2026-10-12,Mon,23,CDG,LIM,1060.0,60,0,1120.0,€1060,United,Houston (IAH) / Newark (EWR),1120,18h40,1,"9:45 AM on Fri, Sep 18","9:25 PM on Fri, Sep 18",,True,False,,high,,1200.0
google_flights,2026-09-24,Thu,2026-10-19,Mon,24,CDG,LIM,1060.0,60,0,1120.0,€1060,United,Houston (IAH) / Newark (EWR),1120,18h40,1,"9:45 AM on Thu, Sep 24","9:25 PM on Thu, Sep 24",,True,False,,high,,1200.0
google_flights,2026-10-29,Thu,2026-11-21,Sat,22,CDG,LIM,1063.0,60,0,1123.0,€1063,Iberia,Madrid (MAD),1115,18h35,1,"6:50 AM on Thu, Oct 29","7:25 PM on Thu, Oct 29",,True,False,,typical,,1200.5
google_flights,2026-10-29,Thu,2026-11-22,Sun,23,CDG,LIM,1063.0,60,0,1123.0,€1063,Iberia,Madrid (MAD),1115,18h35,1,"6:50 AM on Thu, Oct 29","7:25 PM on Thu, Oct 29",,True,False,,typical,,1200.5
google_flights,2026-10-29,Thu,2026-11-23,Mon,24,CDG,LIM,1063.0,60,0,1123.0,€1063,Iberia,Madrid (MAD),1115,18h35,1,"6:50 AM on Thu, Oct 29","7:25 PM on Thu, Oct 29",,True,False,,typical,,1200.5
google_flights,2026-09-18,Fri,2026-10-11,Sun,22,ORY,LIM,1062.0,70,0,1132.0,€1062,"Vueling, LEVEL",Barcelone (BCN),1100,18h20,1,"8:30 AM on Fri, Sep 18","7:50 PM on Fri, Sep 18",,True,False,,typical,,1202.0
google_flights,2026-10-17,Sat,2026-11-09,Mon,22,ORY,LIM,1132.0,70,0,1202.0,€1132,Air Europa,Madrid (MAD),960,16h,1,"7:25 PM on Sat, Oct 17","4:25 AM on Sun, Oct 18",+1,True,False,,typical,,1202.0
google_flights,2026-09-12,Sat,2026-10-03,Sat,20,BRU,LIM,1065.0,100,0,1165.0,€1065,United,Houston (IAH) / Newark (EWR),1035,17h15,1,"11:10 AM on Sat, Sep 12","9:25 PM on Sat, Sep 12",,True,False,,high,,1202.5
google_flights,2026-10-29,Thu,2026-11-21,Sat,22,CDG,LIM,1105.0,60,0,1165.0,€1105,Iberia,Madrid (MAD),1040,17h20,1,"6:45 PM on Thu, Oct 29","6:05 AM on Fri, Oct 30",+1,False,False,,typical,,1205.0
google_flights,2026-10-29,Thu,2026-11-22,Sun,23,CDG,LIM,1105.0,60,0,1165.0,€1105,Iberia,Madrid (MAD),1040,17h20,1,"6:45 PM on Thu, Oct 29","6:05 AM on Fri, Oct 30",+1,False,False,,typical,,1205.0
google_flights,2026-10-29,Thu,2026-11-23,Mon,24,CDG,LIM,1105.0,60,0,1165.0,€1105,Iberia,Madrid (MAD),1040,17h20,1,"6:45 PM on Thu, Oct 29","6:05 AM on Fri, Oct 30",+1,False,False,,typical,,1205.0
google_flights,2026-10-31,Sat,2026-11-21,Sat,20,CDG,LIM,1105.0,60,0,1165.0,€1105,Iberia,Madrid (MAD),1040,17h20,1,"6:45 PM on Sat, Oct 31","6:05 AM on Sun, Nov 1",+1,False,False,,typical,,1205.0
google_flights,2026-10-31,Sat,2026-11-22,Sun,21,CDG,LIM,1105.0,60,0,1165.0,€1105,Iberia,Madrid (MAD),1040,17h20,1,"6:45 PM on Sat, Oct 31","6:05 AM on Sun, Nov 1",+1,False,False,,typical,,1205.0
google_flights,2026-10-31,Sat,2026-11-23,Mon,22,CDG,LIM,1105.0,60,0,1165.0,€1105,Iberia,Madrid (MAD),1040,17h20,1,"6:45 PM on Sat, Oct 31","6:05 AM on Sun, Nov 1",+1,False,False,,typical,,1205.0
google_flights,2026-10-02,Fri,2026-10-25,Sun,22,CDG,LIM,1044.0,60,0,1104.0,€1044,Delta,Atlanta (ATL) / NYC (JFK),1170,19h30,1,"9:25 AM on Fri, Oct 2","9:55 PM on Fri, Oct 2",,True,False,,typical,,1209.0
google_flights,2026-10-31,Sat,2026-11-21,Sat,20,AMS,LIM,1034.0,150,0,1184.0,€1034,Air Europa,Madrid (MAD),1010,16h50,1,"7:00 PM on Sat, Oct 31","5:50 AM on Sun, Nov 1",+1,True,False,,typical,,1209.0
google_flights,2026-10-31,Sat,2026-11-22,Sun,21,AMS,LIM,1034.0,150,0,1184.0,€1034,Air Europa,Madrid (MAD),1010,16h50,1,"7:00 PM on Sat, Oct 31","5:50 AM on Sun, Nov 1",+1,True,False,,typical,,1209.0
google_flights,2026-10-31,Sat,2026-11-23,Mon,22,AMS,LIM,1034.0,150,0,1184.0,€1034,Air Europa,Madrid (MAD),1010,16h50,1,"7:00 PM on Sat, Oct 31","5:50 AM on Sun, Nov 1",+1,True,False,,typical,,1209.0
google_flights,2026-09-24,Thu,2026-10-17,Sat,22,ORY,LIM,1140.0,70,0,1210.0,€1140,Air Europa,Madrid (MAD),960,16h,1,"7:25 PM on Thu, Sep 24","4:25 AM on Fri, Sep 25",+1,True,False,,typical,,1210.0
google_flights,2026-09-26,Sat,2026-10-17,Sat,20,ORY,LIM,1140.0,70,0,1210.0,€1140,Air Europa,Madrid (MAD),960,16h,1,"7:25 PM on Sat, Sep 26","4:25 AM on Sun, Sep 27",+1,True,False,,typical,,1210.0
google_flights,2026-10-09,Fri,2026-11-02,Mon,23,ORY,LIM,1070.0,70,0,1140.0,€1070,"Vueling, Iberia",Barcelone (BCN) → Madrid (MAD),1100,18h20,1,"8:30 AM on Fri, Oct 9","7:50 PM on Fri, Oct 9",,True,False,,typical,,1210.0
google_flights,2026-09-19,Sat,2026-10-11,Sun,21,AMS,LIM,879.0,150,0,1029.0,€879,Air Transat,Montréal (YUL),1325,22h05,1,"2:55 PM on Sat, Sep 19","6:00 AM on Sun, Sep 20",+1,True,False,,typical,,1211.5
google_flights,2026-10-23,Fri,2026-11-14,Sat,21,AMS,LIM,985.0,150,0,1135.0,€985,LATAM,Madrid (MAD) / São Paulo (GRU),1115,18h35,1,"1:10 PM on Fri, Oct 23","12:45 AM on Sat, Oct 24",+1,True,False,,typical,,1212.5
google_flights,2026-10-30,Fri,2026-11-22,Sun,22,BRU,LIM,1103.0,100,0,1203.0,€1103,Iberia,Madrid (MAD),980,16h20,1,"7:45 PM on Fri, Oct 30","6:05 AM on Sat, Oct 31",+1,True,False,,typical,,1213.0
google_flights,2026-10-31,Sat,2026-11-22,Sun,21,CDG,LIM,1076.0,60,0,1136.0,€1076,Iberia,Madrid (MAD),1115,18h35,1,"6:50 AM on Sat, Oct 31","7:25 PM on Sat, Oct 31",,True,False,,typical,,1213.5
google_flights,2026-09-25,Fri,2026-10-18,Sun,22,BRU,LIM,1103.0,100,0,1203.0,€1103,"Vueling, LEVEL",Barcelone (BCN),985,16h25,1,"10:25 AM on Fri, Sep 25","7:50 PM on Fri, Sep 25",,True,False,,typical,,1215.5
google_flights,2026-09-18,Fri,2026-10-12,Mon,23,BRU,LIM,1102.0,100,0,1202.0,€1102,Air Europa,Madrid (MAD),990,16h30,1,"6:55 PM on Fri, Sep 18","4:25 AM on Sat, Sep 19",+1,True,False,,high,,1217.0
google_flights,2026-10-29,Thu,2026-11-22,Sun,23,AMS,LIM,1050.0,150,0,1200.0,€1050,"Iberia, LATAM",Madrid (MAD) → Madrid (MAD) / São Paulo (GRU),995,16h35,1,"7:55 PM on Thu, Oct 29","6:30 AM on Fri, Oct 30",+1,True,False,,typical,,1217.5
google_flights,2026-09-11,Fri,2026-10-05,Mon,23,BRU,LIM,1024.0,100,0,1124.0,€1024,Delta,Atlanta (ATL) / NYC (JFK),1150,19h10,1,"9:45 AM on Fri, Sep 11","9:55 PM on Fri, Sep 11",,True,False,,high,,1219.0
google_flights,2026-10-09,Fri,2026-11-01,Sun,22,CDG,LIM,1139.0,60,0,1199.0,€1139,"Vueling, Iberia",Barcelone (BCN) → Madrid (MAD),1000,16h40,1,"10:10 AM on Fri, Oct 9","7:50 PM on Fri, Oct 9",,True,False,,typical,,1219.0
google_flights,2026-10-15,Thu,2026-11-09,Mon,24,ORY,LIM,1149.0,70,0,1219.0,€1149,Iberia,Madrid (MAD),910,15h10,1,"10:10 AM on Thu, Oct 15","6:20 PM on Thu, Oct 15",,True,False,,typical,,1219.0
google_flights,2026-09-05,Sat,2026-09-28,Mon,22,ORY,LIM,1082.0,70,0,1152.0,€1082,Air Europa,Madrid (MAD),1095,18h15,1,"5:10 PM on Sat, Sep 5","4:25 AM on Sun, Sep 6",+1,True,False,,typical,,1219.5
google_flights,2026-09-25,Fri,2026-10-19,Mon,23,ORY,LIM,1082.0,70,0,1152.0,€1082,Air Europa,Madrid (MAD),1095,18h15,1,"5:10 PM on Fri, Sep 25","4:25 AM on Sat, Sep 26",+1,True,False,,typical,,1219.5
google_flights,2026-10-02,Fri,2026-10-25,Sun,22,BRU,LIM,1025.0,100,0,1125.0,€1025,Delta,Atlanta (ATL) / NYC (JFK),1150,19h10,1,"9:45 AM on Fri, Oct 2","9:55 PM on Fri, Oct 2",,True,False,,typical,,1220.0
google_flights,2026-10-03,Sat,2026-10-25,Sun,21,BRU,LIM,1025.0,100,0,1125.0,€1025,Delta,Atlanta (ATL) / NYC (JFK),1150,19h10,1,"9:45 AM on Sat, Oct 3","9:55 PM on Sat, Oct 3",,True,False,,typical,,1220.0
google_flights,2026-10-22,Thu,2026-11-14,Sat,22,BRU,LIM,1025.0,100,0,1125.0,€1025,Delta,Atlanta (ATL) / NYC (JFK),1150,19h10,1,"9:45 AM on Thu, Oct 22","9:55 PM on Thu, Oct 22",,True,False,,typical,,1220.0
google_flights,2026-10-09,Fri,2026-11-01,Sun,22,BRU,LIM,1108.0,100,0,1208.0,€1108,"Vueling, LEVEL",Barcelone (BCN),985,16h25,1,"10:25 AM on Fri, Oct 9","7:50 PM on Fri, Oct 9",,True,False,,typical,,1220.5
google_flights,2026-10-16,Fri,2026-11-07,Sat,21,AMS,LIM,1059.0,150,0,1209.0,€1059,Air Europa,Madrid (MAD),985,16h25,1,"7:00 PM on Fri, Oct 16","4:25 AM on Sat, Oct 17",+1,True,False,,typical,,1221.5
google_flights,2026-10-16,Fri,2026-11-08,Sun,22,AMS,LIM,1059.0,150,0,1209.0,€1059,Air Europa,Madrid (MAD),985,16h25,1,"7:00 PM on Fri, Oct 16","4:25 AM on Sat, Oct 17",+1,True,False,,typical,,1221.5
google_flights,2026-10-16,Fri,2026-11-09,Mon,23,AMS,LIM,1059.0,150,0,1209.0,€1059,Air Europa,Madrid (MAD),985,16h25,1,"7:00 PM on Fri, Oct 16","4:25 AM on Sat, Oct 17",+1,True,False,,typical,,1221.5
google_flights,2026-10-22,Thu,2026-11-14,Sat,22,AMS,LIM,1059.0,150,0,1209.0,€1059,Air Europa,Madrid (MAD),985,16h25,1,"7:00 PM on Thu, Oct 22","4:25 AM on Fri, Oct 23",+1,True,False,,typical,,1221.5
google_flights,2026-10-22,Thu,2026-11-15,Sun,23,AMS,LIM,1059.0,150,0,1209.0,€1059,Air Europa,Madrid (MAD),985,16h25,1,"7:00 PM on Thu, Oct 22","4:25 AM on Fri, Oct 23",+1,True,False,,typical,,1221.5
google_flights,2026-10-22,Thu,2026-11-16,Mon,24,AMS,LIM,1059.0,150,0,1209.0,€1059,Air Europa,Madrid (MAD),985,16h25,1,"7:00 PM on Thu, Oct 22","4:25 AM on Fri, Oct 23",+1,True,False,,typical,,1221.5
google_flights,2026-10-23,Fri,2026-11-14,Sat,21,AMS,LIM,1059.0,150,0,1209.0,€1059,Air Europa,Madrid (MAD),985,16h25,1,"7:00 PM on Fri, Oct 23","4:25 AM on Sat, Oct 24",+1,True,False,,typical,,1221.5
google_flights,2026-10-23,Fri,2026-11-15,Sun,22,AMS,LIM,1059.0,150,0,1209.0,€1059,Air Europa,Madrid (MAD),985,16h25,1,"7:00 PM on Fri, Oct 23","4:25 AM on Sat, Oct 24",+1,True,False,,typical,,1221.5
google_flights,2026-10-23,Fri,2026-11-16,Mon,23,AMS,LIM,1059.0,150,0,1209.0,€1059,Air Europa,Madrid (MAD),985,16h25,1,"7:00 PM on Fri, Oct 23","4:25 AM on Sat, Oct 24",+1,True,False,,typical,,1221.5
google_flights,2026-10-24,Sat,2026-11-14,Sat,20,AMS,LIM,1059.0,150,0,1209.0,€1059,Air Europa,Madrid (MAD),985,16h25,1,"7:00 PM on Sat, Oct 24","4:25 AM on Sun, Oct 25",+1,True,False,,typical,,1221.5
google_flights,2026-10-24,Sat,2026-11-15,Sun,21,AMS,LIM,1059.0,150,0,1209.0,€1059,Air Europa,Madrid (MAD),985,16h25,1,"7:00 PM on Sat, Oct 24","4:25 AM on Sun, Oct 25",+1,True,False,,typical,,1221.5
google_flights,2026-10-08,Thu,2026-11-01,Sun,23,ORY,LIM,1152.0,70,0,1222.0,€1152,Air Europa,Madrid (MAD),960,16h,1,"7:25 PM on Thu, Oct 8","4:25 AM on Fri, Oct 9",+1,True,False,,typical,,1222.0
google_flights,2026-10-08,Thu,2026-11-02,Mon,24,ORY,LIM,1152.0,70,0,1222.0,€1152,Air Europa,Madrid (MAD),960,16h,1,"7:25 PM on Thu, Oct 8","4:25 AM on Fri, Oct 9",+1,True,False,,typical,,1222.0
google_flights,2026-10-15,Thu,2026-11-07,Sat,22,ORY,LIM,1152.0,70,0,1222.0,€1152,Air Europa,Madrid (MAD),960,16h,1,"7:25 PM on Thu, Oct 15","4:25 AM on Fri, Oct 16",+1,True,False,,typical,,1222.0
google_flights,2026-10-15,Thu,2026-11-08,Sun,23,ORY,LIM,1152.0,70,0,1222.0,€1152,Air Europa,Madrid (MAD),960,16h,1,"7:25 PM on Thu, Oct 15","4:25 AM on Fri, Oct 16",+1,True,False,,typical,,1222.0
google_flights,2026-10-16,Fri,2026-11-07,Sat,21,ORY,LIM,1152.0,70,0,1222.0,€1152,Air Europa,Madrid (MAD),960,16h,1,"7:25 PM on Fri, Oct 16","4:25 AM on Sat, Oct 17",+1,True,False,,typical,,1222.0
google_flights,2026-09-03,Thu,2026-09-26,Sat,22,CDG,LIM,1085.0,60,0,1145.0,€1085,United,Houston (IAH) / Newark (EWR),1120,18h40,1,"9:45 AM on Thu, Sep 3","9:25 PM on Thu, Sep 3",,True,False,,high,,1225.0
google_flights,2026-09-04,Fri,2026-09-26,Sat,21,CDG,LIM,1085.0,60,0,1145.0,€1085,United,Houston (IAH) / Newark (EWR),1120,18h40,1,"9:45 AM on Fri, Sep 4","9:25 PM on Fri, Sep 4",,True,False,,high,,1225.0
google_flights,2026-09-25,Fri,2026-10-19,Mon,23,CDG,LIM,1085.0,60,0,1145.0,€1085,United,Houston (IAH) / Newark (EWR),1120,18h40,1,"9:45 AM on Fri, Sep 25","9:25 PM on Fri, Sep 25",,False,False,,high,,1225.0
google_flights,2026-10-01,Thu,2026-10-24,Sat,22,CDG,LIM,1085.0,60,0,1145.0,€1085,United,Houston (IAH) / Newark (EWR),1120,18h40,1,"9:45 AM on Thu, Oct 1","9:25 PM on Thu, Oct 1",,True,False,,typical,,1225.0
google_flights,2026-10-01,Thu,2026-10-26,Mon,24,CDG,LIM,1085.0,60,0,1145.0,€1085,United,Houston (IAH) / Newark (EWR),1120,18h40,1,"9:45 AM on Thu, Oct 1","9:25 PM on Thu, Oct 1",,True,False,,typical,,1225.0
google_flights,2026-10-16,Fri,2026-11-07,Sat,21,CDG,LIM,1085.0,60,0,1145.0,€1085,United,Houston (IAH) / Newark (EWR),1120,18h40,1,"9:45 AM on Fri, Oct 16","9:25 PM on Fri, Oct 16",,True,False,,typical,,1225.0
google_flights,2026-10-16,Fri,2026-11-09,Mon,23,CDG,LIM,1085.0,60,0,1145.0,€1085,United,Houston (IAH) / Newark (EWR),1120,18h40,1,"9:45 AM on Fri, Oct 16","9:25 PM on Fri, Oct 16",,True,False,,typical,,1225.0
google_flights,2026-10-23,Fri,2026-11-16,Mon,23,CDG,LIM,1085.0,60,0,1145.0,€1085,United,Houston (IAH) / Newark (EWR),1120,18h40,1,"9:45 AM on Fri, Oct 23","9:25 PM on Fri, Oct 23",,True,False,,typical,,1225.0
google_flights,2026-09-03,Thu,2026-09-28,Mon,24,CDG,LIM,1084.0,60,0,1144.0,€1084,LATAM,Madrid (MAD) / São Paulo (GRU),1125,18h45,1,"1:00 PM on Thu, Sep 3","12:45 AM on Fri, Sep 4",+1,True,False,,high,,1226.5
google_flights,2026-09-04,Fri,2026-09-28,Mon,23,CDG,LIM,1084.0,60,0,1144.0,€1084,LATAM,Madrid (MAD) / São Paulo (GRU),1125,18h45,1,"1:00 PM on Fri, Sep 4","12:45 AM on Sat, Sep 5",+1,True,False,,high,,1226.5
google_flights,2026-09-10,Thu,2026-10-03,Sat,22,CDG,LIM,1084.0,60,0,1144.0,€1084,LATAM,Madrid (MAD) / São Paulo (GRU),1125,18h45,1,"1:00 PM on Thu, Sep 10","12:45 AM on Fri, Sep 11",+1,True,False,,high,,1226.5
google_flights,2026-09-11,Fri,2026-10-03,Sat,21,CDG,LIM,1084.0,60,0,1144.0,€1084,LATAM,Madrid (MAD) / São Paulo (GRU),1125,18h45,1,"1:00 PM on Fri, Sep 11","12:45 AM on Sat, Sep 12",+1,True,False,,high,,1226.5
google_flights,2026-09-12,Sat,2026-10-03,Sat,20,CDG,LIM,1084.0,60,0,1144.0,€1084,LATAM,Madrid (MAD) / São Paulo (GRU),1125,18h45,1,"1:00 PM on Sat, Sep 12","12:45 AM on Sun, Sep 13",+1,True,False,,high,,1226.5
google_flights,2026-10-02,Fri,2026-10-25,Sun,22,CDG,LIM,1148.0,60,0,1208.0,€1148,"Vueling, LEVEL",Barcelone (BCN),1000,16h40,1,"10:10 AM on Fri, Oct 2","7:50 PM on Fri, Oct 2",,False,False,,typical,,1228.0
google_flights,2026-08-29,Sat,2026-09-21,Mon,22,BRU,LIM,1126.0,100,0,1226.0,€1126,KLM,Amsterdam (AMS),965,16h05,1,"6:20 AM on Sat, Aug 29","3:25 PM on Sat, Aug 29",,True,False,,typical,,1228.5
google_flights,2026-09-04,Fri,2026-09-26,Sat,21,BRU,LIM,1091.0,100,0,1191.0,€1091,United,Houston (IAH) / Newark (EWR),1035,17h15,1,"11:10 AM on Fri, Sep 4","9:25 PM on Fri, Sep 4",,True,False,,high,,1228.5
google_flights,2026-09-24,Thu,2026-10-17,Sat,22,BRU,LIM,1091.0,100,0,1191.0,€1091,United,Houston (IAH) / Newark (EWR),1035,17h15,1,"11:10 AM on Thu, Sep 24","9:25 PM on Thu, Sep 24",,True,False,,high,,1228.5
google_flights,2026-09-24,Thu,2026-10-18,Sun,23,BRU,LIM,1091.0,100,0,1191.0,€1091,United,Houston (IAH) / Newark (EWR),1035,17h15,1,"11:10 AM on Thu, Sep 24","9:25 PM on Thu, Sep 24",,False,False,,typical,,1228.5
google_flights,2026-09-25,Fri,2026-10-17,Sat,21,BRU,LIM,1091.0,100,0,1191.0,€1091,United,Houston (IAH) / Newark (EWR),1035,17h15,1,"11:10 AM on Fri, Sep 25","9:25 PM on Fri, Sep 25",,True,False,,high,,1228.5
google_flights,2026-10-01,Thu,2026-10-26,Mon,24,BRU,LIM,1091.0,100,0,1191.0,€1091,United,Houston (IAH) / Newark (EWR),1035,17h15,1,"11:10 AM on Thu, Oct 1","9:25 PM on Thu, Oct 1",,True,False,,typical,,1228.5
google_flights,2026-10-16,Fri,2026-11-09,Mon,23,BRU,LIM,1117.0,100,0,1217.0,€1117,"Vueling, Iberia",Barcelone (BCN) → Madrid (MAD),985,16h25,1,"10:25 AM on Fri, Oct 16","7:50 PM on Fri, Oct 16",,True,False,,typical,,1229.5
google_flights,2026-08-27,Thu,2026-09-19,Sat,22,ORY,LIM,1160.0,70,0,1230.0,€1160,Air Europa,Madrid (MAD),960,16h,1,"7:25 PM on Thu, Aug 27","4:25 AM on Fri, Aug 28",+1,True,False,,typical,,1230.0
google_flights,2026-08-28,Fri,2026-09-19,Sat,21,ORY,LIM,1160.0,70,0,1230.0,€1160,Air Europa,Madrid (MAD),960,16h,1,"7:25 PM on Fri, Aug 28","4:25 AM on Sat, Aug 29",+1,True,False,,typical,,1230.0
google_flights,2026-10-29,Thu,2026-11-21,Sat,22,BRU,LIM,1120.0,100,0,1220.0,€1120,Iberia,Madrid (MAD),980,16h20,1,"7:45 PM on Thu, Oct 29","6:05 AM on Fri, Oct 30",+1,False,False,,typical,,1230.0
google_flights,2026-09-24,Thu,2026-10-18,Sun,23,ORY,LIM,1143.0,70,0,1213.0,€1143,"Iberia, LATAM",Madrid (MAD) → Madrid (MAD) / São Paulo (GRU),995,16h35,1,"8:55 PM on Thu, Sep 24","6:30 AM on Fri, Sep 25",+1,False,False,,low,,1230.5
google_flights,2026-10-22,Thu,2026-11-15,Sun,23,CDG,LIM,1091.0,60,0,1151.0,€1091,United,Houston (IAH) / Newark (EWR),1120,18h40,1,"9:45 AM on Thu, Oct 22","9:25 PM on Thu, Oct 22",,True,False,,typical,,1231.0
google_flights,2026-10-31,Sat,2026-11-22,Sun,21,AMS,LIM,1076.0,150,0,1226.0,€1076,Iberia,Madrid (MAD),970,16h10,1,"7:55 PM on Sat, Oct 31","6:05 AM on Sun, Nov 1",+1,True,False,,typical,,1231.0
google_flights,2026-10-31,Sat,2026-11-23,Mon,22,AMS,LIM,1076.0,150,0,1226.0,€1076,Iberia,Madrid (MAD),970,16h10,1,"7:55 PM on Sat, Oct 31","6:05 AM on Sun, Nov 1",+1,True,False,,typical,,1231.0
google_flights,2026-08-15,Sat,2026-09-07,Mon,22,AMS,LIM,899.0,150,0,1049.0,€899,Air Transat,Montréal (YUL),1325,22h05,1,"2:55 PM on Sat, Aug 15","6:00 AM on Sun, Aug 16",+1,True,False,,typical,,1231.5
google_flights,2026-08-22,Sat,2026-09-13,Sun,21,AMS,LIM,899.0,150,0,1049.0,€899,Air Transat,Montréal (YUL),1325,22h05,1,"2:55 PM on Sat, Aug 22","6:00 AM on Sun, Aug 23",+1,True,False,,typical,,1231.5
google_flights,2026-09-10,Thu,2026-10-04,Sun,23,ORY,LIM,1162.0,70,0,1232.0,€1162,Air Europa,Madrid (MAD),960,16h,1,"7:25 PM on Thu, Sep 10","4:25 AM on Fri, Sep 11",+1,True,False,,typical,,1232.0
google_flights,2026-09-24,Thu,2026-10-19,Mon,24,ORY,LIM,1162.0,70,0,1232.0,€1162,Air Europa,Madrid (MAD),960,16h,1,"7:25 PM on Thu, Sep 24","4:25 AM on Fri, Sep 25",+1,True,False,,typical,,1232.0
google_flights,2026-09-26,Sat,2026-10-19,Mon,22,ORY,LIM,1162.0,70,0,1232.0,€1162,Air Europa,Madrid (MAD),960,16h,1,"7:25 PM on Sat, Sep 26","4:25 AM on Sun, Sep 27",+1,True,False,,typical,,1232.0
google_flights,2026-10-09,Fri,2026-11-02,Mon,23,CDG,LIM,1172.0,60,0,1232.0,€1172,Iberia,Madrid (MAD),935,15h35,1,"8:55 PM on Fri, Oct 9","5:30 AM on Sat, Oct 10",+1,True,False,,typical,,1232.0
google_flights,2026-10-15,Thu,2026-11-08,Sun,23,BRU,LIM,1037.0,100,0,1137.0,€1037,Delta,Atlanta (ATL) / NYC (JFK),1150,19h10,1,"9:45 AM on Thu, Oct 15","9:55 PM on Thu, Oct 15",,True,False,,typical,,1232.0
google_flights,2026-10-02,Fri,2026-10-25,Sun,22,BRU,LIM,1095.0,100,0,1195.0,€1095,United,Houston (IAH) / Newark (EWR),1035,17h15,1,"11:10 AM on Fri, Oct 2","9:25 PM on Fri, Oct 2",,False,False,,typical,,1232.5
google_flights,2026-10-02,Fri,2026-10-24,Sat,21,BRU,LIM,1039.0,100,0,1139.0,€1039,Delta,Atlanta (ATL) / NYC (JFK),1150,19h10,1,"9:45 AM on Fri, Oct 2","9:55 PM on Fri, Oct 2",,True,False,,typical,,1234.0
google_flights,2026-10-03,Sat,2026-10-24,Sat,20,BRU,LIM,1039.0,100,0,1139.0,€1039,Delta,Atlanta (ATL) / NYC (JFK),1150,19h10,1,"9:45 AM on Sat, Oct 3","9:55 PM on Sat, Oct 3",,True,False,,typical,,1234.0
google_flights,2026-10-29,Thu,2026-11-21,Sat,22,AMS,LIM,1059.0,150,0,1209.0,€1059,Air Europa,Madrid (MAD),1010,16h50,1,"7:00 PM on Thu, Oct 29","5:50 AM on Fri, Oct 30",+1,True,False,,typical,,1234.0
google_flights,2026-10-29,Thu,2026-11-22,Sun,23,AMS,LIM,1059.0,150,0,1209.0,€1059,Air Europa,Madrid (MAD),1010,16h50,1,"7:00 PM on Thu, Oct 29","5:50 AM on Fri, Oct 30",+1,True,False,,typical,,1234.0
google_flights,2026-10-29,Thu,2026-11-23,Mon,24,AMS,LIM,1059.0,150,0,1209.0,€1059,Air Europa,Madrid (MAD),1010,16h50,1,"7:00 PM on Thu, Oct 29","5:50 AM on Fri, Oct 30",+1,True,False,,typical,,1234.0
google_flights,2026-10-30,Fri,2026-11-21,Sat,21,AMS,LIM,1059.0,150,0,1209.0,€1059,Air Europa,Madrid (MAD),1010,16h50,1,"7:00 PM on Fri, Oct 30","5:50 AM on Sat, Oct 31",+1,True,False,,typical,,1234.0
google_flights,2026-10-30,Fri,2026-11-22,Sun,22,AMS,LIM,1059.0,150,0,1209.0,€1059,Air Europa,Madrid (MAD),1010,16h50,1,"7:00 PM on Fri, Oct 30","5:50 AM on Sat, Oct 31",+1,True,False,,typical,,1234.0
google_flights,2026-10-30,Fri,2026-11-23,Mon,23,AMS,LIM,1059.0,150,0,1209.0,€1059,Air Europa,Madrid (MAD),1010,16h50,1,"7:00 PM on Fri, Oct 30","5:50 AM on Sat, Oct 31",+1,True,False,,typical,,1234.0
google_flights,2026-09-24,Thu,2026-10-17,Sat,22,CDG,LIM,1092.0,60,0,1152.0,€1092,LATAM,Madrid (MAD) / São Paulo (GRU),1125,18h45,1,"1:00 PM on Thu, Sep 24","12:45 AM on Fri, Sep 25",+1,True,False,,high,,1234.5
google_flights,2026-09-10,Thu,2026-10-03,Sat,22,CDG,LIM,1095.0,60,0,1155.0,€1095,United,Houston (IAH) / Newark (EWR),1120,18h40,1,"9:45 AM on Thu, Sep 10","9:25 PM on Thu, Sep 10",,True,False,,high,,1235.0
google_flights,2026-09-11,Fri,2026-10-03,Sat,21,CDG,LIM,1095.0,60,0,1155.0,€1095,United,Houston (IAH) / Newark (EWR),1120,18h40,1,"9:45 AM on Fri, Sep 11","9:25 PM on Fri, Sep 11",,False,False,,high,,1235.0
google_flights,2026-10-15,Thu,2026-11-07,Sat,22,AMS,LIM,996.0,150,0,1146.0,€996,United,Houston (IAH) / Newark (EWR),1140,19h,1,"11:00 AM on Thu, Oct 15","11:00 PM on Thu, Oct 15",,True,False,,typical,,1236.0
google_flights,2026-10-15,Thu,2026-11-08,Sun,23,AMS,LIM,996.0,150,0,1146.0,€996,United,Houston (IAH) / Newark (EWR),1140,19h,1,"11:00 AM on Thu, Oct 15","11:00 PM on Thu, Oct 15",,True,False,,typical,,1236.0
google_flights,2026-10-15,Thu,2026-11-09,Mon,24,AMS,LIM,996.0,150,0,1146.0,€996,United,Houston (IAH) / Newark (EWR),1140,19h,1,"11:00 AM on Thu, Oct 15","11:00 PM on Thu, Oct 15",,True,False,,typical,,1236.0
google_flights,2026-10-22,Thu,2026-11-14,Sat,22,AMS,LIM,996.0,150,0,1146.0,€996,United,Houston (IAH) / Newark (EWR),1140,19h,1,"11:00 AM on Thu, Oct 22","11:00 PM on Thu, Oct 22",,True,False,,typical,,1236.0
google_flights,2026-10-22,Thu,2026-11-16,Mon,24,AMS,LIM,996.0,150,0,1146.0,€996,United,Houston (IAH) / Newark (EWR),1140,19h,1,"11:00 AM on Thu, Oct 22","11:00 PM on Thu, Oct 22",,True,False,,typical,,1236.0
google_flights,2026-07-04,Sat,2026-07-26,Sun,21,AMS,LIM,904.0,150,0,1054.0,€904,Air Transat,Montréal (YUL),1325,22h05,1,"2:55 PM on Sat, Jul 4","6:00 AM on Sun, Jul 5",+1,True,False,,low,,1236.5
google_flights,2026-09-25,Fri,2026-10-17,Sat,21,ORY,LIM,1100.0,70,0,1170.0,€1100,Air Europa,Madrid (MAD),1095,18h15,1,"5:10 PM on Fri, Sep 25","4:25 AM on Sat, Sep 26",+1,True,False,,typical,,1237.5
google_flights,2026-10-31,Sat,2026-11-21,Sat,20,BRU,LIM,1128.0,100,0,1228.0,€1128,Iberia,Madrid (MAD),980,16h20,1,"7:45 PM on Sat, Oct 31","6:05 AM on Sun, Nov 1",+1,True,False,,typical,,1238.0
google_flights,2026-10-15,Thu,2026-11-08,Sun,23,CDG,LIM,1099.0,60,0,1159.0,€1099,United,Houston (IAH) / Newark (EWR),1120,18h40,1,"9:45 AM on Thu, Oct 15","9:25 PM on Thu, Oct 15",,True,False,,typical,,1239.0
google_flights,2026-10-15,Thu,2026-11-08,Sun,23,ORY,LIM,1170.0,70,0,1240.0,€1170,Iberia,Madrid (MAD),935,15h35,1,"8:55 PM on Thu, Oct 15","5:30 AM on Fri, Oct 16",+1,True,False,,typical,,1240.0
google_flights,2026-10-15,Thu,2026-11-09,Mon,24,CDG,LIM,1105.0,60,0,1165.0,€1105,Iberia,Madrid (MAD),1110,18h30,1,"6:50 AM on Thu, Oct 15","6:20 PM on Thu, Oct 15",,True,False,,typical,,1240.0
google_flights,2026-10-30,Fri,2026-11-21,Sat,21,AMS,LIM,996.0,150,0,1146.0,€996,United,Houston (IAH) / Newark (EWR),1150,19h10,1,"9:15 AM on Fri, Oct 30","10:25 PM on Fri, Oct 30",,True,False,,typical,,1241.0
google_flights,2026-10-30,Fri,2026-11-23,Mon,23,AMS,LIM,996.0,150,0,1146.0,€996,United,Houston (IAH) / Newark (EWR),1150,19h10,1,"9:15 AM on Fri, Oct 30","10:25 PM on Fri, Oct 30",,True,False,,typical,,1241.0
google_flights,2026-10-31,Sat,2026-11-21,Sat,20,AMS,LIM,996.0,150,0,1146.0,€996,United,Houston (IAH) / Newark (EWR),1150,19h10,1,"9:15 AM on Sat, Oct 31","10:25 PM on Sat, Oct 31",,True,False,,typical,,1241.0
google_flights,2026-08-21,Fri,2026-09-13,Sun,22,CDG,LIM,1182.0,60,0,1242.0,€1182,"Air France, KLM",Paris (CDG) → Amsterdam (AMS),915,15h15,1,"7:10 AM on Fri, Aug 21","3:25 PM on Fri, Aug 21",,True,False,,typical,,1242.0
google_flights,2026-08-21,Fri,2026-09-14,Mon,23,CDG,LIM,1182.0,60,0,1242.0,€1182,"Air France, KLM",Paris (CDG) → Amsterdam (AMS),915,15h15,1,"7:10 AM on Fri, Aug 21","3:25 PM on Fri, Aug 21",,True,False,,typical,,1242.0
google_flights,2026-08-27,Thu,2026-09-19,Sat,22,CDG,LIM,1182.0,60,0,1242.0,€1182,"Air France, KLM",Paris (CDG) → Amsterdam (AMS),915,15h15,1,"7:10 AM on Thu, Aug 27","3:25 PM on Thu, Aug 27",,True,False,,typical,,1242.0
google_flights,2026-08-27,Thu,2026-09-20,Sun,23,CDG,LIM,1182.0,60,0,1242.0,€1182,"Air France, KLM",Paris (CDG) → Amsterdam (AMS),915,15h15,1,"7:10 AM on Thu, Aug 27","3:25 PM on Thu, Aug 27",,True,False,,typical,,1242.0
google_flights,2026-08-27,Thu,2026-09-21,Mon,24,CDG,LIM,1182.0,60,0,1242.0,€1182,"Air France, KLM",Paris (CDG) → Amsterdam (AMS),915,15h15,1,"7:10 AM on Thu, Aug 27","3:25 PM on Thu, Aug 27",,True,False,,typical,,1242.0
google_flights,2026-09-17,Thu,2026-10-12,Mon,24,BRU,LIM,1127.0,100,0,1227.0,€1127,Air Europa,Madrid (MAD),990,16h30,1,"6:55 PM on Thu, Sep 17","4:25 AM on Fri, Sep 18",+1,True,False,,high,,1242.0
google_flights,2026-10-01,Thu,2026-10-25,Sun,23,CDG,LIM,1100.0,60,0,1160.0,€1100,LATAM,Madrid (MAD) / São Paulo (GRU),1125,18h45,1,"1:00 PM on Thu, Oct 1","12:45 AM on Fri, Oct 2",+1,True,False,,typical,,1242.5
google_flights,2026-09-03,Thu,2026-09-27,Sun,23,AMS,LIM,996.0,150,0,1146.0,€996,United,Houston (IAH) / Newark (EWR),1155,19h15,1,"9:10 AM on Thu, Sep 3","9:25 PM on Thu, Sep 3",,True,False,,high,,1243.5
google_flights,2026-09-03,Thu,2026-09-28,Mon,24,AMS,LIM,996.0,150,0,1146.0,€996,United,Houston (IAH) / Newark (EWR),1155,19h15,1,"9:10 AM on Thu, Sep 3","9:25 PM on Thu, Sep 3",,True,False,,high,,1243.5
google_flights,2026-09-04,Fri,2026-09-27,Sun,22,AMS,LIM,996.0,150,0,1146.0,€996,United,Houston (IAH) / Newark (EWR),1155,19h15,1,"9:10 AM on Fri, Sep 4","9:25 PM on Fri, Sep 4",,True,False,,high,,1243.5
google_flights,2026-09-04,Fri,2026-09-28,Mon,23,AMS,LIM,996.0,150,0,1146.0,€996,United,Houston (IAH) / Newark (EWR),1155,19h15,1,"9:10 AM on Fri, Sep 4","9:25 PM on Fri, Sep 4",,True,False,,high,,1243.5
google_flights,2026-09-10,Thu,2026-10-04,Sun,23,AMS,LIM,996.0,150,0,1146.0,€996,United,Houston (IAH) / Newark (EWR),1155,19h15,1,"9:10 AM on Thu, Sep 10","9:25 PM on Thu, Sep 10",,True,False,,high,,1243.5
google_flights,2026-09-10,Thu,2026-10-05,Mon,24,AMS,LIM,996.0,150,0,1146.0,€996,United,Houston (IAH) / Newark (EWR),1155,19h15,1,"9:10 AM on Thu, Sep 10","9:25 PM on Thu, Sep 10",,True,False,,high,,1243.5
google_flights,2026-09-12,Sat,2026-10-04,Sun,21,AMS,LIM,996.0,150,0,1146.0,€996,United,Houston (IAH) / Newark (EWR),1155,19h15,1,"9:10 AM on Sat, Sep 12","9:25 PM on Sat, Sep 12",,True,False,,typical,,1243.5
google_flights,2026-09-12,Sat,2026-10-05,Mon,22,AMS,LIM,996.0,150,0,1146.0,€996,United,Houston (IAH) / Newark (EWR),1155,19h15,1,"9:10 AM on Sat, Sep 12","9:25 PM on Sat, Sep 12",,True,False,,high,,1243.5
google_flights,2026-09-17,Thu,2026-10-10,Sat,22,AMS,LIM,996.0,150,0,1146.0,€996,United,Houston (IAH) / Newark (EWR),1155,19h15,1,"9:10 AM on Thu, Sep 17","9:25 PM on Thu, Sep 17",,True,False,,high,,1243.5
google_flights,2026-09-17,Thu,2026-10-11,Sun,23,AMS,LIM,996.0,150,0,1146.0,€996,United,Houston (IAH) / Newark (EWR),1155,19h15,1,"9:10 AM on Thu, Sep 17","9:25 PM on Thu, Sep 17",,True,False,,high,,1243.5
google_flights,2026-09-17,Thu,2026-10-12,Mon,24,AMS,LIM,996.0,150,0,1146.0,€996,United,Houston (IAH) / Newark (EWR),1155,19h15,1,"9:10 AM on Thu, Sep 17","9:25 PM on Thu, Sep 17",,True,False,,high,,1243.5
google_flights,2026-09-24,Thu,2026-10-17,Sat,22,AMS,LIM,996.0,150,0,1146.0,€996,United,Houston (IAH) / Newark (EWR),1155,19h15,1,"9:10 AM on Thu, Sep 24","9:25 PM on Thu, Sep 24",,True,False,,high,,1243.5
google_flights,2026-09-24,Thu,2026-10-18,Sun,23,AMS,LIM,996.0,150,0,1146.0,€996,United,Houston (IAH) / Newark (EWR),1155,19h15,1,"9:10 AM on Thu, Sep 24","9:25 PM on Thu, Sep 24",,True,False,,high,,1243.5
google_flights,2026-09-24,Thu,2026-10-19,Mon,24,AMS,LIM,996.0,150,0,1146.0,€996,United,Houston (IAH) / Newark (EWR),1155,19h15,1,"9:10 AM on Thu, Sep 24","9:25 PM on Thu, Sep 24",,True,False,,high,,1243.5
google_flights,2026-10-08,Thu,2026-11-01,Sun,23,AMS,LIM,996.0,150,0,1146.0,€996,United,Houston (IAH) / Newark (EWR),1155,19h15,1,"9:10 AM on Thu, Oct 8","9:25 PM on Thu, Oct 8",,True,False,,typical,,1243.5
google_flights,2026-10-08,Thu,2026-11-02,Mon,24,AMS,LIM,996.0,150,0,1146.0,€996,United,Houston (IAH) / Newark (EWR),1155,19h15,1,"9:10 AM on Thu, Oct 8","9:25 PM on Thu, Oct 8",,True,False,,typical,,1243.5
google_flights,2026-09-03,Thu,2026-09-26,Sat,22,BRU,LIM,1049.0,100,0,1149.0,€1049,Delta,Atlanta (ATL) / NYC (JFK),1150,19h10,1,"9:45 AM on Thu, Sep 3","9:55 PM on Thu, Sep 3",,True,False,,high,,1244.0
google_flights,2026-10-24,Sat,2026-11-15,Sun,21,BRU,LIM,1050.0,100,0,1150.0,€1050,Delta,Atlanta (ATL) / NYC (JFK),1150,19h10,1,"9:45 AM on Sat, Oct 24","9:55 PM on Sat, Oct 24",,True,False,,typical,,1245.0
google_flights,2026-09-24,Thu,2026-10-19,Mon,24,ORY,LIM,1176.0,70,0,1246.0,€1176,Iberia,Madrid (MAD),910,15h10,1,"10:10 AM on Thu, Sep 24","6:20 PM on Thu, Sep 24",,False,False,,typical,,1246.0
google_flights,2026-10-10,Sat,2026-11-02,Mon,22,BRU,LIM,1051.0,100,0,1151.0,€1051,Delta,Atlanta (ATL) / NYC (JFK),1150,19h10,1,"9:45 AM on Sat, Oct 10","9:55 PM on Sat, Oct 10",,True,False,,typical,,1246.0
google_flights,2026-10-16,Fri,2026-11-09,Mon,23,BRU,LIM,1131.0,100,0,1231.0,€1131,Air Europa,Madrid (MAD),990,16h30,1,"6:55 PM on Fri, Oct 16","4:25 AM on Sat, Oct 17",+1,True,False,,typical,,1246.0
google_flights,2026-10-17,Sat,2026-11-09,Mon,22,BRU,LIM,1131.0,100,0,1231.0,€1131,Air Europa,Madrid (MAD),990,16h30,1,"6:55 PM on Sat, Oct 17","4:25 AM on Sun, Oct 18",+1,True,False,,typical,,1246.0
google_flights,2026-10-16,Fri,2026-11-07,Sat,21,CDG,LIM,1168.0,60,0,1228.0,€1168,"Vueling, Iberia",Barcelone (BCN) → Madrid (MAD),1000,16h40,1,"10:10 AM on Fri, Oct 16","7:50 PM on Fri, Oct 16",,True,False,,typical,,1248.0
google_flights,2026-09-12,Sat,2026-10-05,Mon,22,AMS,LIM,1021.0,150,0,1171.0,€1021,LATAM,Madrid (MAD) / São Paulo (GRU),1115,18h35,1,"1:10 PM on Sat, Sep 12","12:45 AM on Sun, Sep 13",+1,True,False,,high,,1248.5
google_flights,2026-09-03,Thu,2026-09-27,Sun,23,BRU,LIM,1134.0,100,0,1234.0,€1134,Air Europa,Madrid (MAD),990,16h30,1,"6:55 PM on Thu, Sep 3","4:25 AM on Fri, Sep 4",+1,True,False,,high,,1249.0
google_flights,2026-09-05,Sat,2026-09-27,Sun,21,BRU,LIM,1134.0,100,0,1234.0,€1134,Air Europa,Madrid (MAD),990,16h30,1,"6:55 PM on Sat, Sep 5","4:25 AM on Sun, Sep 6",+1,True,False,,high,,1249.0
google_flights,2026-09-10,Thu,2026-10-03,Sat,22,BRU,LIM,1134.0,100,0,1234.0,€1134,Air Europa,Madrid (MAD),990,16h30,1,"6:55 PM on Thu, Sep 10","4:25 AM on Fri, Sep 11",+1,True,False,,high,,1249.0
google_flights,2026-10-16,Fri,2026-11-07,Sat,21,ORY,LIM,1112.0,70,0,1182.0,€1112,Air Europa,Madrid (MAD),1095,18h15,1,"5:10 PM on Fri, Oct 16","4:25 AM on Sat, Oct 17",+1,True,False,,typical,,1249.5
google_flights,2026-09-25,Fri,2026-10-17,Sat,21,ORY,LIM,1180.0,70,0,1250.0,€1180,Air Europa,Madrid (MAD),960,16h,1,"7:25 PM on Fri, Sep 25","4:25 AM on Sat, Sep 26",+1,False,False,,typical,,1250.0
google_flights,2026-10-10,Sat,2026-11-01,Sun,21,AMS,LIM,1089.0,150,0,1239.0,€1089,Air Europa,Madrid (MAD),985,16h25,1,"7:00 PM on Sat, Oct 10","4:25 AM on Sun, Oct 11",+1,True,False,,typical,,1251.5
google_flights,2026-10-10,Sat,2026-11-02,Mon,22,AMS,LIM,1089.0,150,0,1239.0,€1089,Air Europa,Madrid (MAD),985,16h25,1,"7:00 PM on Sat, Oct 10","4:25 AM on Sun, Oct 11",+1,True,False,,typical,,1251.5
google_flights,2026-10-08,Thu,2026-11-01,Sun,23,ORY,LIM,1182.0,70,0,1252.0,€1182,Iberia,Madrid (MAD),935,15h35,1,"8:55 PM on Thu, Oct 8","5:30 AM on Fri, Oct 9",+1,True,False,,typical,,1252.0
google_flights,2026-10-09,Fri,2026-10-31,Sat,21,ORY,LIM,1182.0,70,0,1252.0,€1182,Air Europa,Madrid (MAD),960,16h,1,"7:25 PM on Fri, Oct 9","4:25 AM on Sat, Oct 10",+1,True,False,,typical,,1252.0
google_flights,2026-10-15,Thu,2026-11-07,Sat,22,ORY,LIM,1182.0,70,0,1252.0,€1182,Iberia,Madrid (MAD),935,15h35,1,"8:55 PM on Thu, Oct 15","5:30 AM on Fri, Oct 16",+1,False,False,,typical,,1252.0
google_flights,2026-09-03,Thu,2026-09-26,Sat,22,BRU,LIM,1115.0,100,0,1215.0,€1115,United,Houston (IAH) / Newark (EWR),1035,17h15,1,"11:10 AM on Thu, Sep 3","9:25 PM on Thu, Sep 3",,True,False,,high,,1252.5
google_flights,2026-09-12,Sat,2026-10-05,Mon,22,BRU,LIM,1115.0,100,0,1215.0,€1115,United,Houston (IAH) / Newark (EWR),1035,17h15,1,"11:10 AM on Sat, Sep 12","9:25 PM on Sat, Sep 12",,True,False,,typical,,1252.5
google_flights,2026-09-25,Fri,2026-10-19,Mon,23,CDG,LIM,1173.0,60,0,1233.0,€1173,"Vueling, Iberia",Barcelone (BCN) → Madrid (MAD),1000,16h40,1,"10:10 AM on Fri, Sep 25","7:50 PM on Fri, Sep 25",,True,False,,high,,1253.0
google_flights,2026-08-15,Sat,2026-09-06,Sun,21,AMS,LIM,924.0,150,0,1074.0,€924,Air Transat,Montréal (YUL),1325,22h05,1,"2:55 PM on Sat, Aug 15","6:00 AM on Sun, Aug 16",+1,True,False,,typical,,1256.5
google_flights,2026-10-10,Sat,2026-11-01,Sun,21,BRU,LIM,1142.0,100,0,1242.0,€1142,Air Europa,Madrid (MAD),990,16h30,1,"6:55 PM on Sat, Oct 10","4:25 AM on Sun, Oct 11",+1,True,False,,typical,,1257.0
google_flights,2026-10-10,Sat,2026-11-02,Mon,22,BRU,LIM,1142.0,100,0,1242.0,€1142,Air Europa,Madrid (MAD),990,16h30,1,"6:55 PM on Sat, Oct 10","4:25 AM on Sun, Oct 11",+1,True,False,,typical,,1257.0
google_flights,2026-10-24,Sat,2026-11-16,Mon,22,BRU,LIM,1064.0,100,0,1164.0,€1064,Delta,Atlanta (ATL) / NYC (JFK),1150,19h10,1,"9:45 AM on Sat, Oct 24","9:55 PM on Sat, Oct 24",,True,False,,typical,,1259.0
google_flights,2026-08-29,Sat,2026-09-19,Sat,20,ORY,LIM,1190.0,70,0,1260.0,€1190,Air Europa,Madrid (MAD),960,16h,1,"7:25 PM on Sat, Aug 29","4:25 AM on Sun, Aug 30",+1,True,False,,typical,,1260.0
google_flights,2026-09-03,Thu,2026-09-26,Sat,22,ORY,LIM,1190.0,70,0,1260.0,€1190,Air Europa,Madrid (MAD),960,16h,1,"7:25 PM on Thu, Sep 3","4:25 AM on Fri, Sep 4",+1,True,False,,typical,,1260.0
google_flights,2026-09-04,Fri,2026-09-26,Sat,21,ORY,LIM,1190.0,70,0,1260.0,€1190,Air Europa,Madrid (MAD),960,16h,1,"7:25 PM on Fri, Sep 4","4:25 AM on Sat, Sep 5",+1,True,False,,typical,,1260.0
google_flights,2026-09-05,Sat,2026-09-26,Sat,20,ORY,LIM,1190.0,70,0,1260.0,€1190,Air Europa,Madrid (MAD),960,16h,1,"7:25 PM on Sat, Sep 5","4:25 AM on Sun, Sep 6",+1,True,False,,typical,,1260.0
google_flights,2026-09-10,Thu,2026-10-04,Sun,23,AMS,LIM,1021.0,150,0,1171.0,€1021,United,Houston (IAH) / Newark (EWR),1140,19h,1,"11:00 AM on Thu, Sep 10","11:00 PM on Thu, Sep 10",,False,False,,high,,1261.0
google_flights,2026-09-10,Thu,2026-10-05,Mon,24,AMS,LIM,1021.0,150,0,1171.0,€1021,United,Houston (IAH) / Newark (EWR),1140,19h,1,"11:00 AM on Thu, Sep 10","11:00 PM on Thu, Sep 10",,False,False,,high,,1261.0
google_flights,2026-09-11,Fri,2026-10-03,Sat,21,AMS,LIM,1021.0,150,0,1171.0,€1021,United,Houston (IAH) / Newark (EWR),1140,19h,1,"11:00 AM on Fri, Sep 11","11:00 PM on Fri, Sep 11",,True,False,,high,,1261.0
google_flights,2026-09-24,Thu,2026-10-17,Sat,22,AMS,LIM,1021.0,150,0,1171.0,€1021,United,Houston (IAH) / Newark (EWR),1140,19h,1,"11:00 AM on Thu, Sep 24","11:00 PM on Thu, Sep 24",,True,False,,high,,1261.0
google_flights,2026-09-24,Thu,2026-10-18,Sun,23,AMS,LIM,1021.0,150,0,1171.0,€1021,United,Houston (IAH) / Newark (EWR),1140,19h,1,"11:00 AM on Thu, Sep 24","11:00 PM on Thu, Sep 24",,True,False,,high,,1261.0
google_flights,2026-09-24,Thu,2026-10-19,Mon,24,AMS,LIM,1021.0,150,0,1171.0,€1021,United,Houston (IAH) / Newark (EWR),1140,19h,1,"11:00 AM on Thu, Sep 24","11:00 PM on Thu, Sep 24",,False,False,,high,,1261.0
google_flights,2026-09-25,Fri,2026-10-19,Mon,23,AMS,LIM,1021.0,150,0,1171.0,€1021,LATAM,Madrid (MAD) / São Paulo (GRU),1140,19h,1,"1:10 PM on Fri, Sep 25","1:10 AM on Sat, Sep 26",+1,True,False,,high,,1261.0
google_flights,2026-10-01,Thu,2026-10-24,Sat,22,AMS,LIM,1021.0,150,0,1171.0,€1021,United,Houston (IAH) / Newark (EWR),1140,19h,1,"11:00 AM on Thu, Oct 1","11:00 PM on Thu, Oct 1",,True,False,,typical,,1261.0
google_flights,2026-10-01,Thu,2026-10-26,Mon,24,AMS,LIM,1021.0,150,0,1171.0,€1021,United,Houston (IAH) / Newark (EWR),1140,19h,1,"11:00 AM on Thu, Oct 1","11:00 PM on Thu, Oct 1",,True,False,,typical,,1261.0
google_flights,2026-10-29,Thu,2026-11-23,Mon,24,AMS,LIM,1106.0,150,0,1256.0,€1106,Iberia,Madrid (MAD),970,16h10,1,"7:55 PM on Thu, Oct 29","6:05 AM on Fri, Oct 30",+1,False,False,,typical,,1261.0
google_flights,2026-10-30,Fri,2026-11-22,Sun,22,AMS,LIM,1106.0,150,0,1256.0,€1106,Iberia,Madrid (MAD),970,16h10,1,"7:55 PM on Fri, Oct 30","6:05 AM on Sat, Oct 31",+1,False,False,,typical,,1261.0
google_flights,2026-08-20,Thu,2026-09-13,Sun,23,ORY,LIM,1192.0,70,0,1262.0,€1192,Air Europa,Madrid (MAD),960,16h,1,"7:25 PM on Thu, Aug 20","4:25 AM on Fri, Aug 21",+1,True,False,,typical,,1262.0
google_flights,2026-08-20,Thu,2026-09-14,Mon,24,ORY,LIM,1192.0,70,0,1262.0,€1192,Air Europa,Madrid (MAD),960,16h,1,"7:25 PM on Thu, Aug 20","4:25 AM on Fri, Aug 21",+1,True,False,,typical,,1262.0
google_flights,2026-08-21,Fri,2026-09-13,Sun,22,ORY,LIM,1192.0,70,0,1262.0,€1192,Air Europa,Madrid (MAD),960,16h,1,"7:25 PM on Fri, Aug 21","4:25 AM on Sat, Aug 22",+1,True,False,,typical,,1262.0
google_flights,2026-08-21,Fri,2026-09-14,Mon,23,ORY,LIM,1192.0,70,0,1262.0,€1192,Air Europa,Madrid (MAD),960,16h,1,"7:25 PM on Fri, Aug 21","4:25 AM on Sat, Aug 22",+1,True,False,,low,,1262.0
google_flights,2026-08-27,Thu,2026-09-20,Sun,23,ORY,LIM,1192.0,70,0,1262.0,€1192,Air Europa,Madrid (MAD),960,16h,1,"7:25 PM on Thu, Aug 27","4:25 AM on Fri, Aug 28",+1,True,False,,typical,,1262.0
google_flights,2026-08-27,Thu,2026-09-21,Mon,24,ORY,LIM,1192.0,70,0,1262.0,€1192,Air Europa,Madrid (MAD),960,16h,1,"7:25 PM on Thu, Aug 27","4:25 AM on Fri, Aug 28",+1,True,False,,typical,,1262.0
google_flights,2026-08-28,Fri,2026-09-19,Sat,21,CDG,LIM,1202.0,60,0,1262.0,€1202,"Air France, KLM",Paris (CDG) → Amsterdam (AMS),915,15h15,1,"7:10 AM on Fri, Aug 28","3:25 PM on Fri, Aug 28",,True,False,,typical,,1262.0
google_flights,2026-08-28,Fri,2026-09-20,Sun,22,ORY,LIM,1192.0,70,0,1262.0,€1192,Air Europa,Madrid (MAD),960,16h,1,"7:25 PM on Fri, Aug 28","4:25 AM on Sat, Aug 29",+1,True,False,,typical,,1262.0
google_flights,2026-08-28,Fri,2026-09-21,Mon,23,ORY,LIM,1192.0,70,0,1262.0,€1192,Air Europa,Madrid (MAD),960,16h,1,"7:25 PM on Fri, Aug 28","4:25 AM on Sat, Aug 29",+1,True,False,,typical,,1262.0
google_flights,2026-08-29,Sat,2026-09-21,Mon,22,ORY,LIM,1192.0,70,0,1262.0,€1192,Air Europa,Madrid (MAD),960,16h,1,"7:25 PM on Sat, Aug 29","4:25 AM on Sun, Aug 30",+1,True,False,,typical,,1262.0
google_flights,2026-09-11,Fri,2026-10-04,Sun,22,ORY,LIM,1192.0,70,0,1262.0,€1192,Air Europa,Madrid (MAD),960,16h,1,"7:25 PM on Fri, Sep 11","4:25 AM on Sat, Sep 12",+1,True,False,,typical,,1262.0
google_flights,2026-09-12,Sat,2026-10-04,Sun,21,ORY,LIM,1192.0,70,0,1262.0,€1192,Air Europa,Madrid (MAD),960,16h,1,"7:25 PM on Sat, Sep 12","4:25 AM on Sun, Sep 13",+1,True,False,,typical,,1262.0
google_flights,2026-09-26,Sat,2026-10-18,Sun,21,ORY,LIM,1192.0,70,0,1262.0,€1192,Air Europa,Madrid (MAD),960,16h,1,"7:25 PM on Sat, Sep 26","4:25 AM on Sun, Sep 27",+1,True,False,,typical,,1262.0
google_flights,2026-10-10,Sat,2026-11-01,Sun,21,ORY,LIM,1192.0,70,0,1262.0,€1192,Air Europa,Madrid (MAD),960,16h,1,"7:25 PM on Sat, Oct 10","4:25 AM on Sun, Oct 11",+1,True,False,,typical,,1262.0
google_flights,2026-10-10,Sat,2026-11-02,Mon,22,ORY,LIM,1192.0,70,0,1262.0,€1192,Air Europa,Madrid (MAD),960,16h,1,"7:25 PM on Sat, Oct 10","4:25 AM on Sun, Oct 11",+1,True,False,,typical,,1262.0
google_flights,2026-10-17,Sat,2026-11-07,Sat,20,ORY,LIM,1192.0,70,0,1262.0,€1192,Air Europa,Madrid (MAD),960,16h,1,"7:25 PM on Sat, Oct 17","4:25 AM on Sun, Oct 18",+1,True,False,,typical,,1262.0
google_flights,2026-10-17,Sat,2026-11-08,Sun,21,ORY,LIM,1192.0,70,0,1262.0,€1192,Air Europa,Madrid (MAD),960,16h,1,"7:25 PM on Sat, Oct 17","4:25 AM on Sun, Oct 18",+1,True,False,,typical,,1262.0
google_flights,2026-08-28,Fri,2026-09-19,Sat,21,BRU,LIM,1163.0,100,0,1263.0,€1163,KLM,Amsterdam (AMS),860,14h20,1,"8:05 AM on Fri, Aug 28","3:25 PM on Fri, Aug 28",,True,False,,typical,,1263.0
google_flights,2026-10-09,Fri,2026-10-31,Sat,21,CDG,LIM,1204.0,60,0,1264.0,€1204,Iberia,Madrid (MAD),935,15h35,1,"8:55 PM on Fri, Oct 9","5:30 AM on Sat, Oct 10",+1,True,False,,high,,1264.0
google_flights,2026-10-15,Thu,2026-11-08,Sun,23,CDG,LIM,1130.0,60,0,1190.0,€1130,Iberia,Madrid (MAD),1110,18h30,1,"6:50 AM on Thu, Oct 15","6:20 PM on Thu, Oct 15",,True,False,,typical,,1265.0
google_flights,2026-09-11,Fri,2026-10-03,Sat,21,AMS,LIM,1038.0,150,0,1188.0,€1038,LATAM,Madrid (MAD) / São Paulo (GRU),1115,18h35,1,"1:10 PM on Fri, Sep 11","12:45 AM on Sat, Sep 12",+1,True,False,,high,,1265.5
google_flights,2026-09-18,Fri,2026-10-11,Sun,22,BRU,LIM,1153.0,100,0,1253.0,€1153,"Vueling, LEVEL",Barcelone (BCN),985,16h25,1,"10:25 AM on Fri, Sep 18","7:50 PM on Fri, Sep 18",,True,False,,high,,1265.5
google_flights,2026-10-16,Fri,2026-11-08,Sun,22,BRU,LIM,1144.0,100,0,1244.0,€1144,Iberia,Madrid (MAD),1005,16h45,1,"7:45 PM on Fri, Oct 16","5:30 AM on Sat, Oct 17",+1,True,False,,typical,,1266.5
google_flights,2026-09-11,Fri,2026-10-04,Sun,22,BRU,LIM,1152.0,100,0,1252.0,€1152,Air Europa,Madrid (MAD),990,16h30,1,"6:55 PM on Fri, Sep 11","4:25 AM on Sat, Sep 12",+1,True,False,,high,,1267.0
google_flights,2026-09-25,Fri,2026-10-17,Sat,21,BRU,LIM,1152.0,100,0,1252.0,€1152,Air Europa,Madrid (MAD),990,16h30,1,"6:55 PM on Fri, Sep 25","4:25 AM on Sat, Sep 26",+1,True,False,,high,,1267.0
google_flights,2026-09-05,Sat,2026-09-28,Mon,22,CDG,LIM,1125.0,60,0,1185.0,€1125,LATAM,Madrid (MAD) / São Paulo (GRU),1125,18h45,1,"1:00 PM on Sat, Sep 5","12:45 AM on Sun, Sep 6",+1,True,False,,high,,1267.5
google_flights,2026-10-15,Thu,2026-11-07,Sat,22,BRU,LIM,1130.0,100,0,1230.0,€1130,United,Houston (IAH) / Newark (EWR),1035,17h15,1,"11:10 AM on Thu, Oct 15","9:25 PM on Thu, Oct 15",,True,False,,typical,,1267.5
google_flights,2026-09-10,Thu,2026-10-05,Mon,24,CDG,LIM,1128.0,60,0,1188.0,€1128,United,Houston (IAH) / Newark (EWR),1120,18h40,1,"9:45 AM on Thu, Sep 10","9:25 PM on Thu, Sep 10",,True,False,,high,,1268.0
google_flights,2026-09-10,Thu,2026-10-03,Sat,22,AMS,LIM,1021.0,150,0,1171.0,€1021,United,Houston (IAH) / Newark (EWR),1155,19h15,1,"9:10 AM on Thu, Sep 10","9:25 PM on Thu, Sep 10",,True,False,,high,,1268.5
google_flights,2026-09-12,Sat,2026-10-03,Sat,20,AMS,LIM,1021.0,150,0,1171.0,€1021,United,Houston (IAH) / Newark (EWR),1155,19h15,1,"9:10 AM on Sat, Sep 12","9:25 PM on Sat, Sep 12",,True,False,,high,,1268.5
google_flights,2026-09-19,Sat,2026-10-10,Sat,20,AMS,LIM,1021.0,150,0,1171.0,€1021,United,Houston (IAH) / Newark (EWR),1155,19h15,1,"9:10 AM on Sat, Sep 19","9:25 PM on Sat, Sep 19",,True,False,,high,,1268.5
google_flights,2026-09-19,Sat,2026-10-11,Sun,21,AMS,LIM,1021.0,150,0,1171.0,€1021,United,Houston (IAH) / Newark (EWR),1155,19h15,1,"9:10 AM on Sat, Sep 19","9:25 PM on Sat, Sep 19",,True,False,,typical,,1268.5
google_flights,2026-09-19,Sat,2026-10-12,Mon,22,AMS,LIM,1021.0,150,0,1171.0,€1021,United,Houston (IAH) / Newark (EWR),1155,19h15,1,"9:10 AM on Sat, Sep 19","9:25 PM on Sat, Sep 19",,True,False,,high,,1268.5
google_flights,2026-10-08,Thu,2026-10-31,Sat,22,AMS,LIM,1021.0,150,0,1171.0,€1021,United,Houston (IAH) / Newark (EWR),1155,19h15,1,"9:10 AM on Thu, Oct 8","9:25 PM on Thu, Oct 8",,True,False,,typical,,1268.5
google_flights,2026-09-04,Fri,2026-09-28,Mon,23,BRU,LIM,1074.0,100,0,1174.0,€1074,Delta,Atlanta (ATL) / NYC (JFK),1150,19h10,1,"9:45 AM on Fri, Sep 4","9:55 PM on Fri, Sep 4",,True,False,,high,,1269.0
google_flights,2026-09-05,Sat,2026-09-28,Mon,22,BRU,LIM,1074.0,100,0,1174.0,€1074,Delta,Atlanta (ATL) / NYC (JFK),1150,19h10,1,"9:45 AM on Sat, Sep 5","9:55 PM on Sat, Sep 5",,True,False,,high,,1269.0
google_flights,2026-09-25,Fri,2026-10-17,Sat,21,CDG,LIM,1209.0,60,0,1269.0,€1209,Iberia,Madrid (MAD),935,15h35,1,"8:55 PM on Fri, Sep 25","5:30 AM on Sat, Sep 26",+1,False,False,,high,,1269.0
google_flights,2026-08-20,Thu,2026-09-12,Sat,22,ORY,LIM,1200.0,70,0,1270.0,€1200,Air Europa,Madrid (MAD),960,16h,1,"7:25 PM on Thu, Aug 20","4:25 AM on Fri, Aug 21",+1,True,False,,typical,,1270.0
google_flights,2026-08-21,Fri,2026-09-12,Sat,21,ORY,LIM,1200.0,70,0,1270.0,€1200,Air Europa,Madrid (MAD),960,16h,1,"7:25 PM on Fri, Aug 21","4:25 AM on Sat, Aug 22",+1,True,False,,typical,,1270.0
google_flights,2026-09-18,Fri,2026-10-12,Mon,23,CDG,LIM,1190.0,60,0,1250.0,€1190,"Vueling, Iberia",Barcelone (BCN) → Madrid (MAD),1000,16h40,1,"10:10 AM on Fri, Sep 18","7:50 PM on Fri, Sep 18",,False,False,,high,,1270.0
google_flights,2026-09-17,Thu,2026-10-10,Sat,22,AMS,LIM,1032.0,150,0,1182.0,€1032,United,Houston (IAH) / Newark (EWR),1140,19h,1,"11:00 AM on Thu, Sep 17","11:00 PM on Thu, Sep 17",,True,False,,high,,1272.0
google_flights,2026-09-17,Thu,2026-10-11,Sun,23,AMS,LIM,1032.0,150,0,1182.0,€1032,United,Houston (IAH) / Newark (EWR),1140,19h,1,"11:00 AM on Thu, Sep 17","11:00 PM on Thu, Sep 17",,False,False,,high,,1272.0
google_flights,2026-09-17,Thu,2026-10-12,Mon,24,AMS,LIM,1032.0,150,0,1182.0,€1032,United,Houston (IAH) / Newark (EWR),1140,19h,1,"11:00 AM on Thu, Sep 17","11:00 PM on Thu, Sep 17",,False,False,,high,,1272.0
google_flights,2026-09-25,Fri,2026-10-19,Mon,23,ORY,LIM,1202.0,70,0,1272.0,€1202,Air Europa,Madrid (MAD),960,16h,1,"7:25 PM on Fri, Sep 25","4:25 AM on Sat, Sep 26",+1,False,False,,typical,,1272.0
google_flights,2026-09-11,Fri,2026-10-03,Sat,21,BRU,LIM,1159.0,100,0,1259.0,€1159,Air Europa,Madrid (MAD),990,16h30,1,"6:55 PM on Fri, Sep 11","4:25 AM on Sat, Sep 12",+1,True,False,,high,,1274.0
google_flights,2026-10-08,Thu,2026-11-02,Mon,24,ORY,LIM,1204.0,70,0,1274.0,€1204,Iberia,Madrid (MAD),935,15h35,1,"8:55 PM on Thu, Oct 8","5:30 AM on Fri, Oct 9",+1,True,False,,typical,,1274.0
google_flights,2026-09-05,Sat,2026-09-26,Sat,20,CDG,LIM,1135.0,60,0,1195.0,€1135,United,Houston (IAH) / Newark (EWR),1120,18h40,1,"9:45 AM on Sat, Sep 5","9:25 PM on Sat, Sep 5",,True,False,,high,,1275.0
google_flights,2026-09-17,Thu,2026-10-11,Sun,23,ORY,LIM,1205.0,70,0,1275.0,€1205,Iberia,Madrid (MAD),910,15h10,1,"10:10 AM on Thu, Sep 17","6:20 PM on Thu, Sep 17",,True,False,,typical,,1275.0
google_flights,2026-10-22,Thu,2026-11-16,Mon,24,ORY,LIM,1205.0,70,0,1275.0,€1205,Iberia,Madrid (MAD),910,15h10,1,"10:10 AM on Thu, Oct 22","6:20 PM on Thu, Oct 22",,True,False,,typical,,1275.0
google_flights,2026-09-10,Thu,2026-10-04,Sun,23,CDG,LIM,1134.0,60,0,1194.0,€1134,LATAM,Madrid (MAD) / São Paulo (GRU),1125,18h45,1,"1:00 PM on Thu, Sep 10","12:45 AM on Fri, Sep 11",+1,True,False,,high,,1276.5
google_flights,2026-09-11,Fri,2026-10-04,Sun,22,CDG,LIM,1134.0,60,0,1194.0,€1134,LATAM,Madrid (MAD) / São Paulo (GRU),1125,18h45,1,"1:00 PM on Fri, Sep 11","12:45 AM on Sat, Sep 12",+1,True,False,,high,,1276.5
google_flights,2026-09-12,Sat,2026-10-04,Sun,21,CDG,LIM,1134.0,60,0,1194.0,€1134,LATAM,Madrid (MAD) / São Paulo (GRU),1125,18h45,1,"1:00 PM on Sat, Sep 12","12:45 AM on Sun, Sep 13",+1,True,False,,high,,1276.5
google_flights,2026-10-01,Thu,2026-10-24,Sat,22,CDG,LIM,1135.0,60,0,1195.0,€1135,LATAM,Madrid (MAD) / São Paulo (GRU),1125,18h45,1,"1:00 PM on Thu, Oct 1","12:45 AM on Fri, Oct 2",+1,True,False,,typical,,1277.5
google_flights,2026-10-10,Sat,2026-11-02,Mon,22,CDG,LIM,1172.0,60,0,1232.0,€1172,Iberia,Madrid (MAD),1055,17h35,1,"6:55 PM on Sat, Oct 10","5:30 AM on Sun, Oct 11",+1,True,False,,high,,1279.5
google_flights,2026-10-03,Sat,2026-10-25,Sun,21,BRU,LIM,1158.0,100,0,1258.0,€1158,Iberia,Madrid (MAD),1005,16h45,1,"7:45 PM on Sat, Oct 3","5:30 AM on Sun, Oct 4",+1,True,False,,typical,,1280.5
google_flights,2026-07-04,Sat,2026-07-27,Mon,22,AMS,LIM,949.0,150,0,1099.0,€949,Air Transat,Montréal (YUL),1325,22h05,1,"2:55 PM on Sat, Jul 4","6:00 AM on Sun, Jul 5",+1,True,False,,low,,1281.5
google_flights,2026-10-03,Sat,2026-10-25,Sun,21,CDG,LIM,1172.0,60,0,1232.0,€1172,Iberia,Madrid (MAD),1060,17h40,1,"6:50 PM on Sat, Oct 3","5:30 AM on Sun, Oct 4",+1,True,False,,high,,1282.0
google_flights,2026-10-08,Thu,2026-10-31,Sat,22,BRU,LIM,1167.0,100,0,1267.0,€1167,Air Europa,Madrid (MAD),990,16h30,1,"6:55 PM on Thu, Oct 8","4:25 AM on Fri, Oct 9",+1,True,False,,typical,,1282.0
google_flights,2026-10-09,Fri,2026-10-31,Sat,21,BRU,LIM,1167.0,100,0,1267.0,€1167,Air Europa,Madrid (MAD),990,16h30,1,"6:55 PM on Fri, Oct 9","4:25 AM on Sat, Oct 10",+1,True,False,,typical,,1282.0
google_flights,2026-09-10,Thu,2026-10-03,Sat,22,AMS,LIM,1045.0,150,0,1195.0,€1045,United,Houston (IAH) / Newark (EWR),1140,19h,1,"11:00 AM on Thu, Sep 10","11:00 PM on Thu, Sep 10",,True,False,,high,,1285.0
google_flights,2026-09-24,Thu,2026-10-19,Mon,24,BRU,LIM,1108.0,100,0,1208.0,€1108,LATAM,Madrid (MAD) / São Paulo (GRU),1115,18h35,1,"1:10 PM on Thu, Sep 24","12:45 AM on Fri, Sep 25",+1,True,False,,typical,,1285.5
google_flights,2026-10-03,Sat,2026-10-26,Mon,22,AMS,LIM,1038.0,150,0,1188.0,€1038,United,Houston (IAH) / Newark (EWR),1155,19h15,1,"9:10 AM on Sat, Oct 3","9:25 PM on Sat, Oct 3",,True,False,,typical,,1285.5
google_flights,2026-09-26,Sat,2026-10-18,Sun,21,ORY,LIM,1216.0,70,0,1286.0,€1216,Iberia,Madrid (MAD),910,15h10,1,"10:10 AM on Sat, Sep 26","6:20 PM on Sat, Sep 26",,True,False,,typical,,1286.0
google_flights,2026-08-28,Fri,2026-09-21,Mon,23,CDG,LIM,1212.0,60,0,1272.0,€1212,"Vueling, Iberia",Barcelone (BCN) → Madrid (MAD),990,16h30,1,"10:20 AM on Fri, Aug 28","7:50 PM on Fri, Aug 28",,True,False,,typical,,1287.0
google_flights,2026-09-24,Thu,2026-10-19,Mon,24,CDG,LIM,1145.0,60,0,1205.0,€1145,LATAM,Madrid (MAD) / São Paulo (GRU),1125,18h45,1,"1:00 PM on Thu, Sep 24","12:45 AM on Fri, Sep 25",+1,True,False,,high,,1287.5
google_flights,2026-10-08,Thu,2026-11-02,Mon,24,BRU,LIM,1165.0,100,0,1265.0,€1165,Iberia,Madrid (MAD),1005,16h45,1,"7:45 PM on Thu, Oct 8","5:30 AM on Fri, Oct 9",+1,True,False,,typical,,1287.5
google_flights,2026-09-10,Thu,2026-10-05,Mon,24,CDG,LIM,1146.0,60,0,1206.0,€1146,LATAM,Madrid (MAD) / São Paulo (GRU),1125,18h45,1,"1:00 PM on Thu, Sep 10","12:45 AM on Fri, Sep 11",+1,True,False,,high,,1288.5
google_flights,2026-09-25,Fri,2026-10-19,Mon,23,AMS,LIM,1061.0,150,0,1211.0,€1061,LATAM,Madrid (MAD) / São Paulo (GRU),1115,18h35,1,"1:10 PM on Fri, Sep 25","12:45 AM on Sat, Sep 26",+1,True,False,,high,,1288.5
google_flights,2026-10-03,Sat,2026-10-24,Sat,20,AMS,LIM,1041.0,150,0,1191.0,€1041,United,Houston (IAH) / Newark (EWR),1155,19h15,1,"9:10 AM on Sat, Oct 3","9:25 PM on Sat, Oct 3",,True,False,,typical,,1288.5
google_flights,2026-09-04,Fri,2026-09-27,Sun,22,BRU,LIM,1174.0,100,0,1274.0,€1174,Air Europa,Madrid (MAD),990,16h30,1,"6:55 PM on Fri, Sep 4","4:25 AM on Sat, Sep 5",+1,True,False,,high,,1289.0
google_flights,2026-10-03,Sat,2026-10-24,Sat,20,CDG,LIM,1180.0,60,0,1240.0,€1180,Iberia,Madrid (MAD),1060,17h40,1,"6:50 PM on Sat, Oct 3","5:30 AM on Sun, Oct 4",+1,True,False,,high,,1290.0
google_flights,2026-10-08,Thu,2026-11-02,Mon,24,CDG,LIM,1150.0,60,0,1210.0,€1150,United,Houston (IAH) / Newark (EWR),1120,18h40,1,"9:45 AM on Thu, Oct 8","9:25 PM on Thu, Oct 8",,True,False,,high,,1290.0
google_flights,2026-10-17,Sat,2026-11-09,Mon,22,BRU,LIM,1168.0,100,0,1268.0,€1168,Iberia,Madrid (MAD),1005,16h45,1,"7:45 PM on Sat, Oct 17","5:30 AM on Sun, Oct 18",+1,True,False,,typical,,1290.5
google_flights,2026-08-22,Sat,2026-09-13,Sun,21,ORY,LIM,1222.0,70,0,1292.0,€1222,Air Europa,Madrid (MAD),960,16h,1,"7:25 PM on Sat, Aug 22","4:25 AM on Sun, Aug 23",+1,True,False,,typical,,1292.0
google_flights,2026-08-22,Sat,2026-09-14,Mon,22,ORY,LIM,1222.0,70,0,1292.0,€1222,Air Europa,Madrid (MAD),960,16h,1,"7:25 PM on Sat, Aug 22","4:25 AM on Sun, Aug 23",+1,True,False,,low,,1292.0
google_flights,2026-08-29,Sat,2026-09-20,Sun,21,ORY,LIM,1222.0,70,0,1292.0,€1222,Air Europa,Madrid (MAD),960,16h,1,"7:25 PM on Sat, Aug 29","4:25 AM on Sun, Aug 30",+1,True,False,,typical,,1292.0
google_flights,2026-09-03,Thu,2026-09-27,Sun,23,ORY,LIM,1222.0,70,0,1292.0,€1222,Air Europa,Madrid (MAD),960,16h,1,"7:25 PM on Thu, Sep 3","4:25 AM on Fri, Sep 4",+1,True,False,,typical,,1292.0
google_flights,2026-09-04,Fri,2026-09-27,Sun,22,ORY,LIM,1222.0,70,0,1292.0,€1222,Air Europa,Madrid (MAD),960,16h,1,"7:25 PM on Fri, Sep 4","4:25 AM on Sat, Sep 5",+1,True,False,,typical,,1292.0
google_flights,2026-09-05,Sat,2026-09-27,Sun,21,ORY,LIM,1222.0,70,0,1292.0,€1222,Air Europa,Madrid (MAD),960,16h,1,"7:25 PM on Sat, Sep 5","4:25 AM on Sun, Sep 6",+1,True,False,,typical,,1292.0
google_flights,2026-09-12,Sat,2026-10-04,Sun,21,BRU,LIM,1177.0,100,0,1277.0,€1177,Air Europa,Madrid (MAD),990,16h30,1,"6:55 PM on Sat, Sep 12","4:25 AM on Sun, Sep 13",+1,True,False,,high,,1292.0
google_flights,2026-09-12,Sat,2026-10-05,Mon,22,BRU,LIM,1177.0,100,0,1277.0,€1177,Air Europa,Madrid (MAD),990,16h30,1,"6:55 PM on Sat, Sep 12","4:25 AM on Sun, Sep 13",+1,True,False,,typical,,1292.0
google_flights,2026-09-18,Fri,2026-10-10,Sat,21,BRU,LIM,1177.0,100,0,1277.0,€1177,Air Europa,Madrid (MAD),990,16h30,1,"6:55 PM on Fri, Sep 18","4:25 AM on Sat, Sep 19",+1,True,False,,high,,1292.0
google_flights,2026-09-19,Sat,2026-10-11,Sun,21,BRU,LIM,1177.0,100,0,1277.0,€1177,Air Europa,Madrid (MAD),990,16h30,1,"6:55 PM on Sat, Sep 19","4:25 AM on Sun, Sep 20",+1,True,False,,high,,1292.0
google_flights,2026-09-19,Sat,2026-10-12,Mon,22,BRU,LIM,1177.0,100,0,1277.0,€1177,Air Europa,Madrid (MAD),990,16h30,1,"6:55 PM on Sat, Sep 19","4:25 AM on Sun, Sep 20",+1,True,False,,high,,1292.0
google_flights,2026-09-24,Thu,2026-10-17,Sat,22,BRU,LIM,1177.0,100,0,1277.0,€1177,Air Europa,Madrid (MAD),990,16h30,1,"6:55 PM on Thu, Sep 24","4:25 AM on Fri, Sep 25",+1,True,False,,high,,1292.0
google_flights,2026-09-26,Sat,2026-10-17,Sat,20,BRU,LIM,1177.0,100,0,1277.0,€1177,Air Europa,Madrid (MAD),990,16h30,1,"6:55 PM on Sat, Sep 26","4:25 AM on Sun, Sep 27",+1,True,False,,high,,1292.0
google_flights,2026-10-08,Thu,2026-10-31,Sat,22,ORY,LIM,1222.0,70,0,1292.0,€1222,Air Europa,Madrid (MAD),960,16h,1,"7:25 PM on Thu, Oct 8","4:25 AM on Fri, Oct 9",+1,True,False,,typical,,1292.0
google_flights,2026-10-23,Fri,2026-11-14,Sat,21,CDG,LIM,1153.0,60,0,1213.0,€1153,United,Houston (IAH) / Newark (EWR),1120,18h40,1,"9:45 AM on Fri, Oct 23","9:25 PM on Fri, Oct 23",,False,False,,high,,1293.0
google_flights,2026-09-25,Fri,2026-10-19,Mon,23,BRU,LIM,1099.0,100,0,1199.0,€1099,Delta,Atlanta (ATL) / NYC (JFK),1150,19h10,1,"9:45 AM on Fri, Sep 25","9:55 PM on Fri, Sep 25",,True,False,,typical,,1294.0
google_flights,2026-08-21,Fri,2026-09-12,Sat,21,CDG,LIM,1235.0,60,0,1295.0,€1235,"Air France, KLM",Paris (CDG) → Amsterdam (AMS),915,15h15,1,"7:10 AM on Fri, Aug 21","3:25 PM on Fri, Aug 21",,True,False,,typical,,1295.0
google_flights,2026-10-24,Sat,2026-11-14,Sat,20,BRU,LIM,1100.0,100,0,1200.0,€1100,Delta,Atlanta (ATL) / NYC (JFK),1150,19h10,1,"9:45 AM on Sat, Oct 24","9:55 PM on Sat, Oct 24",,True,False,,typical,,1295.0
google_flights,2026-10-22,Thu,2026-11-15,Sun,23,ORY,LIM,1226.0,70,0,1296.0,€1226,Iberia,Madrid (MAD),935,15h35,1,"8:55 PM on Thu, Oct 22","5:30 AM on Fri, Oct 23",+1,True,False,,typical,,1296.0
google_flights,2026-08-20,Thu,2026-09-12,Sat,22,BRU,LIM,1182.0,100,0,1282.0,€1182,Air Europa,Madrid (MAD),990,16h30,1,"6:55 PM on Thu, Aug 20","4:25 AM on Fri, Aug 21",+1,True,False,,typical,,1297.0
google_flights,2026-10-16,Fri,2026-11-07,Sat,21,BRU,LIM,1182.0,100,0,1282.0,€1182,Air Europa,Madrid (MAD),990,16h30,1,"6:55 PM on Fri, Oct 16","4:25 AM on Sat, Oct 17",+1,True,False,,typical,,1297.0
google_flights,2026-10-16,Fri,2026-11-08,Sun,22,BRU,LIM,1182.0,100,0,1282.0,€1182,Air Europa,Madrid (MAD),990,16h30,1,"6:55 PM on Fri, Oct 16","4:25 AM on Sat, Oct 17",+1,True,False,,typical,,1297.0
google_flights,2026-10-17,Sat,2026-11-07,Sat,20,BRU,LIM,1182.0,100,0,1282.0,€1182,Air Europa,Madrid (MAD),990,16h30,1,"6:55 PM on Sat, Oct 17","4:25 AM on Sun, Oct 18",+1,True,False,,typical,,1297.0
google_flights,2026-10-17,Sat,2026-11-08,Sun,21,BRU,LIM,1182.0,100,0,1282.0,€1182,Air Europa,Madrid (MAD),990,16h30,1,"6:55 PM on Sat, Oct 17","4:25 AM on Sun, Oct 18",+1,True,False,,typical,,1297.0
google_flights,2026-08-29,Sat,2026-09-19,Sat,20,ORY,LIM,1160.0,70,0,1230.0,€1160,Air Europa,Madrid (MAD),1095,18h15,1,"5:10 PM on Sat, Aug 29","4:25 AM on Sun, Aug 30",+1,True,False,,typical,,1297.5
google_flights,2026-09-05,Sat,2026-09-26,Sat,20,ORY,LIM,1160.0,70,0,1230.0,€1160,Air Europa,Madrid (MAD),1095,18h15,1,"5:10 PM on Sat, Sep 5","4:25 AM on Sun, Sep 6",+1,True,False,,typical,,1297.5
google_flights,2026-09-26,Sat,2026-10-18,Sun,21,BRU,LIM,1175.0,100,0,1275.0,€1175,Iberia,Madrid (MAD),1005,16h45,1,"7:45 PM on Sat, Sep 26","5:30 AM on Sun, Sep 27",+1,True,False,,high,,1297.5
google_flights,2026-09-17,Thu,2026-10-11,Sun,23,CDG,LIM,1191.0,60,0,1251.0,€1191,Iberia,Madrid (MAD),1055,17h35,1,"6:55 PM on Thu, Sep 17","5:30 AM on Fri, Sep 18",+1,True,False,,high,,1298.5
google_flights,2026-10-24,Sat,2026-11-14,Sat,20,AMS,LIM,1021.0,150,0,1171.0,€1021,United,Houston (IAH) / Newark (EWR),1215,20h15,1,"9:10 AM on Sat, Oct 24","10:25 PM on Sat, Oct 24",,True,False,,typical,,1298.5
google_flights,2026-10-24,Sat,2026-11-16,Mon,22,AMS,LIM,1021.0,150,0,1171.0,€1021,United,Houston (IAH) / Newark (EWR),1215,20h15,1,"9:10 AM on Sat, Oct 24","10:25 PM on Sat, Oct 24",,True,False,,typical,,1298.5
google_flights,2026-09-04,Fri,2026-09-26,Sat,21,CDG,LIM,1239.0,60,0,1299.0,€1239,"Air France, KLM",Paris (CDG) → Amsterdam (AMS),915,15h15,1,"7:10 AM on Fri, Sep 4","3:25 PM on Fri, Sep 4",,True,False,,high,,1299.0
google_flights,2026-09-04,Fri,2026-09-27,Sun,22,CDG,LIM,1239.0,60,0,1299.0,€1239,"Air France, KLM",Paris (CDG) → Amsterdam (AMS),915,15h15,1,"7:10 AM on Fri, Sep 4","3:25 PM on Fri, Sep 4",,True,False,,high,,1299.0
google_flights,2026-09-12,Sat,2026-10-03,Sat,20,BRU,LIM,1184.0,100,0,1284.0,€1184,Air Europa,Madrid (MAD),990,16h30,1,"6:55 PM on Sat, Sep 12","4:25 AM on Sun, Sep 13",+1,True,False,,high,,1299.0
google_flights,2026-09-24,Thu,2026-10-17,Sat,22,ORY,LIM,1231.0,70,0,1301.0,€1231,Iberia,Madrid (MAD),910,15h10,1,"10:10 AM on Thu, Sep 24","6:20 PM on Thu, Sep 24",,True,False,,typical,,1301.0
google_flights,2026-09-05,Sat,2026-09-26,Sat,20,CDG,LIM,1159.0,60,0,1219.0,€1159,LATAM,Madrid (MAD) / São Paulo (GRU),1125,18h45,1,"1:00 PM on Sat, Sep 5","12:45 AM on Sun, Sep 6",+1,True,False,,high,,1301.5
google_flights,2026-10-08,Thu,2026-11-01,Sun,23,AMS,LIM,1139.0,150,0,1289.0,€1139,Air Europa,Madrid (MAD),985,16h25,1,"7:00 PM on Thu, Oct 8","4:25 AM on Fri, Oct 9",+1,True,False,,typical,,1301.5
google_flights,2026-10-08,Thu,2026-11-02,Mon,24,AMS,LIM,1139.0,150,0,1289.0,€1139,Air Europa,Madrid (MAD),985,16h25,1,"7:00 PM on Thu, Oct 8","4:25 AM on Fri, Oct 9",+1,True,False,,typical,,1301.5
google_flights,2026-10-09,Fri,2026-11-01,Sun,22,AMS,LIM,1139.0,150,0,1289.0,€1139,Air Europa,Madrid (MAD),985,16h25,1,"7:00 PM on Fri, Oct 9","4:25 AM on Sat, Oct 10",+1,True,False,,typical,,1301.5
google_flights,2026-10-09,Fri,2026-11-02,Mon,23,AMS,LIM,1139.0,150,0,1289.0,€1139,Air Europa,Madrid (MAD),985,16h25,1,"7:00 PM on Fri, Oct 9","4:25 AM on Sat, Oct 10",+1,True,False,,typical,,1301.5
google_flights,2026-10-01,Thu,2026-10-24,Sat,22,ORY,LIM,1232.0,70,0,1302.0,€1232,Air Europa,Madrid (MAD),960,16h,1,"7:25 PM on Thu, Oct 1","4:25 AM on Fri, Oct 2",+1,True,False,,typical,,1302.0
google_flights,2026-10-01,Thu,2026-10-25,Sun,23,ORY,LIM,1232.0,70,0,1302.0,€1232,Air Europa,Madrid (MAD),960,16h,1,"7:25 PM on Thu, Oct 1","4:25 AM on Fri, Oct 2",+1,True,False,,typical,,1302.0
google_flights,2026-10-01,Thu,2026-10-26,Mon,24,ORY,LIM,1232.0,70,0,1302.0,€1232,Air Europa,Madrid (MAD),960,16h,1,"7:25 PM on Thu, Oct 1","4:25 AM on Fri, Oct 2",+1,True,False,,typical,,1302.0
google_flights,2026-10-02,Fri,2026-10-24,Sat,21,ORY,LIM,1232.0,70,0,1302.0,€1232,Air Europa,Madrid (MAD),960,16h,1,"7:25 PM on Fri, Oct 2","4:25 AM on Sat, Oct 3",+1,True,False,,typical,,1302.0
google_flights,2026-10-02,Fri,2026-10-25,Sun,22,ORY,LIM,1162.0,70,0,1232.0,€1162,"Vueling, LEVEL",Barcelone (BCN),1100,18h20,1,"8:30 AM on Fri, Oct 2","7:50 PM on Fri, Oct 2",,False,False,,typical,,1302.0
google_flights,2026-10-02,Fri,2026-10-25,Sun,22,ORY,LIM,1232.0,70,0,1302.0,€1232,Air Europa,Madrid (MAD),960,16h,1,"7:25 PM on Fri, Oct 2","4:25 AM on Sat, Oct 3",+1,False,False,,typical,,1302.0
google_flights,2026-10-02,Fri,2026-10-26,Mon,23,ORY,LIM,1232.0,70,0,1302.0,€1232,Air Europa,Madrid (MAD),960,16h,1,"7:25 PM on Fri, Oct 2","4:25 AM on Sat, Oct 3",+1,True,False,,typical,,1302.0
google_flights,2026-10-03,Sat,2026-10-24,Sat,20,ORY,LIM,1232.0,70,0,1302.0,€1232,Air Europa,Madrid (MAD),960,16h,1,"7:25 PM on Sat, Oct 3","4:25 AM on Sun, Oct 4",+1,True,False,,typical,,1302.0
google_flights,2026-10-03,Sat,2026-10-25,Sun,21,ORY,LIM,1232.0,70,0,1302.0,€1232,Air Europa,Madrid (MAD),960,16h,1,"7:25 PM on Sat, Oct 3","4:25 AM on Sun, Oct 4",+1,True,False,,typical,,1302.0
google_flights,2026-10-03,Sat,2026-10-26,Mon,22,ORY,LIM,1232.0,70,0,1302.0,€1232,Air Europa,Madrid (MAD),960,16h,1,"7:25 PM on Sat, Oct 3","4:25 AM on Sun, Oct 4",+1,True,False,,typical,,1302.0
google_flights,2026-08-20,Thu,2026-09-13,Sun,23,BRU,LIM,1189.0,100,0,1289.0,€1189,Air Europa,Madrid (MAD),990,16h30,1,"6:55 PM on Thu, Aug 20","4:25 AM on Fri, Aug 21",+1,True,False,,typical,,1304.0
google_flights,2026-09-24,Thu,2026-10-18,Sun,23,CDG,LIM,1162.0,60,0,1222.0,€1162,LATAM,Madrid (MAD) / São Paulo (GRU),1125,18h45,1,"1:00 PM on Thu, Sep 24","12:45 AM on Fri, Sep 25",+1,True,False,,high,,1304.5
google_flights,2026-10-08,Thu,2026-11-02,Mon,24,CDG,LIM,1197.0,60,0,1257.0,€1197,Iberia,Madrid (MAD),1055,17h35,1,"6:55 PM on Thu, Oct 8","5:30 AM on Fri, Oct 9",+1,True,False,,high,,1304.5
google_flights,2026-10-10,Sat,2026-11-01,Sun,21,BRU,LIM,1182.0,100,0,1282.0,€1182,Iberia,Madrid (MAD),1005,16h45,1,"7:45 PM on Sat, Oct 10","5:30 AM on Sun, Oct 11",+1,True,False,,typical,,1304.5
google_flights,2026-10-02,Fri,2026-10-26,Mon,23,CDG,LIM,1225.0,60,0,1285.0,€1225,"Vueling, Iberia",Barcelone (BCN) → Madrid (MAD),1000,16h40,1,"10:10 AM on Fri, Oct 2","7:50 PM on Fri, Oct 2",,False,False,,typical,,1305.0
google_flights,2026-10-01,Thu,2026-10-26,Mon,24,CDG,LIM,1164.0,60,0,1224.0,€1164,LATAM,Madrid (MAD) / São Paulo (GRU),1125,18h45,1,"1:00 PM on Thu, Oct 1","12:45 AM on Fri, Oct 2",+1,True,False,,typical,,1306.5
google_flights,2026-08-20,Thu,2026-09-14,Mon,24,BRU,LIM,1192.0,100,0,1292.0,€1192,Air Europa,Madrid (MAD),990,16h30,1,"6:55 PM on Thu, Aug 20","4:25 AM on Fri, Aug 21",+1,True,False,,typical,,1307.0
google_flights,2026-08-22,Sat,2026-09-14,Mon,22,BRU,LIM,1192.0,100,0,1292.0,€1192,Air Europa,Madrid (MAD),990,16h30,1,"6:55 PM on Sat, Aug 22","4:25 AM on Sun, Aug 23",+1,True,False,,typical,,1307.0
google_flights,2026-08-21,Fri,2026-09-12,Sat,21,BRU,LIM,835.0,100,0,935.0,€835,Air Transat,Montréal (YUL),1705,28h25,1,"9:30 AM on Fri, Aug 21","6:55 AM on Sat, Aug 22",+1,True,False,,typical,,1307.5
google_flights,2026-10-08,Thu,2026-10-31,Sat,22,BRU,LIM,1172.0,100,0,1272.0,€1172,United,Houston (IAH) / Newark (EWR),1035,17h15,1,"11:10 AM on Thu, Oct 8","9:25 PM on Thu, Oct 8",,True,False,,typical,,1309.5
google_flights,2026-10-09,Fri,2026-11-01,Sun,22,AMS,LIM,1071.0,150,0,1221.0,€1071,United,Houston (IAH) / Newark (EWR),1140,19h,1,"11:00 AM on Fri, Oct 9","11:00 PM on Fri, Oct 9",,True,False,,typical,,1311.0
google_flights,2026-10-09,Fri,2026-11-02,Mon,23,AMS,LIM,1071.0,150,0,1221.0,€1071,United,Houston (IAH) / Newark (EWR),1140,19h,1,"11:00 AM on Fri, Oct 9","11:00 PM on Fri, Oct 9",,True,False,,typical,,1311.0
google_flights,2026-10-10,Sat,2026-11-01,Sun,21,ORY,LIM,1241.0,70,0,1311.0,€1241,Iberia,Madrid (MAD),910,15h10,1,"10:10 AM on Sat, Oct 10","6:20 PM on Sat, Oct 10",,True,False,,typical,,1311.0
google_flights,2026-10-08,Thu,2026-11-01,Sun,23,CDG,LIM,1204.0,60,0,1264.0,€1204,Iberia,Madrid (MAD),1055,17h35,1,"6:55 PM on Thu, Oct 8","5:30 AM on Fri, Oct 9",+1,False,False,,typical,,1311.5
google_flights,2026-10-10,Sat,2026-10-31,Sat,20,CDG,LIM,1204.0,60,0,1264.0,€1204,Iberia,Madrid (MAD),1055,17h35,1,"6:55 PM on Sat, Oct 10","5:30 AM on Sun, Oct 11",+1,True,False,,high,,1311.5
google_flights,2026-10-10,Sat,2026-11-01,Sun,21,CDG,LIM,1204.0,60,0,1264.0,€1204,Iberia,Madrid (MAD),1055,17h35,1,"6:55 PM on Sat, Oct 10","5:30 AM on Sun, Oct 11",+1,True,False,,typical,,1311.5
google_flights,2026-08-27,Thu,2026-09-21,Mon,24,AMS,LIM,1164.0,150,0,1314.0,€1164,"KLM, Air France",Amsterdam (AMS) → Paris (CDG),945,15h45,1,"6:55 AM on Thu, Aug 27","3:40 PM on Thu, Aug 27",,False,False,,typical,,1314.0
google_flights,2026-09-19,Sat,2026-10-11,Sun,21,BRU,LIM,1192.0,100,0,1292.0,€1192,Iberia,Madrid (MAD),1005,16h45,1,"7:45 PM on Sat, Sep 19","5:30 AM on Sun, Sep 20",+1,True,False,,high,,1314.5
google_flights,2026-10-22,Thu,2026-11-15,Sun,23,CDG,LIM,1207.0,60,0,1267.0,€1207,Iberia,Madrid (MAD),1055,17h35,1,"6:55 PM on Thu, Oct 22","5:30 AM on Fri, Oct 23",+1,True,False,,typical,,1314.5
google_flights,2026-10-22,Thu,2026-11-16,Mon,24,CDG,LIM,1207.0,60,0,1267.0,€1207,Iberia,Madrid (MAD),1055,17h35,1,"6:55 PM on Thu, Oct 22","5:30 AM on Fri, Oct 23",+1,True,False,,typical,,1314.5
google_flights,2026-10-01,Thu,2026-10-26,Mon,24,AMS,LIM,1165.0,150,0,1315.0,€1165,"KLM, Air France",Amsterdam (AMS) → Paris (CDG),915,15h15,1,"7:25 AM on Thu, Oct 1","3:40 PM on Thu, Oct 1",,True,False,,typical,,1315.0
google_flights,2026-08-20,Thu,2026-09-12,Sat,22,BRU,LIM,1179.0,100,0,1279.0,€1179,United,Houston (IAH) / Newark (EWR),1035,17h15,1,"11:10 AM on Thu, Aug 20","9:25 PM on Thu, Aug 20",,True,False,,typical,,1316.5
google_flights,2026-08-20,Thu,2026-09-13,Sun,23,BRU,LIM,1179.0,100,0,1279.0,€1179,United,Houston (IAH) / Newark (EWR),1035,17h15,1,"11:10 AM on Thu, Aug 20","9:25 PM on Thu, Aug 20",,True,False,,typical,,1316.5
google_flights,2026-08-21,Fri,2026-09-12,Sat,21,BRU,LIM,1179.0,100,0,1279.0,€1179,United,Houston (IAH) / Newark (EWR),1035,17h15,1,"11:10 AM on Fri, Aug 21","9:25 PM on Fri, Aug 21",,True,False,,typical,,1316.5
google_flights,2026-08-21,Fri,2026-09-13,Sun,22,BRU,LIM,1179.0,100,0,1279.0,€1179,United,Houston (IAH) / Newark (EWR),1035,17h15,1,"11:10 AM on Fri, Aug 21","9:25 PM on Fri, Aug 21",,True,False,,typical,,1316.5
google_flights,2026-08-28,Fri,2026-09-20,Sun,22,BRU,LIM,1179.0,100,0,1279.0,€1179,United,Houston (IAH) / Newark (EWR),1035,17h15,1,"11:10 AM on Fri, Aug 28","9:25 PM on Fri, Aug 28",,True,False,,typical,,1316.5
google_flights,2026-08-29,Sat,2026-09-19,Sat,20,BRU,LIM,1179.0,100,0,1279.0,€1179,United,Houston (IAH) / Newark (EWR),1035,17h15,1,"11:10 AM on Sat, Aug 29","9:25 PM on Sat, Aug 29",,True,False,,typical,,1316.5
google_flights,2026-08-29,Sat,2026-09-20,Sun,21,BRU,LIM,1179.0,100,0,1279.0,€1179,United,Houston (IAH) / Newark (EWR),1035,17h15,1,"11:10 AM on Sat, Aug 29","9:25 PM on Sat, Aug 29",,True,False,,typical,,1316.5
google_flights,2026-08-29,Sat,2026-09-21,Mon,22,BRU,LIM,1179.0,100,0,1279.0,€1179,United,Houston (IAH) / Newark (EWR),1035,17h15,1,"11:10 AM on Sat, Aug 29","9:25 PM on Sat, Aug 29",,True,False,,typical,,1316.5
google_flights,2026-09-05,Sat,2026-09-27,Sun,21,BRU,LIM,1179.0,100,0,1279.0,€1179,United,Houston (IAH) / Newark (EWR),1035,17h15,1,"11:10 AM on Sat, Sep 5","9:25 PM on Sat, Sep 5",,True,False,,high,,1316.5
google_flights,2026-09-19,Sat,2026-10-10,Sat,20,BRU,LIM,1179.0,100,0,1279.0,€1179,United,Houston (IAH) / Newark (EWR),1035,17h15,1,"11:10 AM on Sat, Sep 19","9:25 PM on Sat, Sep 19",,True,False,,high,,1316.5
google_flights,2026-09-19,Sat,2026-10-12,Mon,22,BRU,LIM,1179.0,100,0,1279.0,€1179,United,Houston (IAH) / Newark (EWR),1035,17h15,1,"11:10 AM on Sat, Sep 19","9:25 PM on Sat, Sep 19",,False,False,,high,,1316.5
google_flights,2026-10-01,Thu,2026-10-24,Sat,22,BRU,LIM,1179.0,100,0,1279.0,€1179,United,Houston (IAH) / Newark (EWR),1035,17h15,1,"11:10 AM on Thu, Oct 1","9:25 PM on Thu, Oct 1",,False,False,,typical,,1316.5
google_flights,2026-09-10,Thu,2026-10-05,Mon,24,ORY,LIM,1248.0,70,0,1318.0,€1248,Iberia,Madrid (MAD),935,15h35,1,"8:55 PM on Thu, Sep 10","5:30 AM on Fri, Sep 11",+1,True,False,,typical,,1318.0
google_flights,2026-09-05,Sat,2026-09-27,Sun,21,AMS,LIM,1071.0,150,0,1221.0,€1071,United,Houston (IAH) / Newark (EWR),1155,19h15,1,"9:10 AM on Sat, Sep 5","9:25 PM on Sat, Sep 5",,True,False,,typical,,1318.5
google_flights,2026-09-05,Sat,2026-09-28,Mon,22,AMS,LIM,1071.0,150,0,1221.0,€1071,United,Houston (IAH) / Newark (EWR),1155,19h15,1,"9:10 AM on Sat, Sep 5","9:25 PM on Sat, Sep 5",,True,False,,high,,1318.5
google_flights,2026-09-18,Fri,2026-10-10,Sat,21,AMS,LIM,1071.0,150,0,1221.0,€1071,United,Houston (IAH) / Newark (EWR),1155,19h15,1,"9:10 AM on Fri, Sep 18","9:25 PM on Fri, Sep 18",,True,False,,high,,1318.5
google_flights,2026-09-18,Fri,2026-10-11,Sun,22,AMS,LIM,1071.0,150,0,1221.0,€1071,United,Houston (IAH) / Newark (EWR),1155,19h15,1,"9:10 AM on Fri, Sep 18","9:25 PM on Fri, Sep 18",,True,False,,high,,1318.5
google_flights,2026-09-18,Fri,2026-10-12,Mon,23,AMS,LIM,1071.0,150,0,1221.0,€1071,United,Houston (IAH) / Newark (EWR),1155,19h15,1,"9:10 AM on Fri, Sep 18","9:25 PM on Fri, Sep 18",,False,False,,high,,1318.5
google_flights,2026-08-28,Fri,2026-09-20,Sun,22,BRU,LIM,1124.0,100,0,1224.0,€1124,Delta,Atlanta (ATL) / NYC (JFK),1150,19h10,1,"9:45 AM on Fri, Aug 28","9:55 PM on Fri, Aug 28",,True,False,,typical,,1319.0
google_flights,2026-09-04,Fri,2026-09-26,Sat,21,BRU,LIM,1124.0,100,0,1224.0,€1124,Delta,Atlanta (ATL) / NYC (JFK),1150,19h10,1,"9:45 AM on Fri, Sep 4","9:55 PM on Fri, Sep 4",,True,False,,high,,1319.0
google_flights,2026-09-05,Sat,2026-09-26,Sat,20,BRU,LIM,1124.0,100,0,1224.0,€1124,Delta,Atlanta (ATL) / NYC (JFK),1150,19h10,1,"9:45 AM on Sat, Sep 5","9:55 PM on Sat, Sep 5",,True,False,,high,,1319.0
google_flights,2026-09-26,Sat,2026-10-17,Sat,20,CDG,LIM,1209.0,60,0,1269.0,€1209,Iberia,Madrid (MAD),1060,17h40,1,"6:50 PM on Sat, Sep 26","5:30 AM on Sun, Sep 27",+1,True,False,,high,,1319.0
google_flights,2026-08-27,Thu,2026-09-19,Sat,22,CDG,LIM,1178.0,60,0,1238.0,€1178,LATAM,Madrid (MAD) / São Paulo (GRU),1125,18h45,1,"1:00 PM on Thu, Aug 27","12:45 AM on Fri, Aug 28",+1,True,False,,typical,,1320.5
google_flights,2026-08-28,Fri,2026-09-19,Sat,21,CDG,LIM,1178.0,60,0,1238.0,€1178,LATAM,Madrid (MAD) / São Paulo (GRU),1125,18h45,1,"1:00 PM on Fri, Aug 28","12:45 AM on Sat, Aug 29",+1,True,False,,typical,,1320.5
google_flights,2026-08-29,Sat,2026-09-19,Sat,20,CDG,LIM,1178.0,60,0,1238.0,€1178,LATAM,Madrid (MAD) / São Paulo (GRU),1125,18h45,1,"1:00 PM on Sat, Aug 29","12:45 AM on Sun, Aug 30",+1,True,False,,typical,,1320.5
google_flights,2026-09-12,Sat,2026-10-04,Sun,21,CDG,LIM,1181.0,60,0,1241.0,€1181,United,Houston (IAH) / Newark (EWR),1120,18h40,1,"9:45 AM on Sat, Sep 12","9:25 PM on Sat, Sep 12",,True,False,,high,,1321.0
google_flights,2026-09-17,Thu,2026-10-12,Mon,24,CDG,LIM,1187.0,60,0,1247.0,€1187,Iberia,Madrid (MAD),1110,18h30,1,"6:50 AM on Thu, Sep 17","6:20 PM on Thu, Sep 17",,True,False,,high,,1322.0
google_flights,2026-10-22,Thu,2026-11-15,Sun,23,AMS,LIM,1085.0,150,0,1235.0,€1085,United,Houston (IAH) / Newark (EWR),1140,19h,1,"11:00 AM on Thu, Oct 22","11:00 PM on Thu, Oct 22",,False,False,,typical,,1325.0
google_flights,2026-09-03,Thu,2026-09-27,Sun,23,CDG,LIM,1183.0,60,0,1243.0,€1183,LATAM,Madrid (MAD) / São Paulo (GRU),1125,18h45,1,"1:00 PM on Thu, Sep 3","12:45 AM on Fri, Sep 4",+1,True,False,,high,,1325.5
google_flights,2026-08-28,Fri,2026-09-20,Sun,22,CDG,LIM,1251.0,60,0,1311.0,€1251,"Vueling, Iberia",Barcelone (BCN) → Madrid (MAD),990,16h30,1,"10:20 AM on Fri, Aug 28","7:50 PM on Fri, Aug 28",,False,False,,typical,,1326.0
google_flights,2026-10-17,Sat,2026-11-08,Sun,21,ORY,LIM,1256.0,70,0,1326.0,€1256,Iberia,Madrid (MAD),910,15h10,1,"10:10 AM on Sat, Oct 17","6:20 PM on Sat, Oct 17",,True,False,,typical,,1326.0
google_flights,2026-10-10,Sat,2026-10-31,Sat,20,AMS,LIM,1164.0,150,0,1314.0,€1164,Air Europa,Madrid (MAD),985,16h25,1,"7:00 PM on Sat, Oct 10","4:25 AM on Sun, Oct 11",+1,True,False,,high,,1326.5
google_flights,2026-09-18,Fri,2026-10-10,Sat,21,CDG,LIM,1248.0,60,0,1308.0,€1248,"Vueling, Iberia",Barcelone (BCN) → Madrid (MAD),1000,16h40,1,"10:10 AM on Fri, Sep 18","7:50 PM on Fri, Sep 18",,False,False,,high,,1328.0
google_flights,2026-10-01,Thu,2026-10-24,Sat,22,AMS,LIM,1179.0,150,0,1329.0,€1179,"KLM, Air France",Amsterdam (AMS) → Paris (CDG),915,15h15,1,"7:25 AM on Thu, Oct 1","3:40 PM on Thu, Oct 1",,True,False,,typical,,1329.0
google_flights,2026-08-22,Sat,2026-09-13,Sun,21,ORY,LIM,1192.0,70,0,1262.0,€1192,Air Europa,Madrid (MAD),1095,18h15,1,"5:10 PM on Sat, Aug 22","4:25 AM on Sun, Aug 23",+1,True,False,,typical,,1329.5
google_flights,2026-08-22,Sat,2026-09-14,Mon,22,ORY,LIM,1192.0,70,0,1262.0,€1192,Air Europa,Madrid (MAD),1095,18h15,1,"5:10 PM on Sat, Aug 22","4:25 AM on Sun, Aug 23",+1,True,False,,low,,1329.5
google_flights,2026-08-29,Sat,2026-09-20,Sun,21,ORY,LIM,1192.0,70,0,1262.0,€1192,Air Europa,Madrid (MAD),1095,18h15,1,"5:10 PM on Sat, Aug 29","4:25 AM on Sun, Aug 30",+1,True,False,,typical,,1329.5
google_flights,2026-09-05,Sat,2026-09-27,Sun,21,CDG,LIM,1187.0,60,0,1247.0,€1187,LATAM,Madrid (MAD) / São Paulo (GRU),1125,18h45,1,"1:00 PM on Sat, Sep 5","12:45 AM on Sun, Sep 6",+1,True,False,,high,,1329.5
google_flights,2026-09-05,Sat,2026-09-27,Sun,21,ORY,LIM,1192.0,70,0,1262.0,€1192,Air Europa,Madrid (MAD),1095,18h15,1,"5:10 PM on Sat, Sep 5","4:25 AM on Sun, Sep 6",+1,True,False,,typical,,1329.5
google_flights,2026-10-02,Fri,2026-10-24,Sat,21,ORY,LIM,1192.0,70,0,1262.0,€1192,Air Europa,Madrid (MAD),1095,18h15,1,"5:10 PM on Fri, Oct 2","4:25 AM on Sat, Oct 3",+1,True,False,,typical,,1329.5
google_flights,2026-10-02,Fri,2026-10-26,Mon,23,ORY,LIM,1192.0,70,0,1262.0,€1192,Air Europa,Madrid (MAD),1095,18h15,1,"5:10 PM on Fri, Oct 2","4:25 AM on Sat, Oct 3",+1,True,False,,typical,,1329.5
google_flights,2026-10-03,Sat,2026-10-24,Sat,20,ORY,LIM,1192.0,70,0,1262.0,€1192,Air Europa,Madrid (MAD),1095,18h15,1,"5:10 PM on Sat, Oct 3","4:25 AM on Sun, Oct 4",+1,True,False,,typical,,1329.5
google_flights,2026-10-03,Sat,2026-10-25,Sun,21,ORY,LIM,1192.0,70,0,1262.0,€1192,Air Europa,Madrid (MAD),1095,18h15,1,"5:10 PM on Sat, Oct 3","4:25 AM on Sun, Oct 4",+1,True,False,,typical,,1329.5
google_flights,2026-10-03,Sat,2026-10-26,Mon,22,ORY,LIM,1192.0,70,0,1262.0,€1192,Air Europa,Madrid (MAD),1095,18h15,1,"5:10 PM on Sat, Oct 3","4:25 AM on Sun, Oct 4",+1,True,False,,typical,,1329.5
google_flights,2026-08-27,Thu,2026-09-19,Sat,22,AMS,LIM,1180.0,150,0,1330.0,€1180,"KLM, Air France",Amsterdam (AMS) → Paris (CDG),945,15h45,1,"6:55 AM on Thu, Aug 27","3:40 PM on Thu, Aug 27",,True,False,,typical,,1330.0
google_flights,2026-09-17,Thu,2026-10-12,Mon,24,ORY,LIM,1260.0,70,0,1330.0,€1260,Iberia,Madrid (MAD),910,15h10,1,"10:10 AM on Thu, Sep 17","6:20 PM on Thu, Sep 17",,True,False,,typical,,1330.0
google_flights,2026-09-19,Sat,2026-10-12,Mon,22,CDG,LIM,1220.0,60,0,1280.0,€1220,Iberia,Madrid (MAD),1060,17h40,1,"6:50 PM on Sat, Sep 19","5:30 AM on Sun, Sep 20",+1,True,False,,high,,1330.0
google_flights,2026-09-19,Sat,2026-10-11,Sun,21,CDG,LIM,1188.0,60,0,1248.0,€1188,LATAM,Madrid (MAD) / São Paulo (GRU),1125,18h45,1,"1:00 PM on Sat, Sep 19","12:45 AM on Sun, Sep 20",+1,True,False,,high,,1330.5
google_flights,2026-10-01,Thu,2026-10-25,Sun,23,BRU,LIM,1209.0,100,0,1309.0,€1209,Iberia,Madrid (MAD),1005,16h45,1,"7:45 PM on Thu, Oct 1","5:30 AM on Fri, Oct 2",+1,True,False,,typical,,1331.5
google_flights,2026-08-21,Fri,2026-09-13,Sun,22,BRU,LIM,1217.0,100,0,1317.0,€1217,Air Europa,Madrid (MAD),990,16h30,1,"6:55 PM on Fri, Aug 21","4:25 AM on Sat, Aug 22",+1,True,False,,typical,,1332.0
google_flights,2026-08-22,Sat,2026-09-13,Sun,21,CDG,LIM,1272.0,60,0,1332.0,€1272,"Air France, KLM",Paris (CDG) → Amsterdam (AMS),915,15h15,1,"7:10 AM on Sat, Aug 22","3:25 PM on Sat, Aug 22",,True,False,,typical,,1332.0
google_flights,2026-08-22,Sat,2026-09-14,Mon,22,CDG,LIM,1272.0,60,0,1332.0,€1272,"Air France, KLM",Paris (CDG) → Amsterdam (AMS),915,15h15,1,"7:10 AM on Sat, Aug 22","3:25 PM on Sat, Aug 22",,True,False,,typical,,1332.0
google_flights,2026-08-29,Sat,2026-09-19,Sat,20,CDG,LIM,1272.0,60,0,1332.0,€1272,"Air France, KLM",Paris (CDG) → Amsterdam (AMS),915,15h15,1,"7:10 AM on Sat, Aug 29","3:25 PM on Sat, Aug 29",,True,False,,typical,,1332.0
google_flights,2026-08-29,Sat,2026-09-20,Sun,21,CDG,LIM,1272.0,60,0,1332.0,€1272,"Air France, KLM",Paris (CDG) → Amsterdam (AMS),915,15h15,1,"7:10 AM on Sat, Aug 29","3:25 PM on Sat, Aug 29",,True,False,,typical,,1332.0
google_flights,2026-09-05,Sat,2026-09-28,Mon,22,BRU,LIM,1217.0,100,0,1317.0,€1217,Air Europa,Madrid (MAD),990,16h30,1,"6:55 PM on Sat, Sep 5","4:25 AM on Sun, Sep 6",+1,True,False,,high,,1332.0
google_flights,2026-09-19,Sat,2026-10-10,Sat,20,BRU,LIM,1217.0,100,0,1317.0,€1217,Air Europa,Madrid (MAD),990,16h30,1,"6:55 PM on Sat, Sep 19","4:25 AM on Sun, Sep 20",+1,True,False,,high,,1332.0
google_flights,2026-10-10,Sat,2026-10-31,Sat,20,ORY,LIM,1262.0,70,0,1332.0,€1262,Air Europa,Madrid (MAD),960,16h,1,"7:25 PM on Sat, Oct 10","4:25 AM on Sun, Oct 11",+1,True,False,,typical,,1332.0
google_flights,2026-10-24,Sat,2026-11-15,Sun,21,CDG,LIM,1207.0,60,0,1267.0,€1207,Iberia,Madrid (MAD),1090,18h10,1,"6:55 PM on Sat, Oct 24","6:05 AM on Sun, Oct 25",+1,True,False,,typical,,1332.0
google_flights,2026-10-24,Sat,2026-11-16,Mon,22,CDG,LIM,1207.0,60,0,1267.0,€1207,Iberia,Madrid (MAD),1090,18h10,1,"6:55 PM on Sat, Oct 24","6:05 AM on Sun, Oct 25",+1,True,False,,high,,1332.0
google_flights,2026-08-21,Fri,2026-09-14,Mon,23,AMS,LIM,1184.0,150,0,1334.0,€1184,"KLM, Air France",Amsterdam (AMS) → Paris (CDG),915,15h15,1,"7:25 AM on Fri, Aug 21","3:40 PM on Fri, Aug 21",,True,False,,typical,,1334.0
google_flights,2026-08-21,Fri,2026-09-14,Mon,23,AMS,LIM,1184.0,150,0,1334.0,€1184,Air France,Paris (CDG),925,15h25,1,"9:35 AM on Fri, Aug 21","6:00 PM on Fri, Aug 21",,True,False,,typical,,1334.0
google_flights,2026-08-28,Fri,2026-09-21,Mon,23,AMS,LIM,1184.0,150,0,1334.0,€1184,"KLM, Air France",Amsterdam (AMS) → Paris (CDG),915,15h15,1,"7:25 AM on Fri, Aug 28","3:40 PM on Fri, Aug 28",,True,False,,typical,,1334.0
google_flights,2026-08-28,Fri,2026-09-21,Mon,23,AMS,LIM,1184.0,150,0,1334.0,€1184,Air France,Paris (CDG),925,15h25,1,"9:35 AM on Fri, Aug 28","6:00 PM on Fri, Aug 28",,True,False,,typical,,1334.0
google_flights,2026-08-29,Sat,2026-09-21,Mon,22,AMS,LIM,1184.0,150,0,1334.0,€1184,"KLM, Air France",Amsterdam (AMS) → Paris (CDG),925,15h25,1,"7:15 AM on Sat, Aug 29","3:40 PM on Sat, Aug 29",,True,False,,typical,,1334.0
google_flights,2026-09-04,Fri,2026-09-28,Mon,23,AMS,LIM,1184.0,150,0,1334.0,€1184,"KLM, Air France",Amsterdam (AMS) → Paris (CDG),915,15h15,1,"7:25 AM on Fri, Sep 4","3:40 PM on Fri, Sep 4",,False,False,,high,,1334.0
google_flights,2026-09-18,Fri,2026-10-12,Mon,23,AMS,LIM,1184.0,150,0,1334.0,€1184,Air France,Paris (CDG),925,15h25,1,"9:35 AM on Fri, Sep 18","6:00 PM on Fri, Sep 18",,True,False,,high,,1334.0
google_flights,2026-09-19,Sat,2026-10-12,Mon,22,AMS,LIM,1184.0,150,0,1334.0,€1184,"KLM, Air France",Amsterdam (AMS) → Paris (CDG),925,15h25,1,"7:15 AM on Sat, Sep 19","3:40 PM on Sat, Sep 19",,True,False,,high,,1334.0
google_flights,2026-09-26,Sat,2026-10-19,Mon,22,AMS,LIM,1184.0,150,0,1334.0,€1184,"KLM, Air France",Amsterdam (AMS) → Paris (CDG),925,15h25,1,"7:15 AM on Sat, Sep 26","3:40 PM on Sat, Sep 26",,True,False,,high,,1334.0
google_flights,2026-10-08,Thu,2026-11-01,Sun,23,BRU,LIM,1212.0,100,0,1312.0,€1212,Iberia,Madrid (MAD),1005,16h45,1,"7:45 PM on Thu, Oct 8","5:30 AM on Fri, Oct 9",+1,True,False,,typical,,1334.5
google_flights,2026-10-15,Thu,2026-11-07,Sat,22,CDG,LIM,1227.0,60,0,1287.0,€1227,Iberia,Madrid (MAD),1055,17h35,1,"6:55 PM on Thu, Oct 15","5:30 AM on Fri, Oct 16",+1,False,False,,typical,,1334.5
google_flights,2026-10-02,Fri,2026-10-26,Mon,23,AMS,LIM,1185.0,150,0,1335.0,€1185,"KLM, Air France",Amsterdam (AMS) → Paris (CDG),915,15h15,1,"7:25 AM on Fri, Oct 2","3:40 PM on Fri, Oct 2",,True,False,,high,,1335.0
google_flights,2026-10-09,Fri,2026-10-31,Sat,21,AMS,LIM,1095.0,150,0,1245.0,€1095,United,Houston (IAH) / Newark (EWR),1140,19h,1,"11:00 AM on Fri, Oct 9","11:00 PM on Fri, Oct 9",,True,False,,typical,,1335.0
google_flights,2026-08-22,Sat,2026-09-12,Sat,20,ORY,LIM,1200.0,70,0,1270.0,€1200,Air Europa,Madrid (MAD),1095,18h15,1,"5:10 PM on Sat, Aug 22","4:25 AM on Sun, Aug 23",+1,True,False,,typical,,1337.5
google_flights,2026-08-27,Thu,2026-09-21,Mon,24,CDG,LIM,1195.0,60,0,1255.0,€1195,LATAM,Madrid (MAD) / São Paulo (GRU),1125,18h45,1,"1:00 PM on Thu, Aug 27","12:45 AM on Fri, Aug 28",+1,True,False,,typical,,1337.5
google_flights,2026-09-04,Fri,2026-09-26,Sat,21,AMS,LIM,1111.0,150,0,1261.0,€1111,LATAM,Madrid (MAD) / São Paulo (GRU),1115,18h35,1,"1:10 PM on Fri, Sep 4","12:45 AM on Sat, Sep 5",+1,True,False,,high,,1338.5
google_flights,2026-09-05,Sat,2026-09-26,Sat,20,AMS,LIM,1111.0,150,0,1261.0,€1111,LATAM,Madrid (MAD) / São Paulo (GRU),1115,18h35,1,"1:10 PM on Sat, Sep 5","12:45 AM on Sun, Sep 6",+1,True,False,,high,,1338.5
google_flights,2026-09-05,Sat,2026-09-28,Mon,22,AMS,LIM,1111.0,150,0,1261.0,€1111,LATAM,Madrid (MAD) / São Paulo (GRU),1115,18h35,1,"1:10 PM on Sat, Sep 5","12:45 AM on Sun, Sep 6",+1,True,False,,high,,1338.5
google_flights,2026-08-22,Sat,2026-09-12,Sat,20,ORY,LIM,1270.0,70,0,1340.0,€1270,Air Europa,Madrid (MAD),960,16h,1,"7:25 PM on Sat, Aug 22","4:25 AM on Sun, Aug 23",+1,True,False,,typical,,1340.0
google_flights,2026-08-29,Sat,2026-09-21,Mon,22,AMS,LIM,1190.0,150,0,1340.0,€1190,"KLM, Air France",Amsterdam (AMS) → Paris (CDG),945,15h45,1,"6:55 AM on Sat, Aug 29","3:40 PM on Sat, Aug 29",,False,False,,typical,,1340.0
google_flights,2026-10-03,Sat,2026-10-26,Mon,22,CDG,LIM,1230.0,60,0,1290.0,€1230,Iberia,Madrid (MAD),1060,17h40,1,"6:50 PM on Sat, Oct 3","5:30 AM on Sun, Oct 4",+1,True,False,,high,,1340.0
google_flights,2026-09-17,Thu,2026-10-10,Sat,22,CDG,LIM,1193.0,60,0,1253.0,€1193,Avianca,Bogotá (BOG),1135,18h55,1,"8:55 AM on Thu, Sep 17","8:50 PM on Thu, Sep 17",,True,False,,high,,1340.5
google_flights,2026-09-19,Sat,2026-10-10,Sat,20,CDG,LIM,1193.0,60,0,1253.0,€1193,Avianca,Bogotá (BOG),1135,18h55,1,"8:55 AM on Sat, Sep 19","8:50 PM on Sat, Sep 19",,True,False,,high,,1340.5
google_flights,2026-09-26,Sat,2026-10-17,Sat,20,CDG,LIM,1193.0,60,0,1253.0,€1193,Avianca,Bogotá (BOG),1135,18h55,1,"8:55 AM on Sat, Sep 26","8:50 PM on Sat, Sep 26",,True,False,,high,,1340.5
google_flights,2026-09-26,Sat,2026-10-19,Mon,22,CDG,LIM,1193.0,60,0,1253.0,€1193,Avianca,Bogotá (BOG),1135,18h55,1,"8:55 AM on Sat, Sep 26","8:50 PM on Sat, Sep 26",,True,False,,high,,1340.5
google_flights,2026-10-02,Fri,2026-10-24,Sat,21,CDG,LIM,1193.0,60,0,1253.0,€1193,Avianca,Bogotá (BOG),1135,18h55,1,"8:55 AM on Fri, Oct 2","8:50 PM on Fri, Oct 2",,False,False,,typical,,1340.5
google_flights,2026-10-03,Sat,2026-10-24,Sat,20,CDG,LIM,1193.0,60,0,1253.0,€1193,Avianca,Bogotá (BOG),1135,18h55,1,"8:55 AM on Sat, Oct 3","8:50 PM on Sat, Oct 3",,True,False,,high,,1340.5
google_flights,2026-10-03,Sat,2026-10-25,Sun,21,CDG,LIM,1193.0,60,0,1253.0,€1193,Avianca,Bogotá (BOG),1135,18h55,1,"8:55 AM on Sat, Oct 3","8:50 PM on Sat, Oct 3",,False,False,,high,,1340.5
google_flights,2026-10-03,Sat,2026-10-26,Mon,22,CDG,LIM,1193.0,60,0,1253.0,€1193,Avianca,Bogotá (BOG),1135,18h55,1,"8:55 AM on Sat, Oct 3","8:50 PM on Sat, Oct 3",,False,False,,high,,1340.5
google_flights,2026-10-08,Thu,2026-10-31,Sat,22,CDG,LIM,1193.0,60,0,1253.0,€1193,Avianca,Bogotá (BOG),1135,18h55,1,"8:55 AM on Thu, Oct 8","8:50 PM on Thu, Oct 8",,True,False,,high,,1340.5
google_flights,2026-10-22,Thu,2026-11-14,Sat,22,CDG,LIM,1193.0,60,0,1253.0,€1193,Avianca,Bogotá (BOG),1135,18h55,1,"8:55 AM on Thu, Oct 22","8:50 PM on Thu, Oct 22",,True,False,,typical,,1340.5
google_flights,2026-10-23,Fri,2026-11-14,Sat,21,CDG,LIM,1193.0,60,0,1253.0,€1193,Avianca,Bogotá (BOG),1135,18h55,1,"8:55 AM on Fri, Oct 23","8:50 PM on Fri, Oct 23",,False,False,,high,,1340.5
google_flights,2026-08-27,Thu,2026-09-20,Sun,23,CDG,LIM,1199.0,60,0,1259.0,€1199,LATAM,Madrid (MAD) / São Paulo (GRU),1125,18h45,1,"1:00 PM on Thu, Aug 27","12:45 AM on Fri, Aug 28",+1,True,False,,typical,,1341.5
google_flights,2026-08-28,Fri,2026-09-20,Sun,22,CDG,LIM,1199.0,60,0,1259.0,€1199,LATAM,Madrid (MAD) / São Paulo (GRU),1125,18h45,1,"1:00 PM on Fri, Aug 28","12:45 AM on Sat, Aug 29",+1,True,False,,typical,,1341.5
google_flights,2026-08-28,Fri,2026-09-21,Mon,23,CDG,LIM,1199.0,60,0,1259.0,€1199,LATAM,Madrid (MAD) / São Paulo (GRU),1125,18h45,1,"1:00 PM on Fri, Aug 28","12:45 AM on Sat, Aug 29",+1,True,False,,typical,,1341.5
google_flights,2026-08-29,Sat,2026-09-20,Sun,21,CDG,LIM,1199.0,60,0,1259.0,€1199,LATAM,Madrid (MAD) / São Paulo (GRU),1125,18h45,1,"1:00 PM on Sat, Aug 29","12:45 AM on Sun, Aug 30",+1,True,False,,typical,,1341.5
google_flights,2026-08-29,Sat,2026-09-21,Mon,22,CDG,LIM,1199.0,60,0,1259.0,€1199,LATAM,Madrid (MAD) / São Paulo (GRU),1125,18h45,1,"1:00 PM on Sat, Aug 29","12:45 AM on Sun, Aug 30",+1,True,False,,typical,,1341.5
google_flights,2026-08-22,Sat,2026-09-12,Sat,20,BRU,LIM,1149.0,100,0,1249.0,€1149,Delta,Atlanta (ATL) / NYC (JFK),1150,19h10,1,"9:45 AM on Sat, Aug 22","9:55 PM on Sat, Aug 22",,True,False,,typical,,1344.0
google_flights,2026-08-27,Thu,2026-09-20,Sun,23,ORY,LIM,1274.0,70,0,1344.0,€1274,Iberia,Madrid (MAD),910,15h10,1,"10:10 AM on Thu, Aug 27","6:20 PM on Thu, Aug 27",,True,False,,typical,,1344.0
google_flights,2026-08-27,Thu,2026-09-21,Mon,24,ORY,LIM,1274.0,70,0,1344.0,€1274,Iberia,Madrid (MAD),910,15h10,1,"10:10 AM on Thu, Aug 27","6:20 PM on Thu, Aug 27",,True,False,,typical,,1344.0
google_flights,2026-08-20,Thu,2026-09-14,Mon,24,CDG,LIM,1286.0,60,0,1346.0,€1286,Air France,Paris (CDG),750,12h30,0,"10:10 AM on Thu, Aug 20","3:40 PM on Thu, Aug 20",,True,False,,typical,,1346.0
google_flights,2026-08-22,Sat,2026-09-12,Sat,20,BRU,LIM,1232.0,100,0,1332.0,€1232,Air Europa,Madrid (MAD),990,16h30,1,"6:55 PM on Sat, Aug 22","4:25 AM on Sun, Aug 23",+1,True,False,,typical,,1347.0
google_flights,2026-08-22,Sat,2026-09-13,Sun,21,BRU,LIM,1232.0,100,0,1332.0,€1232,Air Europa,Madrid (MAD),990,16h30,1,"6:55 PM on Sat, Aug 22","4:25 AM on Sun, Aug 23",+1,True,False,,typical,,1347.0
google_flights,2026-10-08,Thu,2026-10-31,Sat,22,ORY,LIM,1277.0,70,0,1347.0,€1277,Iberia,Madrid (MAD),935,15h35,1,"8:55 PM on Thu, Oct 8","5:30 AM on Fri, Oct 9",+1,True,False,,typical,,1347.0
google_flights,2026-10-16,Fri,2026-11-07,Sat,21,BRU,LIM,1210.0,100,0,1310.0,€1210,United,Houston (IAH) / Newark (EWR),1035,17h15,1,"11:10 AM on Fri, Oct 16","9:25 PM on Fri, Oct 16",,False,False,,typical,,1347.5
google_flights,2026-09-19,Sat,2026-10-11,Sun,21,CDG,LIM,1239.0,60,0,1299.0,€1239,Iberia,Madrid (MAD),1060,17h40,1,"6:50 PM on Sat, Sep 19","5:30 AM on Sun, Sep 20",+1,False,False,,high,,1349.0
google_flights,2026-09-25,Fri,2026-10-18,Sun,22,AMS,LIM,1199.0,150,0,1349.0,€1199,"KLM, Air France",Amsterdam (AMS) → Paris (CDG),945,15h45,1,"6:55 AM on Fri, Sep 25","3:40 PM on Fri, Sep 25",,False,False,,high,,1349.0
google_flights,2026-09-26,Sat,2026-10-18,Sun,21,AMS,LIM,1199.0,150,0,1349.0,€1199,"KLM, Air France",Amsterdam (AMS) → Paris (CDG),925,15h25,1,"7:15 AM on Sat, Sep 26","3:40 PM on Sat, Sep 26",,True,False,,typical,,1349.0
google_flights,2026-10-02,Fri,2026-10-24,Sat,21,AMS,LIM,1199.0,150,0,1349.0,€1199,"KLM, Air France",Amsterdam (AMS) → Paris (CDG),915,15h15,1,"7:25 AM on Fri, Oct 2","3:40 PM on Fri, Oct 2",,True,False,,high,,1349.0
google_flights,2026-10-02,Fri,2026-10-24,Sat,21,AMS,LIM,1199.0,150,0,1349.0,€1199,Air France,Paris (CDG),925,15h25,1,"9:35 AM on Fri, Oct 2","6:00 PM on Fri, Oct 2",,True,False,,high,,1349.0
google_flights,2026-10-08,Thu,2026-10-31,Sat,22,AMS,LIM,1109.0,150,0,1259.0,€1109,United,Houston (IAH) / Newark (EWR),1140,19h,1,"11:00 AM on Thu, Oct 8","11:00 PM on Thu, Oct 8",,True,False,,typical,,1349.0
google_flights,2026-09-26,Sat,2026-10-18,Sun,21,CDG,LIM,1202.0,60,0,1262.0,€1202,Avianca,Bogotá (BOG),1135,18h55,1,"8:55 AM on Sat, Sep 26","8:50 PM on Sat, Sep 26",,False,False,,high,,1349.5
google_flights,2026-08-28,Fri,2026-09-19,Sat,21,AMS,LIM,1200.0,150,0,1350.0,€1200,"KLM, Air France",Amsterdam (AMS) → Paris (CDG),915,15h15,1,"7:25 AM on Fri, Aug 28","3:40 PM on Fri, Aug 28",,True,False,,typical,,1350.0
google_flights,2026-08-28,Fri,2026-09-19,Sat,21,AMS,LIM,1200.0,150,0,1350.0,€1200,Air France,Paris (CDG),925,15h25,1,"9:35 AM on Fri, Aug 28","6:00 PM on Fri, Aug 28",,True,False,,typical,,1350.0
google_flights,2026-08-29,Sat,2026-09-19,Sat,20,AMS,LIM,1200.0,150,0,1350.0,€1200,"KLM, Air France",Amsterdam (AMS) → Paris (CDG),925,15h25,1,"7:15 AM on Sat, Aug 29","3:40 PM on Sat, Aug 29",,True,False,,typical,,1350.0
google_flights,2026-08-20,Thu,2026-09-13,Sun,23,CDG,LIM,1291.0,60,0,1351.0,€1291,Air France,Paris (CDG),750,12h30,0,"10:10 AM on Thu, Aug 20","3:40 PM on Thu, Aug 20",,True,False,,typical,,1351.0
google_flights,2026-08-21,Fri,2026-09-13,Sun,22,CDG,LIM,1291.0,60,0,1351.0,€1291,Air France,Paris (CDG),750,12h30,0,"10:10 AM on Fri, Aug 21","3:40 PM on Fri, Aug 21",,True,False,,typical,,1351.0
google_flights,2026-08-21,Fri,2026-09-14,Mon,23,CDG,LIM,1291.0,60,0,1351.0,€1291,Air France,Paris (CDG),750,12h30,0,"10:10 AM on Fri, Aug 21","3:40 PM on Fri, Aug 21",,True,False,,typical,,1351.0
google_flights,2026-08-22,Sat,2026-09-13,Sun,21,CDG,LIM,1291.0,60,0,1351.0,€1291,Air France,Paris (CDG),750,12h30,0,"10:10 AM on Sat, Aug 22","3:40 PM on Sat, Aug 22",,True,False,,typical,,1351.0
google_flights,2026-08-22,Sat,2026-09-14,Mon,22,CDG,LIM,1291.0,60,0,1351.0,€1291,Air France,Paris (CDG),750,12h30,0,"10:10 AM on Sat, Aug 22","3:40 PM on Sat, Aug 22",,True,False,,typical,,1351.0
google_flights,2026-08-29,Sat,2026-09-21,Mon,22,CDG,LIM,1291.0,60,0,1351.0,€1291,Air France,Paris (CDG),750,12h30,0,"10:10 AM on Sat, Aug 29","3:40 PM on Sat, Aug 29",,True,False,,typical,,1351.0
google_flights,2026-09-03,Thu,2026-09-26,Sat,22,CDG,LIM,1291.0,60,0,1351.0,€1291,Air France,Paris (CDG),750,12h30,0,"10:10 AM on Thu, Sep 3","3:40 PM on Thu, Sep 3",,True,False,,high,,1351.0
google_flights,2026-09-12,Sat,2026-10-03,Sat,20,CDG,LIM,1291.0,60,0,1351.0,€1291,Air France,Paris (CDG),750,12h30,0,"10:10 AM on Sat, Sep 12","3:40 PM on Sat, Sep 12",,True,False,,high,,1351.0
google_flights,2026-09-12,Sat,2026-10-05,Mon,22,CDG,LIM,1291.0,60,0,1351.0,€1291,Air France,Paris (CDG),750,12h30,0,"10:10 AM on Sat, Sep 12","3:40 PM on Sat, Sep 12",,True,False,,high,,1351.0
google_flights,2026-09-19,Sat,2026-10-10,Sat,20,CDG,LIM,1291.0,60,0,1351.0,€1291,Air France,Paris (CDG),750,12h30,0,"10:10 AM on Sat, Sep 19","3:40 PM on Sat, Sep 19",,True,False,,high,,1351.0
google_flights,2026-09-19,Sat,2026-10-12,Mon,22,CDG,LIM,1291.0,60,0,1351.0,€1291,Air France,Paris (CDG),750,12h30,0,"10:10 AM on Sat, Sep 19","3:40 PM on Sat, Sep 19",,True,False,,high,,1351.0
google_flights,2026-09-26,Sat,2026-10-18,Sun,21,CDG,LIM,1291.0,60,0,1351.0,€1291,Air France,Paris (CDG),750,12h30,0,"10:10 AM on Sat, Sep 26","3:40 PM on Sat, Sep 26",,True,False,,high,,1351.0
google_flights,2026-09-26,Sat,2026-10-19,Mon,22,CDG,LIM,1291.0,60,0,1351.0,€1291,Air France,Paris (CDG),750,12h30,0,"10:10 AM on Sat, Sep 26","3:40 PM on Sat, Sep 26",,True,False,,high,,1351.0
google_flights,2026-10-29,Thu,2026-11-21,Sat,22,AMS,LIM,1196.0,150,0,1346.0,€1196,Iberia,Madrid (MAD),970,16h10,1,"7:55 PM on Thu, Oct 29","6:05 AM on Fri, Oct 30",+1,False,False,,typical,,1351.0
google_flights,2026-08-27,Thu,2026-09-20,Sun,23,AMS,LIM,1189.0,150,0,1339.0,€1189,Air Europa,Madrid (MAD),985,16h25,1,"7:00 PM on Thu, Aug 27","4:25 AM on Fri, Aug 28",+1,True,False,,typical,,1351.5
google_flights,2026-10-01,Thu,2026-10-25,Sun,23,AMS,LIM,1189.0,150,0,1339.0,€1189,Air Europa,Madrid (MAD),985,16h25,1,"7:00 PM on Thu, Oct 1","4:25 AM on Fri, Oct 2",+1,True,False,,typical,,1351.5
google_flights,2026-10-02,Fri,2026-10-25,Sun,22,AMS,LIM,1189.0,150,0,1339.0,€1189,Air Europa,Madrid (MAD),985,16h25,1,"7:00 PM on Fri, Oct 2","4:25 AM on Sat, Oct 3",+1,True,False,,typical,,1351.5
google_flights,2026-10-03,Sat,2026-10-24,Sat,20,AMS,LIM,1189.0,150,0,1339.0,€1189,Air Europa,Madrid (MAD),985,16h25,1,"7:00 PM on Sat, Oct 3","4:25 AM on Sun, Oct 4",+1,True,False,,typical,,1351.5
google_flights,2026-10-03,Sat,2026-10-25,Sun,21,AMS,LIM,1189.0,150,0,1339.0,€1189,Air Europa,Madrid (MAD),985,16h25,1,"7:00 PM on Sat, Oct 3","4:25 AM on Sun, Oct 4",+1,True,False,,typical,,1351.5
google_flights,2026-10-03,Sat,2026-10-26,Mon,22,AMS,LIM,1189.0,150,0,1339.0,€1189,Air Europa,Madrid (MAD),985,16h25,1,"7:00 PM on Sat, Oct 3","4:25 AM on Sun, Oct 4",+1,True,False,,typical,,1351.5
google_flights,2026-09-12,Sat,2026-10-03,Sat,20,AMS,LIM,1125.0,150,0,1275.0,€1125,LATAM,Madrid (MAD) / São Paulo (GRU),1115,18h35,1,"1:10 PM on Sat, Sep 12","12:45 AM on Sun, Sep 13",+1,True,False,,high,,1352.5
google_flights,2026-09-18,Fri,2026-10-11,Sun,22,AMS,LIM,1204.0,150,0,1354.0,€1204,Air France,Paris (CDG),925,15h25,1,"9:35 AM on Fri, Sep 18","6:00 PM on Fri, Sep 18",,True,False,,high,,1354.0
google_flights,2026-09-18,Fri,2026-10-10,Sat,21,AMS,LIM,1205.0,150,0,1355.0,€1205,Air France,Paris (CDG),925,15h25,1,"9:35 AM on Fri, Sep 18","6:00 PM on Fri, Sep 18",,True,False,,high,,1355.0
google_flights,2026-09-19,Sat,2026-10-10,Sat,20,AMS,LIM,1205.0,150,0,1355.0,€1205,"KLM, Air France",Amsterdam (AMS) → Paris (CDG),925,15h25,1,"7:15 AM on Sat, Sep 19","3:40 PM on Sat, Sep 19",,True,False,,high,,1355.0
google_flights,2026-08-21,Fri,2026-09-12,Sat,21,CDG,LIM,1291.0,60,0,1351.0,€1291,"Air France, Avianca",Paris (CDG) → Bogotá (BOG),970,16h10,1,"3:40 PM on Fri, Aug 21","12:50 AM on Sat, Aug 22",+1,True,False,,typical,,1356.0
google_flights,2026-08-27,Thu,2026-09-20,Sun,23,AMS,LIM,1209.0,150,0,1359.0,€1209,"KLM, Air France",Amsterdam (AMS) → Paris (CDG),945,15h45,1,"6:55 AM on Thu, Aug 27","3:40 PM on Thu, Aug 27",,True,False,,typical,,1359.0
google_flights,2026-09-17,Thu,2026-10-10,Sat,22,ORY,LIM,1289.0,70,0,1359.0,€1289,Iberia,Madrid (MAD),910,15h10,1,"10:10 AM on Thu, Sep 17","6:20 PM on Thu, Sep 17",,True,False,,typical,,1359.0
google_flights,2026-10-09,Fri,2026-10-31,Sat,21,BRU,LIM,1164.0,100,0,1264.0,€1164,Delta,Atlanta (ATL) / NYC (JFK),1150,19h10,1,"9:45 AM on Fri, Oct 9","9:55 PM on Fri, Oct 9",,True,False,,typical,,1359.0
google_flights,2026-08-21,Fri,2026-09-13,Sun,22,ORY,LIM,1222.0,70,0,1292.0,€1222,Air Europa,Madrid (MAD),1095,18h15,1,"5:10 PM on Fri, Aug 21","4:25 AM on Sat, Aug 22",+1,False,False,,typical,,1359.5
google_flights,2026-08-21,Fri,2026-09-14,Mon,23,ORY,LIM,1222.0,70,0,1292.0,€1222,Air Europa,Madrid (MAD),1095,18h15,1,"5:10 PM on Fri, Aug 21","4:25 AM on Sat, Aug 22",+1,False,False,,low,,1359.5
google_flights,2026-10-01,Thu,2026-10-25,Sun,23,ORY,LIM,1276.0,70,0,1346.0,€1276,Iberia,Madrid (MAD),990,16h30,1,"8:00 PM on Thu, Oct 1","5:30 AM on Fri, Oct 2",+1,True,False,,typical,,1361.0
google_flights,2026-10-08,Thu,2026-10-31,Sat,22,CDG,LIM,1223.0,60,0,1283.0,€1223,United,Houston (IAH) / Newark (EWR),1120,18h40,1,"9:45 AM on Thu, Oct 8","9:25 PM on Thu, Oct 8",,True,False,,high,,1363.0
google_flights,2026-10-16,Fri,2026-11-08,Sun,22,AMS,LIM,1124.0,150,0,1274.0,€1124,LATAM,Madrid (MAD) / São Paulo (GRU),1140,19h,1,"1:10 PM on Fri, Oct 16","1:10 AM on Sat, Oct 17",+1,True,False,,typical,,1364.0
google_flights,2026-09-26,Sat,2026-10-19,Mon,22,BRU,LIM,1243.0,100,0,1343.0,€1243,Iberia,Madrid (MAD),1005,16h45,1,"7:45 PM on Sat, Sep 26","5:30 AM on Sun, Sep 27",+1,True,False,,high,,1365.5
google_flights,2026-10-24,Sat,2026-11-15,Sun,21,AMS,LIM,1139.0,150,0,1289.0,€1139,LATAM,Madrid (MAD) / São Paulo (GRU),1115,18h35,1,"1:10 PM on Sat, Oct 24","12:45 AM on Sun, Oct 25",+1,True,False,,typical,,1366.5
google_flights,2026-09-10,Thu,2026-10-04,Sun,23,ORY,LIM,1283.0,70,0,1353.0,€1283,"Iberia, LATAM",Madrid (MAD) → Madrid (MAD) / São Paulo (GRU),995,16h35,1,"8:55 PM on Thu, Sep 10","6:30 AM on Fri, Sep 11",+1,False,False,,typical,,1370.5
google_flights,2026-08-27,Thu,2026-09-19,Sat,22,AMS,LIM,1222.0,150,0,1372.0,€1222,KLM,Amsterdam (AMS),750,12h30,0,"9:55 AM on Thu, Aug 27","3:25 PM on Thu, Aug 27",,True,False,,typical,,1372.0
google_flights,2026-08-29,Sat,2026-09-19,Sat,20,BRU,LIM,1257.0,100,0,1357.0,€1257,Air Europa,Madrid (MAD),990,16h30,1,"6:55 PM on Sat, Aug 29","4:25 AM on Sun, Aug 30",+1,True,False,,typical,,1372.0
google_flights,2026-08-29,Sat,2026-09-20,Sun,21,BRU,LIM,1257.0,100,0,1357.0,€1257,Air Europa,Madrid (MAD),990,16h30,1,"6:55 PM on Sat, Aug 29","4:25 AM on Sun, Aug 30",+1,True,False,,typical,,1372.0
google_flights,2026-10-01,Thu,2026-10-26,Mon,24,ORY,LIM,1302.0,70,0,1372.0,€1302,Iberia,Madrid (MAD),935,15h35,1,"8:55 PM on Thu, Oct 1","5:30 AM on Fri, Oct 2",+1,False,False,,typical,,1372.0
google_flights,2026-10-10,Sat,2026-10-31,Sat,20,BRU,LIM,1257.0,100,0,1357.0,€1257,Air Europa,Madrid (MAD),990,16h30,1,"6:55 PM on Sat, Oct 10","4:25 AM on Sun, Oct 11",+1,True,False,,typical,,1372.0
google_flights,2026-10-17,Sat,2026-11-08,Sun,21,BRU,LIM,1250.0,100,0,1350.0,€1250,Iberia,Madrid (MAD),1005,16h45,1,"7:45 PM on Sat, Oct 17","5:30 AM on Sun, Oct 18",+1,False,False,,typical,,1372.5
google_flights,2026-09-03,Thu,2026-09-27,Sun,23,AMS,LIM,1133.0,150,0,1283.0,€1133,United,Houston (IAH) / Newark (EWR),1140,19h,1,"11:00 AM on Thu, Sep 3","11:00 PM on Thu, Sep 3",,False,False,,high,,1373.0
google_flights,2026-08-29,Sat,2026-09-19,Sat,20,AMS,LIM,1224.0,150,0,1374.0,€1224,"KLM, Air France",Amsterdam (AMS) → Paris (CDG),945,15h45,1,"6:55 AM on Sat, Aug 29","3:40 PM on Sat, Aug 29",,False,False,,typical,,1374.0
google_flights,2026-08-29,Sat,2026-09-20,Sun,21,AMS,LIM,1224.0,150,0,1374.0,€1224,"KLM, Air France",Amsterdam (AMS) → Paris (CDG),925,15h25,1,"7:15 AM on Sat, Aug 29","3:40 PM on Sat, Aug 29",,True,False,,typical,,1374.0
google_flights,2026-08-20,Thu,2026-09-13,Sun,23,CDG,LIM,1235.0,60,0,1295.0,€1235,United,Houston (IAH) / Newark (EWR),1120,18h40,1,"9:45 AM on Thu, Aug 20","9:25 PM on Thu, Aug 20",,True,False,,typical,,1375.0
google_flights,2026-10-02,Fri,2026-10-25,Sun,22,AMS,LIM,1151.0,150,0,1301.0,€1151,Delta,Atlanta (ATL) / NYC (JFK),1110,18h30,1,"10:25 AM on Fri, Oct 2","9:55 PM on Fri, Oct 2",,False,False,,typical,,1376.0
google_flights,2026-10-09,Fri,2026-10-31,Sat,21,AMS,LIM,1214.0,150,0,1364.0,€1214,Air Europa,Madrid (MAD),985,16h25,1,"7:00 PM on Fri, Oct 9","4:25 AM on Sat, Oct 10",+1,True,False,,typical,,1376.5
google_flights,2026-08-22,Sat,2026-09-14,Mon,22,AMS,LIM,1227.0,150,0,1377.0,€1227,KLM,Amsterdam (AMS),750,12h30,0,"9:55 AM on Sat, Aug 22","3:25 PM on Sat, Aug 22",,True,False,,typical,,1377.0
google_flights,2026-09-03,Thu,2026-09-28,Mon,24,ORY,LIM,1308.0,70,0,1378.0,€1308,Iberia,Madrid (MAD),910,15h10,1,"10:10 AM on Thu, Sep 3","6:20 PM on Thu, Sep 3",,True,False,,typical,,1378.0
google_flights,2026-08-28,Fri,2026-09-20,Sun,22,AMS,LIM,1229.0,150,0,1379.0,€1229,Air France,Paris (CDG),925,15h25,1,"9:35 AM on Fri, Aug 28","6:00 PM on Fri, Aug 28",,True,False,,typical,,1379.0
google_flights,2026-08-28,Fri,2026-09-20,Sun,22,AMS,LIM,1229.0,150,0,1379.0,€1229,"KLM, Air France",Amsterdam (AMS) → Paris (CDG),945,15h45,1,"6:55 AM on Fri, Aug 28","3:40 PM on Fri, Aug 28",,False,False,,typical,,1379.0
google_flights,2026-09-03,Thu,2026-09-26,Sat,22,AMS,LIM,1133.0,150,0,1283.0,€1133,United,Houston (IAH) / Newark (EWR),1155,19h15,1,"9:10 AM on Thu, Sep 3","9:25 PM on Thu, Sep 3",,True,False,,high,,1380.5
google_flights,2026-08-20,Thu,2026-09-14,Mon,24,AMS,LIM,1232.0,150,0,1382.0,€1232,KLM,Amsterdam (AMS),750,12h30,0,"9:55 AM on Thu, Aug 20","3:25 PM on Thu, Aug 20",,True,False,,typical,,1382.0
google_flights,2026-10-17,Sat,2026-11-09,Mon,22,CDG,LIM,1278.0,60,0,1338.0,€1278,Iberia,Madrid (MAD),1055,17h35,1,"6:55 PM on Sat, Oct 17","5:30 AM on Sun, Oct 18",+1,True,False,,high,,1385.5
google_flights,2026-10-24,Sat,2026-11-14,Sat,20,CDG,LIM,1262.0,60,0,1322.0,€1262,Iberia,Madrid (MAD),1090,18h10,1,"6:55 PM on Sat, Oct 24","6:05 AM on Sun, Oct 25",+1,True,False,,high,,1387.0
google_flights,2026-08-20,Thu,2026-09-14,Mon,24,CDG,LIM,1328.0,60,0,1388.0,€1328,"Air France, KLM",Paris (CDG) → Amsterdam (AMS),915,15h15,1,"7:10 AM on Thu, Aug 20","3:25 PM on Thu, Aug 20",,True,False,,typical,,1388.0
google_flights,2026-10-01,Thu,2026-10-25,Sun,23,AMS,LIM,1240.0,150,0,1390.0,€1240,"KLM, Air France",Amsterdam (AMS) → Paris (CDG),915,15h15,1,"7:25 AM on Thu, Oct 1","3:40 PM on Thu, Oct 1",,True,False,,typical,,1390.0
google_flights,2026-07-02,Thu,2026-07-26,Sun,23,CDG,LIM,1332.0,60,0,1392.0,€1332,"Air France, KLM",Paris (CDG) → Amsterdam (AMS),915,15h15,1,"7:10 AM on Thu, Jul 2","3:25 PM on Thu, Jul 2",,True,False,,typical,,1392.0
google_flights,2026-07-03,Fri,2026-07-26,Sun,22,CDG,LIM,1332.0,60,0,1392.0,€1332,"Air France, KLM",Paris (CDG) → Amsterdam (AMS),915,15h15,1,"7:10 AM on Fri, Jul 3","3:25 PM on Fri, Jul 3",,True,False,,typical,,1392.0
google_flights,2026-07-03,Fri,2026-07-27,Mon,23,CDG,LIM,1332.0,60,0,1392.0,€1332,"Air France, KLM",Paris (CDG) → Amsterdam (AMS),915,15h15,1,"7:10 AM on Fri, Jul 3","3:25 PM on Fri, Jul 3",,True,False,,typical,,1392.0
google_flights,2026-09-03,Thu,2026-09-28,Mon,24,AMS,LIM,1156.0,150,0,1306.0,€1156,United,Houston (IAH) / Newark (EWR),1140,19h,1,"11:00 AM on Thu, Sep 3","11:00 PM on Thu, Sep 3",,False,False,,high,,1396.0
google_flights,2026-10-17,Sat,2026-11-09,Mon,22,AMS,LIM,1215.0,150,0,1365.0,€1215,Iberia,Madrid (MAD),1025,17h05,1,"7:25 PM on Sat, Oct 17","5:30 AM on Sun, Oct 18",+1,True,False,,typical,,1397.5
google_flights,2026-08-21,Fri,2026-09-12,Sat,21,ORY,LIM,1262.0,70,0,1332.0,€1262,Air Europa,Madrid (MAD),1095,18h15,1,"5:10 PM on Fri, Aug 21","4:25 AM on Sat, Aug 22",+1,False,False,,typical,,1399.5
google_flights,2026-10-16,Fri,2026-11-07,Sat,21,AMS,LIM,1160.0,150,0,1310.0,€1160,United,Houston (IAH) / Newark (EWR),1140,19h,1,"11:00 AM on Fri, Oct 16","11:00 PM on Fri, Oct 16",,False,False,,typical,,1400.0
google_flights,2026-08-14,Fri,2026-09-05,Sat,21,BRU,LIM,930.0,100,0,1030.0,€930,Air Transat,Montréal (YUL),1705,28h25,1,"9:30 AM on Fri, Aug 14","6:55 AM on Sat, Aug 15",+1,True,False,,typical,,1402.5
google_flights,2026-09-26,Sat,2026-10-17,Sat,20,BRU,LIM,1280.0,100,0,1380.0,€1280,Iberia,Madrid (MAD),1005,16h45,1,"7:45 PM on Sat, Sep 26","5:30 AM on Sun, Sep 27",+1,True,False,,high,,1402.5
google_flights,2026-08-22,Sat,2026-09-13,Sun,21,BRU,LIM,1266.0,100,0,1366.0,€1266,United,Houston (IAH) / Newark (EWR),1035,17h15,1,"11:10 AM on Sat, Aug 22","9:25 PM on Sat, Aug 22",,True,False,,typical,,1403.5
google_flights,2026-08-20,Thu,2026-09-12,Sat,22,CDG,LIM,1344.0,60,0,1404.0,€1344,Air France,Paris (CDG),750,12h30,0,"10:10 AM on Thu, Aug 20","3:40 PM on Thu, Aug 20",,True,False,,typical,,1404.0
google_flights,2026-08-22,Sat,2026-09-12,Sat,20,CDG,LIM,1344.0,60,0,1404.0,€1344,Air France,Paris (CDG),750,12h30,0,"10:10 AM on Sat, Aug 22","3:40 PM on Sat, Aug 22",,True,False,,typical,,1404.0
google_flights,2026-08-20,Thu,2026-09-14,Mon,24,AMS,LIM,1244.0,150,0,1394.0,€1244,Air Europa,Madrid (MAD),985,16h25,1,"7:00 PM on Thu, Aug 20","4:25 AM on Fri, Aug 21",+1,True,False,,typical,,1406.5
google_flights,2026-08-22,Sat,2026-09-14,Mon,22,AMS,LIM,1244.0,150,0,1394.0,€1244,Air Europa,Madrid (MAD),985,16h25,1,"7:00 PM on Sat, Aug 22","4:25 AM on Sun, Aug 23",+1,True,False,,typical,,1406.5
google_flights,2026-09-04,Fri,2026-09-27,Sun,22,AMS,LIM,1244.0,150,0,1394.0,€1244,Air Europa,Madrid (MAD),985,16h25,1,"7:00 PM on Fri, Sep 4","4:25 AM on Sat, Sep 5",+1,True,False,,high,,1406.5
google_flights,2026-09-25,Fri,2026-10-17,Sat,21,AMS,LIM,1244.0,150,0,1394.0,€1244,Air Europa,Madrid (MAD),985,16h25,1,"7:00 PM on Fri, Sep 25","4:25 AM on Sat, Sep 26",+1,True,False,,high,,1406.5
google_flights,2026-09-26,Sat,2026-10-17,Sat,20,AMS,LIM,1244.0,150,0,1394.0,€1244,Air Europa,Madrid (MAD),985,16h25,1,"7:00 PM on Sat, Sep 26","4:25 AM on Sun, Sep 27",+1,True,False,,high,,1406.5
google_flights,2026-09-03,Thu,2026-09-27,Sun,23,ORY,LIM,1338.0,70,0,1408.0,€1338,Iberia,Madrid (MAD),910,15h10,1,"10:10 AM on Thu, Sep 3","6:20 PM on Thu, Sep 3",,True,False,,typical,,1408.0
google_flights,2026-10-17,Sat,2026-11-08,Sun,21,CDG,LIM,1303.0,60,0,1363.0,€1303,Iberia,Madrid (MAD),1055,17h35,1,"6:55 PM on Sat, Oct 17","5:30 AM on Sun, Oct 18",+1,True,False,,high,,1410.5
google_flights,2026-08-14,Fri,2026-09-07,Mon,23,CDG,LIM,1351.0,60,0,1411.0,€1351,Air France,Paris (CDG),750,12h30,0,"10:10 AM on Fri, Aug 14","3:40 PM on Fri, Aug 14",,True,False,,typical,,1411.0
google_flights,2026-09-05,Sat,2026-09-26,Sat,20,BRU,LIM,1297.0,100,0,1397.0,€1297,Air Europa,Madrid (MAD),990,16h30,1,"6:55 PM on Sat, Sep 5","4:25 AM on Sun, Sep 6",+1,True,False,,high,,1412.0
google_flights,2026-10-22,Thu,2026-11-14,Sat,22,ORY,LIM,1342.0,70,0,1412.0,€1342,Iberia,Madrid (MAD),935,15h35,1,"8:55 PM on Thu, Oct 22","5:30 AM on Fri, Oct 23",+1,False,False,,typical,,1412.0
google_flights,2026-08-13,Thu,2026-09-07,Mon,24,AMS,LIM,1264.0,150,0,1414.0,€1264,"KLM, Air France",Amsterdam (AMS) → Paris (CDG),915,15h15,1,"7:25 AM on Thu, Aug 13","3:40 PM on Thu, Aug 13",,True,False,,typical,,1414.0
google_flights,2026-08-20,Thu,2026-09-12,Sat,22,CDG,LIM,1354.0,60,0,1414.0,€1354,"Air France, KLM",Paris (CDG) → Amsterdam (AMS),915,15h15,1,"7:10 AM on Thu, Aug 20","3:25 PM on Thu, Aug 20",,True,False,,typical,,1414.0
google_flights,2026-08-13,Thu,2026-09-06,Sun,23,BRU,LIM,1316.0,100,0,1416.0,€1316,KLM,Amsterdam (AMS),860,14h20,1,"8:05 AM on Thu, Aug 13","3:25 PM on Thu, Aug 13",,True,False,,typical,,1416.0
google_flights,2026-08-22,Sat,2026-09-12,Sat,20,CDG,LIM,1356.0,60,0,1416.0,€1356,"Air France, KLM",Paris (CDG) → Amsterdam (AMS),915,15h15,1,"7:10 AM on Sat, Aug 22","3:25 PM on Sat, Aug 22",,True,False,,typical,,1416.0
google_flights,2026-09-03,Thu,2026-09-26,Sat,22,AMS,LIM,1270.0,150,0,1420.0,€1270,"KLM, Air France",Amsterdam (AMS) → Paris (CDG),915,15h15,1,"7:25 AM on Thu, Sep 3","3:40 PM on Thu, Sep 3",,False,False,,high,,1420.0
google_flights,2026-10-03,Sat,2026-10-25,Sun,21,AMS,LIM,1270.0,150,0,1420.0,€1270,"KLM, Air France",Amsterdam (AMS) → Paris (CDG),945,15h45,1,"6:55 AM on Sat, Oct 3","3:40 PM on Sat, Oct 3",,False,False,,typical,,1420.0
google_flights,2026-10-17,Sat,2026-11-07,Sat,20,CDG,LIM,1325.0,60,0,1385.0,€1325,Iberia,Madrid (MAD),1055,17h35,1,"6:55 PM on Sat, Oct 17","5:30 AM on Sun, Oct 18",+1,True,False,,high,,1432.5
google_flights,2026-08-13,Thu,2026-09-06,Sun,23,AMS,LIM,1284.0,150,0,1434.0,€1284,"KLM, Air France",Amsterdam (AMS) → Paris (CDG),915,15h15,1,"7:25 AM on Thu, Aug 13","3:40 PM on Thu, Aug 13",,True,False,,typical,,1434.0
google_flights,2026-10-10,Sat,2026-10-31,Sat,20,BRU,LIM,1239.0,100,0,1339.0,€1239,Delta,Atlanta (ATL) / NYC (JFK),1150,19h10,1,"9:45 AM on Sat, Oct 10","9:55 PM on Sat, Oct 10",,True,False,,typical,,1434.0
google_flights,2026-10-17,Sat,2026-11-08,Sun,21,AMS,LIM,1252.0,150,0,1402.0,€1252,Iberia,Madrid (MAD),1025,17h05,1,"7:25 PM on Sat, Oct 17","5:30 AM on Sun, Oct 18",+1,True,False,,typical,,1434.5
google_flights,2026-10-16,Fri,2026-11-09,Mon,23,AMS,LIM,1195.0,150,0,1345.0,€1195,LATAM,Madrid (MAD) / São Paulo (GRU),1140,19h,1,"1:10 PM on Fri, Oct 16","1:10 AM on Sat, Oct 17",+1,True,False,,typical,,1435.0
google_flights,2026-08-20,Thu,2026-09-12,Sat,22,AMS,LIM,1274.0,150,0,1424.0,€1274,Air Europa,Madrid (MAD),985,16h25,1,"7:00 PM on Thu, Aug 20","4:25 AM on Fri, Aug 21",+1,True,False,,typical,,1436.5
google_flights,2026-08-20,Thu,2026-09-13,Sun,23,AMS,LIM,1274.0,150,0,1424.0,€1274,Air Europa,Madrid (MAD),985,16h25,1,"7:00 PM on Thu, Aug 20","4:25 AM on Fri, Aug 21",+1,True,False,,typical,,1436.5
google_flights,2026-08-22,Sat,2026-09-12,Sat,20,AMS,LIM,1274.0,150,0,1424.0,€1274,Air Europa,Madrid (MAD),985,16h25,1,"7:00 PM on Sat, Aug 22","4:25 AM on Sun, Aug 23",+1,True,False,,typical,,1436.5
google_flights,2026-08-22,Sat,2026-09-13,Sun,21,AMS,LIM,1274.0,150,0,1424.0,€1274,Air Europa,Madrid (MAD),985,16h25,1,"7:00 PM on Sat, Aug 22","4:25 AM on Sun, Aug 23",+1,True,False,,typical,,1436.5
google_flights,2026-08-27,Thu,2026-09-19,Sat,22,ORY,LIM,1310.0,70,0,1380.0,€1310,Iberia,Madrid (MAD),1075,17h55,1,"7:25 AM on Thu, Aug 27","6:20 PM on Thu, Aug 27",,True,False,,typical,,1437.5
google_flights,2026-07-03,Fri,2026-07-25,Sat,21,CDG,LIM,1380.0,60,0,1440.0,€1380,"Air France, KLM",Paris (CDG) → Amsterdam (AMS),915,15h15,1,"7:10 AM on Fri, Jul 3","3:25 PM on Fri, Jul 3",,True,False,,typical,,1440.0
google_flights,2026-09-25,Fri,2026-10-17,Sat,21,AMS,LIM,1213.0,150,0,1363.0,€1213,LATAM,Madrid (MAD) / São Paulo (GRU),1115,18h35,1,"1:10 PM on Fri, Sep 25","12:45 AM on Sat, Sep 26",+1,True,False,,high,,1440.5
google_flights,2026-07-02,Thu,2026-07-25,Sat,22,CDG,LIM,1385.0,60,0,1445.0,€1385,"Air France, KLM",Paris (CDG) → Amsterdam (AMS),915,15h15,1,"7:10 AM on Thu, Jul 2","3:25 PM on Thu, Jul 2",,True,False,,typical,,1445.0
google_flights,2026-09-10,Thu,2026-10-03,Sat,22,ORY,LIM,1120.0,70,0,1190.0,€1120,Air Europa,Madrid (MAD),1470,24h30,1,"10:55 AM on Thu, Sep 10","4:25 AM on Fri, Sep 11",+1,False,False,,typical,,1445.0
google_flights,2026-08-13,Thu,2026-09-07,Mon,24,BRU,LIM,1346.0,100,0,1446.0,€1346,KLM,Amsterdam (AMS),860,14h20,1,"8:05 AM on Thu, Aug 13","3:25 PM on Thu, Aug 13",,True,False,,typical,,1446.0
google_flights,2026-10-17,Sat,2026-11-07,Sat,20,BRU,LIM,1326.0,100,0,1426.0,€1326,Iberia,Madrid (MAD),1005,16h45,1,"7:45 PM on Sat, Oct 17","5:30 AM on Sun, Oct 18",+1,True,False,,typical,,1448.5
google_flights,2026-07-04,Sat,2026-07-25,Sat,20,CDG,LIM,1389.0,60,0,1449.0,€1389,"Air France, KLM",Paris (CDG) → Amsterdam (AMS),915,15h15,1,"7:10 AM on Sat, Jul 4","3:25 PM on Sat, Jul 4",,True,False,,typical,,1449.0
google_flights,2026-07-04,Sat,2026-07-26,Sun,21,CDG,LIM,1389.0,60,0,1449.0,€1389,"Air France, KLM",Paris (CDG) → Amsterdam (AMS),915,15h15,1,"7:10 AM on Sat, Jul 4","3:25 PM on Sat, Jul 4",,True,False,,typical,,1449.0
google_flights,2026-07-04,Sat,2026-07-27,Mon,22,CDG,LIM,1389.0,60,0,1449.0,€1389,"Air France, KLM",Paris (CDG) → Amsterdam (AMS),915,15h15,1,"7:10 AM on Sat, Jul 4","3:25 PM on Sat, Jul 4",,True,False,,typical,,1449.0
google_flights,2026-08-21,Fri,2026-09-13,Sun,22,AMS,LIM,1304.0,150,0,1454.0,€1304,Air France,Paris (CDG),925,15h25,1,"9:35 AM on Fri, Aug 21","6:00 PM on Fri, Aug 21",,True,False,,typical,,1454.0
google_flights,2026-08-21,Fri,2026-09-13,Sun,22,AMS,LIM,1304.0,150,0,1454.0,€1304,"KLM, Air France",Amsterdam (AMS) → Paris (CDG),945,15h45,1,"6:55 AM on Fri, Aug 21","3:40 PM on Fri, Aug 21",,False,False,,typical,,1454.0
google_flights,2026-09-05,Sat,2026-09-26,Sat,20,AMS,LIM,1207.0,150,0,1357.0,€1207,United,Houston (IAH) / Newark (EWR),1155,19h15,1,"9:10 AM on Sat, Sep 5","9:25 PM on Sat, Sep 5",,False,False,,high,,1454.5
google_flights,2026-09-26,Sat,2026-10-17,Sat,20,AMS,LIM,1310.0,150,0,1460.0,€1310,"KLM, Air France",Amsterdam (AMS) → Paris (CDG),925,15h25,1,"7:15 AM on Sat, Sep 26","3:40 PM on Sat, Sep 26",,True,False,,high,,1460.0
google_flights,2026-07-02,Thu,2026-07-25,Sat,22,BRU,LIM,1361.0,100,0,1461.0,€1361,KLM,Amsterdam (AMS),860,14h20,1,"8:05 AM on Thu, Jul 2","3:25 PM on Thu, Jul 2",,True,False,,typical,,1461.0
google_flights,2026-07-02,Thu,2026-07-26,Sun,23,BRU,LIM,1361.0,100,0,1461.0,€1361,KLM,Amsterdam (AMS),860,14h20,1,"8:05 AM on Thu, Jul 2","3:25 PM on Thu, Jul 2",,True,False,,typical,,1461.0
google_flights,2026-07-02,Thu,2026-07-27,Mon,24,BRU,LIM,1361.0,100,0,1461.0,€1361,KLM,Amsterdam (AMS),860,14h20,1,"8:05 AM on Thu, Jul 2","3:25 PM on Thu, Jul 2",,True,False,,typical,,1461.0
google_flights,2026-08-20,Thu,2026-09-12,Sat,22,AMS,LIM,1221.0,150,0,1371.0,€1221,United,Houston (IAH) / Newark (EWR),1140,19h,1,"11:00 AM on Thu, Aug 20","11:00 PM on Thu, Aug 20",,False,False,,typical,,1461.0
google_flights,2026-08-20,Thu,2026-09-13,Sun,23,AMS,LIM,1221.0,150,0,1371.0,€1221,United,Houston (IAH) / Newark (EWR),1140,19h,1,"11:00 AM on Thu, Aug 20","11:00 PM on Thu, Aug 20",,False,False,,typical,,1461.0
google_flights,2026-08-21,Fri,2026-09-12,Sat,21,AMS,LIM,1221.0,150,0,1371.0,€1221,United,Houston (IAH) / Newark (EWR),1140,19h,1,"11:00 AM on Fri, Aug 21","11:00 PM on Fri, Aug 21",,False,False,,typical,,1461.0
google_flights,2026-08-22,Sat,2026-09-12,Sat,20,AMS,LIM,1221.0,150,0,1371.0,€1221,United,Houston (IAH) / Newark (EWR),1140,19h,1,"11:00 AM on Sat, Aug 22","11:00 PM on Sat, Aug 22",,False,False,,typical,,1461.0
google_flights,2026-10-10,Sat,2026-11-01,Sun,21,AMS,LIM,1221.0,150,0,1371.0,€1221,United,Houston (IAH) / Newark (EWR),1140,19h,1,"11:00 AM on Sat, Oct 10","11:00 PM on Sat, Oct 10",,False,False,,typical,,1461.0
google_flights,2026-10-29,Thu,2026-11-23,Mon,24,ORY,AQP,1200.0,70,0,1270.0,€1200,"Iberia, LATAM",Madrid (MAD) → Madrid (MAD) / São Paulo (GRU),1145,19h05,2,"8:55 PM on Thu, Oct 29","10:00 AM on Fri, Oct 30",+1,True,False,,low,,1462.5
google_flights,2026-08-15,Sat,2026-09-07,Mon,22,CDG,LIM,1404.0,60,0,1464.0,€1404,Air France,Paris (CDG),750,12h30,0,"10:10 AM on Sat, Aug 15","3:40 PM on Sat, Aug 15",,True,False,,typical,,1464.0
google_flights,2026-08-13,Thu,2026-09-07,Mon,24,CDG,LIM,1404.0,60,0,1464.0,€1404,"Air France, Avianca",Paris (CDG) → Bogotá (BOG),970,16h10,1,"3:40 PM on Thu, Aug 13","12:50 AM on Fri, Aug 14",+1,True,False,,typical,,1469.0
google_flights,2026-07-10,Fri,2026-08-03,Mon,23,BRU,LIM,1369.0,100,0,1469.0,€1369,KLM,Amsterdam (AMS),965,16h05,1,"6:20 AM on Fri, Jul 10","3:25 PM on Fri, Jul 10",,True,False,,typical,,1471.5
google_flights,2026-07-02,Thu,2026-07-27,Mon,24,CDG,LIM,1414.0,60,0,1474.0,€1414,"Air France, KLM",Paris (CDG) → Amsterdam (AMS),915,15h15,1,"7:10 AM on Thu, Jul 2","3:25 PM on Thu, Jul 2",,True,False,,typical,,1474.0
google_flights,2026-07-02,Thu,2026-07-27,Mon,24,AMS,LIM,1325.0,150,0,1475.0,€1325,"KLM, Air France",Amsterdam (AMS) → Paris (CDG),915,15h15,1,"7:25 AM on Thu, Jul 2","3:40 PM on Thu, Jul 2",,True,False,,typical,,1475.0
google_flights,2026-08-14,Fri,2026-09-06,Sun,22,BRU,LIM,1378.0,100,0,1478.0,€1378,KLM,Amsterdam (AMS),860,14h20,1,"8:05 AM on Fri, Aug 14","3:25 PM on Fri, Aug 14",,True,False,,typical,,1478.0
google_flights,2026-07-17,Fri,2026-08-10,Mon,23,CDG,LIM,1419.0,60,0,1479.0,€1419,"Air France, KLM",Paris (CDG) → Amsterdam (AMS),915,15h15,1,"7:10 AM on Fri, Jul 17","3:25 PM on Fri, Jul 17",,True,False,,typical,,1479.0
google_flights,2026-08-14,Fri,2026-09-07,Mon,23,BRU,LIM,1379.0,100,0,1479.0,€1379,KLM,Amsterdam (AMS),860,14h20,1,"8:05 AM on Fri, Aug 14","3:25 PM on Fri, Aug 14",,True,False,,typical,,1479.0
google_flights,2026-07-02,Thu,2026-07-26,Sun,23,BRU,LIM,1378.0,100,0,1478.0,€1378,KLM,Amsterdam (AMS),965,16h05,1,"6:20 AM on Thu, Jul 2","3:25 PM on Thu, Jul 2",,False,False,,typical,,1480.5
google_flights,2026-08-15,Sat,2026-09-06,Sun,21,BRU,LIM,1378.0,100,0,1478.0,€1378,KLM,Amsterdam (AMS),965,16h05,1,"6:20 AM on Sat, Aug 15","3:25 PM on Sat, Aug 15",,True,False,,typical,,1480.5
google_flights,2026-08-15,Sat,2026-09-07,Mon,22,BRU,LIM,1378.0,100,0,1478.0,€1378,KLM,Amsterdam (AMS),965,16h05,1,"6:20 AM on Sat, Aug 15","3:25 PM on Sat, Aug 15",,True,False,,typical,,1480.5
google_flights,2026-07-02,Thu,2026-07-27,Mon,24,BRU,LIM,1379.0,100,0,1479.0,€1379,KLM,Amsterdam (AMS),965,16h05,1,"6:20 AM on Thu, Jul 2","3:25 PM on Thu, Jul 2",,False,False,,typical,,1481.5
google_flights,2026-08-14,Fri,2026-09-07,Mon,23,AMS,LIM,1284.0,150,0,1434.0,€1284,"KLM, Air France",Amsterdam (AMS) → Paris (CDG),1055,17h35,1,"7:25 AM on Fri, Aug 14","6:00 PM on Fri, Aug 14",,True,False,,typical,,1481.5
google_flights,2026-07-09,Thu,2026-08-03,Mon,24,CDG,LIM,1422.0,60,0,1482.0,€1422,"Air France, KLM",Paris (CDG) → Amsterdam (AMS),915,15h15,1,"7:10 AM on Thu, Jul 9","3:25 PM on Thu, Jul 9",,True,False,,typical,,1482.0
google_flights,2026-07-11,Sat,2026-08-03,Mon,22,CDG,LIM,1422.0,60,0,1482.0,€1422,"Air France, KLM",Paris (CDG) → Amsterdam (AMS),915,15h15,1,"7:10 AM on Sat, Jul 11","3:25 PM on Sat, Jul 11",,True,False,,typical,,1482.0
google_flights,2026-10-10,Sat,2026-10-31,Sat,20,AMS,LIM,1245.0,150,0,1395.0,€1245,United,Houston (IAH) / Newark (EWR),1140,19h,1,"11:00 AM on Sat, Oct 10","11:00 PM on Sat, Oct 10",,True,False,,high,,1485.0
google_flights,2026-08-14,Fri,2026-09-07,Mon,23,BRU,LIM,1348.0,100,0,1448.0,€1348,United,Houston (IAH) / Newark (EWR),1035,17h15,1,"11:10 AM on Fri, Aug 14","9:25 PM on Fri, Aug 14",,True,False,,typical,,1485.5
google_flights,2026-08-14,Fri,2026-09-07,Mon,23,AMS,LIM,1246.0,150,0,1396.0,€1246,United,Houston (IAH) / Newark (EWR),1140,19h,1,"11:00 AM on Fri, Aug 14","11:00 PM on Fri, Aug 14",,True,False,,typical,,1486.0
google_flights,2026-08-15,Sat,2026-09-07,Mon,22,AMS,LIM,1246.0,150,0,1396.0,€1246,United,Houston (IAH) / Newark (EWR),1140,19h,1,"11:00 AM on Sat, Aug 15","11:00 PM on Sat, Aug 15",,True,False,,typical,,1486.0
google_flights,2026-08-15,Sat,2026-09-06,Sun,21,CDG,LIM,1347.0,60,0,1407.0,€1347,United,Houston (IAH) / Newark (EWR),1120,18h40,1,"9:45 AM on Sat, Aug 15","9:25 PM on Sat, Aug 15",,True,False,,typical,,1487.0
google_flights,2026-10-01,Thu,2026-10-24,Sat,22,ORY,LIM,1417.0,70,0,1487.0,€1417,Iberia,Madrid (MAD),910,15h10,1,"10:10 AM on Thu, Oct 1","6:20 PM on Thu, Oct 1",,True,False,,typical,,1487.0
google_flights,2026-10-10,Sat,2026-11-02,Mon,22,AMS,LIM,1305.0,150,0,1455.0,€1305,Iberia,Madrid (MAD),1025,17h05,1,"7:25 PM on Sat, Oct 10","5:30 AM on Sun, Oct 11",+1,False,False,,typical,,1487.5
google_flights,2026-07-02,Thu,2026-07-25,Sat,22,BRU,LIM,1390.0,100,0,1490.0,€1390,KLM,Amsterdam (AMS),965,16h05,1,"6:20 AM on Thu, Jul 2","3:25 PM on Thu, Jul 2",,False,False,,typical,,1492.5
google_flights,2026-07-03,Fri,2026-07-25,Sat,21,BRU,LIM,1390.0,100,0,1490.0,€1390,KLM,Amsterdam (AMS),965,16h05,1,"6:20 AM on Fri, Jul 3","3:25 PM on Fri, Jul 3",,True,False,,low,,1492.5
google_flights,2026-07-03,Fri,2026-07-26,Sun,22,BRU,LIM,1390.0,100,0,1490.0,€1390,KLM,Amsterdam (AMS),965,16h05,1,"6:20 AM on Fri, Jul 3","3:25 PM on Fri, Jul 3",,True,False,,typical,,1492.5
google_flights,2026-07-03,Fri,2026-07-27,Mon,23,BRU,LIM,1390.0,100,0,1490.0,€1390,KLM,Amsterdam (AMS),965,16h05,1,"6:20 AM on Fri, Jul 3","3:25 PM on Fri, Jul 3",,True,False,,typical,,1492.5
google_flights,2026-07-23,Thu,2026-08-17,Mon,24,BRU,LIM,1393.0,100,0,1493.0,€1393,KLM,Amsterdam (AMS),860,14h20,1,"8:05 AM on Thu, Jul 23","3:25 PM on Thu, Jul 23",,True,False,,typical,,1493.0
google_flights,2026-07-02,Thu,2026-07-26,Sun,23,AMS,LIM,1344.0,150,0,1494.0,€1344,"KLM, Air France",Amsterdam (AMS) → Paris (CDG),915,15h15,1,"7:25 AM on Thu, Jul 2","3:40 PM on Thu, Jul 2",,True,False,,typical,,1494.0
google_flights,2026-07-03,Fri,2026-07-27,Mon,23,AMS,LIM,1345.0,150,0,1495.0,€1345,"KLM, Air France",Amsterdam (AMS) → Paris (CDG),945,15h45,1,"6:55 AM on Fri, Jul 3","3:40 PM on Fri, Jul 3",,True,False,,typical,,1495.0
google_flights,2026-07-04,Sat,2026-07-27,Mon,22,AMS,LIM,1345.0,150,0,1495.0,€1345,"KLM, Air France",Amsterdam (AMS) → Paris (CDG),925,15h25,1,"7:15 AM on Sat, Jul 4","3:40 PM on Sat, Jul 4",,True,False,,low,,1495.0
google_flights,2026-07-03,Fri,2026-07-26,Sun,22,CDG,LIM,1436.0,60,0,1496.0,€1436,Air France,Paris (CDG),750,12h30,0,"10:10 AM on Fri, Jul 3","3:40 PM on Fri, Jul 3",,True,False,,typical,,1496.0
google_flights,2026-08-14,Fri,2026-09-06,Sun,22,CDG,LIM,1436.0,60,0,1496.0,€1436,Air France,Paris (CDG),750,12h30,0,"10:10 AM on Fri, Aug 14","3:40 PM on Fri, Aug 14",,True,False,,typical,,1496.0
google_flights,2026-08-14,Fri,2026-09-06,Sun,22,BRU,LIM,1359.0,100,0,1459.0,€1359,United,Houston (IAH) / Newark (EWR),1035,17h15,1,"11:10 AM on Fri, Aug 14","9:25 PM on Fri, Aug 14",,True,False,,typical,,1496.5
google_flights,2026-07-10,Fri,2026-08-02,Sun,22,BRU,LIM,1395.0,100,0,1495.0,€1395,KLM,Amsterdam (AMS),965,16h05,1,"6:20 AM on Fri, Jul 10","3:25 PM on Fri, Jul 10",,True,False,,typical,,1497.5
google_flights,2026-08-14,Fri,2026-09-05,Sat,21,BRU,LIM,1360.0,100,0,1460.0,€1360,United,Houston (IAH) / Newark (EWR),1035,17h15,1,"11:10 AM on Fri, Aug 14","9:25 PM on Fri, Aug 14",,True,False,,typical,,1497.5
google_flights,2026-08-15,Sat,2026-09-05,Sat,20,BRU,LIM,1384.0,100,0,1484.0,€1384,Air Europa,Madrid (MAD),990,16h30,1,"6:55 PM on Sat, Aug 15","4:25 AM on Sun, Aug 16",+1,True,False,,typical,,1499.0
google_flights,2026-10-23,Fri,2026-11-15,Sun,22,AMS,CUZ,1009.0,150,0,1159.0,€1009,LATAM,Madrid (MAD) / São Paulo (GRU),1440,24h,2,"1:10 PM on Fri, Oct 23","6:10 AM on Sat, Oct 24",+1,True,False,,,,1499.0
google_flights,2026-07-02,Thu,2026-07-26,Sun,23,CDG,LIM,1441.0,60,0,1501.0,€1441,Air France,Paris (CDG),750,12h30,0,"10:10 AM on Thu, Jul 2","3:40 PM on Thu, Jul 2",,True,False,,typical,,1501.0
google_flights,2026-07-02,Thu,2026-07-27,Mon,24,CDG,LIM,1441.0,60,0,1501.0,€1441,Air France,Paris (CDG),750,12h30,0,"10:10 AM on Thu, Jul 2","3:40 PM on Thu, Jul 2",,True,False,,typical,,1501.0
google_flights,2026-07-03,Fri,2026-07-27,Mon,23,CDG,LIM,1441.0,60,0,1501.0,€1441,Air France,Paris (CDG),750,12h30,0,"10:10 AM on Fri, Jul 3","3:40 PM on Fri, Jul 3",,True,False,,typical,,1501.0
google_flights,2026-07-04,Sat,2026-07-26,Sun,21,CDG,LIM,1441.0,60,0,1501.0,€1441,Air France,Paris (CDG),750,12h30,0,"10:10 AM on Sat, Jul 4","3:40 PM on Sat, Jul 4",,True,False,,typical,,1501.0
google_flights,2026-07-04,Sat,2026-07-27,Mon,22,CDG,LIM,1441.0,60,0,1501.0,€1441,Air France,Paris (CDG),750,12h30,0,"10:10 AM on Sat, Jul 4","3:40 PM on Sat, Jul 4",,True,False,,typical,,1501.0
google_flights,2026-07-09,Thu,2026-08-03,Mon,24,CDG,LIM,1441.0,60,0,1501.0,€1441,Air France,Paris (CDG),750,12h30,0,"10:10 AM on Thu, Jul 9","3:40 PM on Thu, Jul 9",,True,False,,typical,,1501.0
google_flights,2026-07-10,Fri,2026-08-03,Mon,23,CDG,LIM,1441.0,60,0,1501.0,€1441,Air France,Paris (CDG),750,12h30,0,"10:10 AM on Fri, Jul 10","3:40 PM on Fri, Jul 10",,True,False,,typical,,1501.0
google_flights,2026-08-13,Thu,2026-09-06,Sun,23,CDG,LIM,1441.0,60,0,1501.0,€1441,Air France,Paris (CDG),750,12h30,0,"10:10 AM on Thu, Aug 13","3:40 PM on Thu, Aug 13",,True,False,,typical,,1501.0
google_flights,2026-08-14,Fri,2026-09-06,Sun,22,AMS,LIM,1304.0,150,0,1454.0,€1304,"KLM, Air France",Amsterdam (AMS) → Paris (CDG),1055,17h35,1,"7:25 AM on Fri, Aug 14","6:00 PM on Fri, Aug 14",,True,False,,typical,,1501.5
google_flights,2026-09-10,Thu,2026-10-04,Sun,23,BRU,CUZ,1063.0,100,0,1163.0,€1063,LATAM,Madrid (MAD) / São Paulo (GRU),1440,24h,2,"1:10 PM on Thu, Sep 10","6:10 AM on Fri, Sep 11",+1,True,False,,,,1503.0
google_flights,2026-08-15,Sat,2026-09-07,Mon,22,BRU,LIM,1366.0,100,0,1466.0,€1366,United,Houston (IAH) / Newark (EWR),1035,17h15,1,"11:10 AM on Sat, Aug 15","9:25 PM on Sat, Aug 15",,True,False,,typical,,1503.5
google_flights,2026-07-10,Fri,2026-08-03,Mon,23,BRU,LIM,1408.0,100,0,1508.0,€1408,KLM,Amsterdam (AMS),860,14h20,1,"8:05 AM on Fri, Jul 10","3:25 PM on Fri, Jul 10",,True,False,,typical,,1508.0
google_flights,2026-07-16,Thu,2026-08-10,Mon,24,CDG,LIM,1448.0,60,0,1508.0,€1448,"Air France, KLM",Paris (CDG) → Amsterdam (AMS),915,15h15,1,"7:10 AM on Thu, Jul 16","3:25 PM on Thu, Jul 16",,True,False,,typical,,1508.0
google_flights,2026-07-09,Thu,2026-08-03,Mon,24,BRU,LIM,1408.0,100,0,1508.0,€1408,KLM,Amsterdam (AMS),965,16h05,1,"6:20 AM on Thu, Jul 9","3:25 PM on Thu, Jul 9",,True,False,,typical,,1510.5
google_flights,2026-07-16,Thu,2026-08-10,Mon,24,BRU,LIM,1411.0,100,0,1511.0,€1411,KLM,Amsterdam (AMS),860,14h20,1,"8:05 AM on Thu, Jul 16","3:25 PM on Thu, Jul 16",,True,False,,typical,,1511.0
google_flights,2026-07-17,Fri,2026-08-10,Mon,23,BRU,LIM,1411.0,100,0,1511.0,€1411,KLM,Amsterdam (AMS),860,14h20,1,"8:05 AM on Fri, Jul 17","3:25 PM on Fri, Jul 17",,True,False,,typical,,1511.0
google_flights,2026-10-31,Sat,2026-11-23,Mon,22,ORY,CUZ,1198.0,70,0,1268.0,€1198,"Iberia, LATAM",Madrid (MAD) → Madrid (MAD) / São Paulo (GRU),1250,20h50,2,"6:55 PM on Sat, Oct 31","9:45 AM on Sun, Nov 1",+1,True,False,,,,1513.0
google_flights,2026-07-03,Fri,2026-07-26,Sun,22,AMS,LIM,1364.0,150,0,1514.0,€1364,"KLM, Air France",Amsterdam (AMS) → Paris (CDG),945,15h45,1,"6:55 AM on Fri, Jul 3","3:40 PM on Fri, Jul 3",,True,False,,typical,,1514.0
google_flights,2026-07-04,Sat,2026-07-26,Sun,21,AMS,LIM,1365.0,150,0,1515.0,€1365,"KLM, Air France",Amsterdam (AMS) → Paris (CDG),925,15h25,1,"7:15 AM on Sat, Jul 4","3:40 PM on Sat, Jul 4",,True,False,,low,,1515.0
google_flights,2026-08-15,Sat,2026-09-05,Sat,20,BRU,LIM,1378.0,100,0,1478.0,€1378,United,Houston (IAH) / Newark (EWR),1035,17h15,1,"11:10 AM on Sat, Aug 15","9:25 PM on Sat, Aug 15",,True,False,,typical,,1515.5
google_flights,2026-07-18,Sat,2026-08-10,Mon,22,AMS,LIM,1184.0,150,0,1334.0,€1184,Air Transat,Montréal (YUL),1325,22h05,1,"2:55 PM on Sat, Jul 18","6:00 AM on Sun, Jul 19",+1,True,False,,typical,,1516.5
google_flights,2026-07-25,Sat,2026-08-16,Sun,21,AMS,LIM,1184.0,150,0,1334.0,€1184,Air Transat,Montréal (YUL),1325,22h05,1,"2:55 PM on Sat, Jul 25","6:00 AM on Sun, Jul 26",+1,True,False,,typical,,1516.5
google_flights,2026-10-29,Thu,2026-11-23,Mon,24,ORY,CUZ,1262.0,70,0,1332.0,€1262,"Iberia, LATAM",Madrid (MAD) → Madrid (MAD) / São Paulo (GRU),1130,18h50,2,"8:55 PM on Thu, Oct 29","9:45 AM on Fri, Oct 30",+1,True,False,,typical,,1517.0
google_flights,2026-10-29,Thu,2026-11-22,Sun,23,ORY,AQP,1255.0,70,0,1325.0,€1255,"Iberia, LATAM",Madrid (MAD) → Madrid (MAD) / São Paulo (GRU),1145,19h05,2,"8:55 PM on Thu, Oct 29","10:00 AM on Fri, Oct 30",+1,True,False,,low,,1517.5
google_flights,2026-08-13,Thu,2026-09-05,Sat,22,CDG,LIM,1462.0,60,0,1522.0,€1462,Air France,Paris (CDG),750,12h30,0,"10:10 AM on Thu, Aug 13","3:40 PM on Thu, Aug 13",,True,False,,typical,,1522.0
google_flights,2026-08-14,Fri,2026-09-05,Sat,21,CDG,LIM,1462.0,60,0,1522.0,€1462,Air France,Paris (CDG),750,12h30,0,"10:10 AM on Fri, Aug 14","3:40 PM on Fri, Aug 14",,True,False,,typical,,1522.0
google_flights,2026-08-13,Thu,2026-09-05,Sat,22,BRU,LIM,1409.0,100,0,1509.0,€1409,Air Europa,Madrid (MAD),990,16h30,1,"6:55 PM on Thu, Aug 13","4:25 AM on Fri, Aug 14",+1,True,False,,typical,,1524.0
google_flights,2026-08-06,Thu,2026-08-31,Mon,24,BRU,LIM,1429.0,100,0,1529.0,€1429,KLM,Amsterdam (AMS),860,14h20,1,"8:05 AM on Thu, Aug 6","3:25 PM on Thu, Aug 6",,True,False,,typical,,1529.0
google_flights,2026-07-02,Thu,2026-07-27,Mon,24,AMS,LIM,1382.0,150,0,1532.0,€1382,"KLM, Air France",Amsterdam (AMS) → Paris (CDG),940,15h40,1,"7:00 AM on Thu, Jul 2","3:40 PM on Thu, Jul 2",,False,False,,typical,,1532.0
google_flights,2026-10-30,Fri,2026-11-21,Sat,21,BRU,AQP,1149.0,100,0,1249.0,€1149,"Air Europa, Sky Airline",Madrid (MAD),1330,22h10,2,"6:55 PM on Fri, Oct 30","11:05 AM on Sat, Oct 31",+1,True,False,,low,,1534.0
google_flights,2026-10-30,Fri,2026-11-23,Mon,23,BRU,AQP,1149.0,100,0,1249.0,€1149,"Air Europa, Sky Airline",Madrid (MAD),1330,22h10,2,"6:55 PM on Fri, Oct 30","11:05 AM on Sat, Oct 31",+1,True,False,,low,,1534.0
google_flights,2026-07-03,Fri,2026-07-25,Sat,21,CDG,LIM,1475.0,60,0,1535.0,€1475,Air France,Paris (CDG),750,12h30,0,"10:10 AM on Fri, Jul 3","3:40 PM on Fri, Jul 3",,True,False,,typical,,1535.0
google_flights,2026-07-09,Thu,2026-08-01,Sat,22,CDG,LIM,1475.0,60,0,1535.0,€1475,"Air France, KLM",Paris (CDG) → Amsterdam (AMS),915,15h15,1,"7:10 AM on Thu, Jul 9","3:25 PM on Thu, Jul 9",,True,False,,high,,1535.0
google_flights,2026-07-10,Fri,2026-08-02,Sun,22,BRU,LIM,1435.0,100,0,1535.0,€1435,KLM,Amsterdam (AMS),860,14h20,1,"8:05 AM on Fri, Jul 10","3:25 PM on Fri, Jul 10",,True,False,,typical,,1535.0
google_flights,2026-07-11,Sat,2026-08-01,Sat,20,CDG,LIM,1475.0,60,0,1535.0,€1475,"Air France, KLM",Paris (CDG) → Amsterdam (AMS),915,15h15,1,"7:10 AM on Sat, Jul 11","3:25 PM on Sat, Jul 11",,True,False,,high,,1535.0
google_flights,2026-07-17,Fri,2026-08-10,Mon,23,AMS,LIM,1385.0,150,0,1535.0,€1385,"KLM, Air France",Amsterdam (AMS) → Paris (CDG),915,15h15,1,"7:25 AM on Fri, Jul 17","3:40 PM on Fri, Jul 17",,True,False,,typical,,1535.0
google_flights,2026-07-11,Sat,2026-08-02,Sun,21,CDG,LIM,1476.0,60,0,1536.0,€1476,"Air France, KLM",Paris (CDG) → Amsterdam (AMS),915,15h15,1,"7:10 AM on Sat, Jul 11","3:25 PM on Sat, Jul 11",,True,False,,high,,1536.0
google_flights,2026-07-09,Thu,2026-08-02,Sun,23,BRU,LIM,1435.0,100,0,1535.0,€1435,KLM,Amsterdam (AMS),965,16h05,1,"6:20 AM on Thu, Jul 9","3:25 PM on Thu, Jul 9",,True,False,,typical,,1537.5
google_flights,2026-07-04,Sat,2026-07-25,Sat,20,CDG,LIM,1480.0,60,0,1540.0,€1480,Air France,Paris (CDG),750,12h30,0,"10:10 AM on Sat, Jul 4","3:40 PM on Sat, Jul 4",,True,False,,typical,,1540.0
google_flights,2026-10-31,Sat,2026-11-23,Mon,22,BRU,AQP,1213.0,100,0,1313.0,€1213,"Iberia, LATAM",Madrid (MAD) → Madrid (MAD) / São Paulo (GRU),1215,20h15,2,"7:45 PM on Sat, Oct 31","10:00 AM on Sun, Nov 1",+1,True,False,,low,,1540.5
google_flights,2026-07-18,Sat,2026-08-09,Sun,21,AMS,LIM,1209.0,150,0,1359.0,€1209,Air Transat,Montréal (YUL),1325,22h05,1,"2:55 PM on Sat, Jul 18","6:00 AM on Sun, Jul 19",+1,True,False,,typical,,1541.5
google_flights,2026-07-25,Sat,2026-08-17,Mon,22,AMS,LIM,1209.0,150,0,1359.0,€1209,Air Transat,Montréal (YUL),1325,22h05,1,"2:55 PM on Sat, Jul 25","6:00 AM on Sun, Jul 26",+1,True,False,,typical,,1541.5
google_flights,2026-07-02,Thu,2026-07-26,Sun,23,AMS,LIM,1392.0,150,0,1542.0,€1392,"KLM, Air France",Amsterdam (AMS) → Paris (CDG),940,15h40,1,"7:00 AM on Thu, Jul 2","3:40 PM on Thu, Jul 2",,False,False,,typical,,1542.0
google_flights,2026-10-17,Sat,2026-11-07,Sat,20,AMS,LIM,1362.0,150,0,1512.0,€1362,Iberia,Madrid (MAD),1025,17h05,1,"7:25 PM on Sat, Oct 17","5:30 AM on Sun, Oct 18",+1,True,False,,typical,,1544.5
google_flights,2026-08-13,Thu,2026-09-05,Sat,22,AMS,LIM,1307.0,150,0,1457.0,€1307,United,Houston (IAH) / Newark (EWR),1140,19h,1,"11:00 AM on Thu, Aug 13","11:00 PM on Thu, Aug 13",,True,False,,typical,,1547.0
google_flights,2026-07-10,Fri,2026-08-01,Sat,21,CDG,LIM,1489.0,60,0,1549.0,€1489,Air France,Paris (CDG),750,12h30,0,"10:10 AM on Fri, Jul 10","3:40 PM on Fri, Jul 10",,True,False,,high,,1549.0
google_flights,2026-07-10,Fri,2026-08-02,Sun,22,CDG,LIM,1490.0,60,0,1550.0,€1490,Air France,Paris (CDG),750,12h30,0,"10:10 AM on Fri, Jul 10","3:40 PM on Fri, Jul 10",,True,False,,typical,,1550.0
google_flights,2026-10-15,Thu,2026-11-09,Mon,24,BRU,CUZ,1208.0,100,0,1308.0,€1208,"Iberia, LATAM",Madrid (MAD) → Madrid (MAD) / São Paulo (GRU),1245,20h45,2,"7:45 PM on Thu, Oct 15","9:30 AM on Fri, Oct 16",+1,True,False,,typical,,1550.5
google_flights,2026-07-02,Thu,2026-07-25,Sat,22,AMS,LIM,1402.0,150,0,1552.0,€1402,"KLM, Air France",Amsterdam (AMS) → Paris (CDG),915,15h15,1,"7:25 AM on Thu, Jul 2","3:40 PM on Thu, Jul 2",,True,False,,typical,,1552.0
google_flights,2026-07-03,Fri,2026-07-27,Mon,23,AMS,LIM,1402.0,150,0,1552.0,€1402,"KLM, Air France",Amsterdam (AMS) → Paris (CDG),915,15h15,1,"7:25 AM on Fri, Jul 3","3:40 PM on Fri, Jul 3",,True,False,,typical,,1552.0
google_flights,2026-07-23,Thu,2026-08-17,Mon,24,AMS,LIM,1402.0,150,0,1552.0,€1402,KLM,Amsterdam (AMS),750,12h30,0,"9:55 AM on Thu, Jul 23","3:25 PM on Thu, Jul 23",,True,False,,high,,1552.0
google_flights,2026-07-16,Thu,2026-08-10,Mon,24,BRU,LIM,1451.0,100,0,1551.0,€1451,KLM,Amsterdam (AMS),965,16h05,1,"6:20 AM on Thu, Jul 16","3:25 PM on Thu, Jul 16",,False,False,,typical,,1553.5
google_flights,2026-07-02,Thu,2026-07-25,Sat,22,CDG,LIM,1494.0,60,0,1554.0,€1494,Air France,Paris (CDG),750,12h30,0,"10:10 AM on Thu, Jul 2","3:40 PM on Thu, Jul 2",,True,False,,typical,,1554.0
google_flights,2026-07-09,Thu,2026-08-01,Sat,22,CDG,LIM,1494.0,60,0,1554.0,€1494,Air France,Paris (CDG),750,12h30,0,"10:10 AM on Thu, Jul 9","3:40 PM on Thu, Jul 9",,True,False,,high,,1554.0
google_flights,2026-08-15,Sat,2026-09-06,Sun,21,CDG,LIM,1494.0,60,0,1554.0,€1494,Air France,Paris (CDG),750,12h30,0,"10:10 AM on Sat, Aug 15","3:40 PM on Sat, Aug 15",,True,False,,typical,,1554.0
google_flights,2026-07-16,Thu,2026-08-10,Mon,24,AMS,LIM,1409.0,150,0,1559.0,€1409,KLM,Amsterdam (AMS),750,12h30,0,"9:55 AM on Thu, Jul 16","3:25 PM on Thu, Jul 16",,True,False,,typical,,1559.0
google_flights,2026-07-16,Thu,2026-08-10,Mon,24,CDG,LIM,1501.0,60,0,1561.0,€1501,Air France,Paris (CDG),750,12h30,0,"10:10 AM on Thu, Jul 16","3:40 PM on Thu, Jul 16",,True,False,,typical,,1561.0
google_flights,2026-07-18,Sat,2026-08-10,Mon,22,CDG,LIM,1501.0,60,0,1561.0,€1501,Air France,Paris (CDG),750,12h30,0,"10:10 AM on Sat, Jul 18","3:40 PM on Sat, Jul 18",,True,False,,high,,1561.0
google_flights,2026-07-09,Thu,2026-08-02,Sun,23,CDG,LIM,1504.0,60,0,1564.0,€1504,"Air France, KLM",Paris (CDG) → Amsterdam (AMS),915,15h15,1,"7:10 AM on Thu, Jul 9","3:25 PM on Thu, Jul 9",,True,False,,high,,1564.0
google_flights,2026-08-06,Thu,2026-08-31,Mon,24,CDG,LIM,1505.0,60,0,1565.0,€1505,"Air France, KLM",Paris (CDG) → Amsterdam (AMS),915,15h15,1,"7:10 AM on Thu, Aug 6","3:25 PM on Thu, Aug 6",,True,False,,typical,,1565.0
google_flights,2026-08-07,Fri,2026-08-31,Mon,23,CDG,LIM,1505.0,60,0,1565.0,€1505,"Air France, KLM",Paris (CDG) → Amsterdam (AMS),915,15h15,1,"7:10 AM on Fri, Aug 7","3:25 PM on Fri, Aug 7",,True,False,,high,,1565.0
google_flights,2026-07-17,Fri,2026-08-08,Sat,21,CDG,LIM,1509.0,60,0,1569.0,€1509,"Air France, KLM",Paris (CDG) → Amsterdam (AMS),915,15h15,1,"7:10 AM on Fri, Jul 17","3:25 PM on Fri, Jul 17",,True,False,,high,,1569.0
google_flights,2026-08-15,Sat,2026-09-05,Sat,20,CDG,LIM,1510.0,60,0,1570.0,€1510,Air France,Paris (CDG),750,12h30,0,"10:10 AM on Sat, Aug 15","3:40 PM on Sat, Aug 15",,True,False,,typical,,1570.0
google_flights,2026-10-31,Sat,2026-11-23,Mon,22,ORY,AQP,1200.0,70,0,1270.0,€1200,"Iberia, LATAM",Madrid (MAD) → Madrid (MAD) / São Paulo (GRU),1360,22h40,2,"5:20 PM on Sat, Oct 31","10:00 AM on Sun, Nov 1",+1,True,False,,low,,1570.0
google_flights,2026-07-24,Fri,2026-08-17,Mon,23,BRU,LIM,1468.0,100,0,1568.0,€1468,KLM,Amsterdam (AMS),965,16h05,1,"6:20 AM on Fri, Jul 24","3:25 PM on Fri, Jul 24",,True,False,,typical,,1570.5
google_flights,2026-07-03,Fri,2026-07-25,Sat,21,AMS,LIM,1422.0,150,0,1572.0,€1422,"KLM, Air France",Amsterdam (AMS) → Paris (CDG),945,15h45,1,"6:55 AM on Fri, Jul 3","3:40 PM on Fri, Jul 3",,True,False,,typical,,1572.0
google_flights,2026-07-04,Sat,2026-07-25,Sat,20,AMS,LIM,1422.0,150,0,1572.0,€1422,"KLM, Air France",Amsterdam (AMS) → Paris (CDG),925,15h25,1,"7:15 AM on Sat, Jul 4","3:40 PM on Sat, Jul 4",,True,False,,high,,1572.0
google_flights,2026-07-09,Thu,2026-08-03,Mon,24,AMS,LIM,1422.0,150,0,1572.0,€1422,KLM,Amsterdam (AMS),750,12h30,0,"9:55 AM on Thu, Jul 9","3:25 PM on Thu, Jul 9",,True,False,,typical,,1572.0
google_flights,2026-07-24,Fri,2026-08-17,Mon,23,AMS,LIM,1422.0,150,0,1572.0,€1422,KLM,Amsterdam (AMS),750,12h30,0,"9:55 AM on Fri, Jul 24","3:25 PM on Fri, Jul 24",,True,False,,high,,1572.0
google_flights,2026-07-25,Sat,2026-08-17,Mon,22,AMS,LIM,1422.0,150,0,1572.0,€1422,KLM,Amsterdam (AMS),750,12h30,0,"9:55 AM on Sat, Jul 25","3:25 PM on Sat, Jul 25",,True,False,,typical,,1572.0
google_flights,2026-08-14,Fri,2026-09-05,Sat,21,AMS,LIM,1332.0,150,0,1482.0,€1332,United,Houston (IAH) / Newark (EWR),1140,19h,1,"11:00 AM on Fri, Aug 14","11:00 PM on Fri, Aug 14",,True,False,,typical,,1572.0
google_flights,2026-08-15,Sat,2026-09-05,Sat,20,AMS,LIM,1332.0,150,0,1482.0,€1332,United,Houston (IAH) / Newark (EWR),1140,19h,1,"11:00 AM on Sat, Aug 15","11:00 PM on Sat, Aug 15",,True,False,,typical,,1572.0
google_flights,2026-08-15,Sat,2026-09-06,Sun,21,AMS,LIM,1422.0,150,0,1572.0,€1422,KLM,Amsterdam (AMS),750,12h30,0,"9:55 AM on Sat, Aug 15","3:25 PM on Sat, Aug 15",,True,False,,typical,,1572.0
google_flights,2026-10-31,Sat,2026-11-23,Mon,22,ORY,AQP,1250.0,70,0,1320.0,€1250,"Iberia, LATAM",Madrid (MAD) → Madrid (MAD) / São Paulo (GRU),1265,21h05,2,"6:55 PM on Sat, Oct 31","10:00 AM on Sun, Nov 1",+1,True,False,,low,,1572.5
google_flights,2026-07-23,Thu,2026-08-17,Mon,24,AMS,LIM,1424.0,150,0,1574.0,€1424,"KLM, Air France",Amsterdam (AMS) → Paris (CDG),915,15h15,1,"7:25 AM on Thu, Jul 23","3:40 PM on Thu, Jul 23",,True,False,,high,,1574.0
google_flights,2026-08-15,Sat,2026-09-06,Sun,21,BRU,LIM,1437.0,100,0,1537.0,€1437,United,Houston (IAH) / Newark (EWR),1035,17h15,1,"11:10 AM on Sat, Aug 15","9:25 PM on Sat, Aug 15",,True,False,,typical,,1574.5
google_flights,2026-07-23,Thu,2026-08-17,Mon,24,CDG,LIM,1519.0,60,0,1579.0,€1519,"Air France, KLM",Paris (CDG) → Amsterdam (AMS),915,15h15,1,"7:10 AM on Thu, Jul 23","3:25 PM on Thu, Jul 23",,True,False,,high,,1579.0
google_flights,2026-07-25,Sat,2026-08-17,Mon,22,BRU,LIM,1477.0,100,0,1577.0,€1477,KLM,Amsterdam (AMS),965,16h05,1,"6:20 AM on Sat, Jul 25","3:25 PM on Sat, Jul 25",,True,False,,typical,,1579.5
google_flights,2026-07-03,Fri,2026-07-26,Sun,22,AMS,LIM,1431.0,150,0,1581.0,€1431,KLM,Amsterdam (AMS),750,12h30,0,"9:55 AM on Fri, Jul 3","3:25 PM on Fri, Jul 3",,True,False,,typical,,1581.0
google_flights,2026-08-13,Thu,2026-09-07,Mon,24,BRU,LIM,1467.0,100,0,1567.0,€1467,Air Europa,Madrid (MAD),990,16h30,1,"6:55 PM on Thu, Aug 13","4:25 AM on Fri, Aug 14",+1,True,False,,typical,,1582.0
google_flights,2026-09-10,Thu,2026-10-05,Mon,24,CDG,AQP,1160.0,60,0,1220.0,€1160,LATAM,Madrid (MAD) / São Paulo (GRU),1485,24h45,2,"1:00 PM on Thu, Sep 10","6:45 AM on Fri, Sep 11",+1,True,False,,,,1582.5
google_flights,2026-07-09,Thu,2026-08-02,Sun,23,CDG,LIM,1523.0,60,0,1583.0,€1523,Air France,Paris (CDG),750,12h30,0,"10:10 AM on Thu, Jul 9","3:40 PM on Thu, Jul 9",,True,False,,high,,1583.0
google_flights,2026-08-15,Sat,2026-09-07,Mon,22,CDG,LIM,1523.0,60,0,1583.0,€1523,"Air France, KLM",Paris (CDG) → Amsterdam (AMS),915,15h15,1,"7:10 AM on Sat, Aug 15","3:25 PM on Sat, Aug 15",,True,False,,typical,,1583.0
google_flights,2026-10-31,Sat,2026-11-21,Sat,20,BRU,AQP,1200.0,100,0,1300.0,€1200,"Air Europa, Sky Airline",Madrid (MAD),1330,22h10,2,"6:55 PM on Sat, Oct 31","11:05 AM on Sun, Nov 1",+1,True,False,,,,1585.0
google_flights,2026-10-31,Sat,2026-11-23,Mon,22,BRU,AQP,1200.0,100,0,1300.0,€1200,"Air Europa, Sky Airline",Madrid (MAD),1330,22h10,2,"6:55 PM on Sat, Oct 31","11:05 AM on Sun, Nov 1",+1,True,False,,low,,1585.0
google_flights,2026-08-13,Thu,2026-09-05,Sat,22,BRU,LIM,1448.0,100,0,1548.0,€1448,United,Houston (IAH) / Newark (EWR),1035,17h15,1,"11:10 AM on Thu, Aug 13","9:25 PM on Thu, Aug 13",,True,False,,typical,,1585.5
google_flights,2026-07-02,Thu,2026-07-25,Sat,22,ORY,LIM,1517.0,70,0,1587.0,€1517,Air Europa,Madrid (MAD),960,16h,1,"7:25 PM on Thu, Jul 2","4:25 AM on Fri, Jul 3",+1,True,False,,typical,,1587.0
google_flights,2026-07-02,Thu,2026-07-26,Sun,23,ORY,LIM,1517.0,70,0,1587.0,€1517,Air Europa,Madrid (MAD),960,16h,1,"7:25 PM on Thu, Jul 2","4:25 AM on Fri, Jul 3",+1,True,False,,typical,,1587.0
google_flights,2026-07-02,Thu,2026-07-27,Mon,24,ORY,LIM,1517.0,70,0,1587.0,€1517,Air Europa,Madrid (MAD),960,16h,1,"7:25 PM on Thu, Jul 2","4:25 AM on Fri, Jul 3",+1,True,False,,typical,,1587.0
google_flights,2026-07-03,Fri,2026-07-25,Sat,21,ORY,LIM,1517.0,70,0,1587.0,€1517,Air Europa,Madrid (MAD),960,16h,1,"7:25 PM on Fri, Jul 3","4:25 AM on Sat, Jul 4",+1,True,False,,typical,,1587.0
google_flights,2026-07-03,Fri,2026-07-26,Sun,22,ORY,LIM,1517.0,70,0,1587.0,€1517,Air Europa,Madrid (MAD),960,16h,1,"7:25 PM on Fri, Jul 3","4:25 AM on Sat, Jul 4",+1,True,False,,typical,,1587.0
google_flights,2026-07-03,Fri,2026-07-27,Mon,23,ORY,LIM,1517.0,70,0,1587.0,€1517,Air Europa,Madrid (MAD),960,16h,1,"7:25 PM on Fri, Jul 3","4:25 AM on Sat, Jul 4",+1,True,False,,typical,,1587.0
google_flights,2026-07-11,Sat,2026-08-02,Sun,21,AMS,LIM,1438.0,150,0,1588.0,€1438,KLM,Amsterdam (AMS),750,12h30,0,"9:55 AM on Sat, Jul 11","3:25 PM on Sat, Jul 11",,True,False,,high,,1588.0
google_flights,2026-07-09,Thu,2026-08-03,Mon,24,AMS,LIM,1439.0,150,0,1589.0,€1439,"KLM, Air France",Amsterdam (AMS) → Paris (CDG),915,15h15,1,"7:25 AM on Thu, Jul 9","3:40 PM on Thu, Jul 9",,True,False,,typical,,1589.0
google_flights,2026-08-06,Thu,2026-08-29,Sat,22,BRU,LIM,1490.0,100,0,1590.0,€1490,KLM,Amsterdam (AMS),860,14h20,1,"8:05 AM on Thu, Aug 6","3:25 PM on Thu, Aug 6",,True,False,,typical,,1590.0
google_flights,2026-08-06,Thu,2026-08-30,Sun,23,BRU,LIM,1490.0,100,0,1590.0,€1490,KLM,Amsterdam (AMS),860,14h20,1,"8:05 AM on Thu, Aug 6","3:25 PM on Thu, Aug 6",,True,False,,typical,,1590.0
google_flights,2026-07-10,Fri,2026-08-03,Mon,23,AMS,LIM,1394.0,150,0,1544.0,€1394,"KLM, Air France",Amsterdam (AMS) → Paris (CDG),1055,17h35,1,"7:25 AM on Fri, Jul 10","6:00 PM on Fri, Jul 10",,True,False,,typical,,1591.5
google_flights,2026-10-29,Thu,2026-11-22,Sun,23,ORY,CUZ,1338.0,70,0,1408.0,€1338,"Iberia, LATAM",Madrid (MAD) → Madrid (MAD) / São Paulo (GRU),1130,18h50,2,"8:55 PM on Thu, Oct 29","9:45 AM on Fri, Oct 30",+1,True,False,,typical,,1593.0
google_flights,2026-10-30,Fri,2026-11-22,Sun,22,BRU,AQP,1208.0,100,0,1308.0,€1208,"Air Europa, Sky Airline",Madrid (MAD),1330,22h10,2,"6:55 PM on Fri, Oct 30","11:05 AM on Sat, Oct 31",+1,True,False,,low,,1593.0
google_flights,2026-07-24,Fri,2026-08-17,Mon,23,AMS,LIM,1444.0,150,0,1594.0,€1444,"KLM, Air France",Amsterdam (AMS) → Paris (CDG),915,15h15,1,"7:25 AM on Fri, Jul 24","3:40 PM on Fri, Jul 24",,True,False,,high,,1594.0
google_flights,2026-07-16,Thu,2026-08-08,Sat,22,BRU,LIM,1495.0,100,0,1595.0,€1495,KLM,Amsterdam (AMS),860,14h20,1,"8:05 AM on Thu, Jul 16","3:25 PM on Thu, Jul 16",,True,False,,typical,,1595.0
google_flights,2026-07-17,Fri,2026-08-08,Sat,21,BRU,LIM,1495.0,100,0,1595.0,€1495,KLM,Amsterdam (AMS),860,14h20,1,"8:05 AM on Fri, Jul 17","3:25 PM on Fri, Jul 17",,True,False,,typical,,1595.0
google_flights,2026-08-06,Thu,2026-08-29,Sat,22,CDG,LIM,1535.0,60,0,1595.0,€1535,"Air France, KLM",Paris (CDG) → Amsterdam (AMS),915,15h15,1,"7:10 AM on Thu, Aug 6","3:25 PM on Thu, Aug 6",,True,False,,high,,1595.0
google_flights,2026-08-07,Fri,2026-08-31,Mon,23,BRU,LIM,1495.0,100,0,1595.0,€1495,KLM,Amsterdam (AMS),965,16h05,1,"6:20 AM on Fri, Aug 7","3:25 PM on Fri, Aug 7",,True,False,,typical,,1597.5
google_flights,2026-08-08,Sat,2026-08-31,Mon,22,BRU,LIM,1495.0,100,0,1595.0,€1495,KLM,Amsterdam (AMS),965,16h05,1,"6:20 AM on Sat, Aug 8","3:25 PM on Sat, Aug 8",,True,False,,typical,,1597.5
google_flights,2026-10-31,Sat,2026-11-21,Sat,20,BRU,AQP,1270.0,100,0,1370.0,€1270,"Iberia, LATAM",Madrid (MAD) → Madrid (MAD) / São Paulo (GRU),1215,20h15,2,"7:45 PM on Sat, Oct 31","10:00 AM on Sun, Nov 1",+1,True,False,,,,1597.5
google_flights,2026-08-06,Thu,2026-08-31,Mon,24,AMS,LIM,1358.0,150,0,1508.0,€1358,United,Houston (IAH) / Newark (EWR),1140,19h,1,"11:00 AM on Thu, Aug 6","11:00 PM on Thu, Aug 6",,True,False,,typical,,1598.0
google_flights,2026-07-16,Thu,2026-08-08,Sat,22,CDG,LIM,1539.0,60,0,1599.0,€1539,"Air France, KLM",Paris (CDG) → Amsterdam (AMS),915,15h15,1,"7:10 AM on Thu, Jul 16","3:25 PM on Thu, Jul 16",,True,False,,high,,1599.0
google_flights,2026-08-13,Thu,2026-09-05,Sat,22,AMS,LIM,1449.0,150,0,1599.0,€1449,"KLM, Air France",Amsterdam (AMS) → Paris (CDG),915,15h15,1,"7:25 AM on Thu, Aug 13","3:40 PM on Thu, Aug 13",,True,False,,typical,,1599.0
google_flights,2026-07-11,Sat,2026-08-03,Mon,22,CDG,LIM,1305.0,60,0,1365.0,€1305,Avianca,Bogotá (BOG),1430,23h50,1,"8:55 AM on Sat, Jul 11","1:45 AM on Sun, Jul 12",+1,True,False,,typical,,1600.0
google_flights,2026-07-02,Thu,2026-07-25,Sat,22,AMS,LIM,1451.0,150,0,1601.0,€1451,KLM,Amsterdam (AMS),750,12h30,0,"9:55 AM on Thu, Jul 2","3:25 PM on Thu, Jul 2",,True,False,,typical,,1601.0
google_flights,2026-07-09,Thu,2026-08-02,Sun,23,AMS,LIM,1451.0,150,0,1601.0,€1451,KLM,Amsterdam (AMS),750,12h30,0,"9:55 AM on Thu, Jul 9","3:25 PM on Thu, Jul 9",,True,False,,typical,,1601.0
google_flights,2026-07-10,Fri,2026-08-03,Mon,23,AMS,LIM,1451.0,150,0,1601.0,€1451,KLM,Amsterdam (AMS),750,12h30,0,"9:55 AM on Fri, Jul 10","3:25 PM on Fri, Jul 10",,True,False,,typical,,1601.0
google_flights,2026-07-11,Sat,2026-08-03,Mon,22,AMS,LIM,1451.0,150,0,1601.0,€1451,KLM,Amsterdam (AMS),750,12h30,0,"9:55 AM on Sat, Jul 11","3:25 PM on Sat, Jul 11",,True,False,,high,,1601.0
google_flights,2026-08-07,Fri,2026-08-30,Sun,22,BRU,LIM,1501.0,100,0,1601.0,€1501,KLM,Amsterdam (AMS),860,14h20,1,"8:05 AM on Fri, Aug 7","3:25 PM on Fri, Aug 7",,True,False,,typical,,1601.0
google_flights,2026-09-11,Fri,2026-10-04,Sun,22,AMS,AQP,1094.0,150,0,1244.0,€1094,LATAM,Madrid (MAD) / São Paulo (GRU),1475,24h35,2,"1:10 PM on Fri, Sep 11","6:45 AM on Sat, Sep 12",+1,True,False,,,,1601.5
google_flights,2026-10-29,Thu,2026-11-23,Mon,24,ORY,CUZ,1338.0,70,0,1408.0,€1338,"Iberia, LATAM",Madrid (MAD) → Madrid (MAD) / São Paulo (GRU),1150,19h10,2,"10:15 AM on Thu, Oct 29","11:25 PM on Thu, Oct 29",,True,False,,typical,,1603.0
google_flights,2026-10-29,Thu,2026-11-21,Sat,22,AMS,CUZ,1161.0,150,0,1311.0,€1161,"Air Europa, Sky Airline",Madrid (MAD),1345,22h25,2,"7:00 PM on Thu, Oct 29","11:25 AM on Fri, Oct 30",+1,True,False,,,,1603.5
google_flights,2026-07-24,Fri,2026-08-17,Mon,23,BRU,LIM,1512.0,100,0,1612.0,€1512,KLM,Amsterdam (AMS),860,14h20,1,"8:05 AM on Fri, Jul 24","3:25 PM on Fri, Jul 24",,True,False,,typical,,1612.0
google_flights,2026-08-07,Fri,2026-08-31,Mon,23,AMS,LIM,1462.0,150,0,1612.0,€1462,Air France,Paris (CDG),925,15h25,1,"9:35 AM on Fri, Aug 7","6:00 PM on Fri, Aug 7",,True,False,,typical,,1612.0
google_flights,2026-09-10,Thu,2026-10-03,Sat,22,BRU,CUZ,1172.0,100,0,1272.0,€1172,LATAM,Madrid (MAD) / São Paulo (GRU),1440,24h,2,"1:10 PM on Thu, Sep 10","6:10 AM on Fri, Sep 11",+1,True,False,,,,1612.0
google_flights,2026-07-09,Thu,2026-08-03,Mon,24,BRU,LIM,1514.0,100,0,1614.0,€1514,KLM,Amsterdam (AMS),860,14h20,1,"8:05 AM on Thu, Jul 9","3:25 PM on Thu, Jul 9",,True,False,,typical,,1614.0
google_flights,2026-09-24,Thu,2026-10-18,Sun,23,ORY,CUZ,1334.0,70,0,1404.0,€1334,"Air Europa, Sky Airline",Madrid (MAD),1180,19h40,2,"7:25 PM on Thu, Sep 24","8:05 AM on Fri, Sep 25",+1,True,False,,typical,,1614.0
google_flights,2026-07-02,Thu,2026-07-25,Sat,22,ORY,LIM,1477.0,70,0,1547.0,€1477,Air Europa,Madrid (MAD),1095,18h15,1,"5:10 PM on Thu, Jul 2","4:25 AM on Fri, Jul 3",+1,True,False,,typical,,1614.5
google_flights,2026-07-02,Thu,2026-07-26,Sun,23,ORY,LIM,1477.0,70,0,1547.0,€1477,Air Europa,Madrid (MAD),1095,18h15,1,"5:10 PM on Thu, Jul 2","4:25 AM on Fri, Jul 3",+1,True,False,,typical,,1614.5
google_flights,2026-07-02,Thu,2026-07-27,Mon,24,ORY,LIM,1477.0,70,0,1547.0,€1477,Air Europa,Madrid (MAD),1095,18h15,1,"5:10 PM on Thu, Jul 2","4:25 AM on Fri, Jul 3",+1,True,False,,typical,,1614.5
google_flights,2026-10-31,Sat,2026-11-21,Sat,20,CDG,CUZ,1305.0,60,0,1365.0,€1305,"Iberia, LATAM",Madrid (MAD) → Madrid (MAD) / São Paulo (GRU),1260,21h,2,"6:45 PM on Sat, Oct 31","9:45 AM on Sun, Nov 1",+1,True,False,,,,1615.0
google_flights,2026-08-06,Thu,2026-08-31,Mon,24,AMS,LIM,1466.0,150,0,1616.0,€1466,KLM,Amsterdam (AMS),750,12h30,0,"9:55 AM on Thu, Aug 6","3:25 PM on Thu, Aug 6",,True,False,,typical,,1616.0
google_flights,2026-08-13,Thu,2026-09-06,Sun,23,CDG,LIM,1556.0,60,0,1616.0,€1556,"Air France, KLM",Paris (CDG) → Amsterdam (AMS),915,15h15,1,"7:10 AM on Thu, Aug 13","3:25 PM on Thu, Aug 13",,True,False,,typical,,1616.0
google_flights,2026-07-11,Sat,2026-08-03,Mon,22,BRU,LIM,1514.0,100,0,1614.0,€1514,KLM,Amsterdam (AMS),965,16h05,1,"6:20 AM on Sat, Jul 11","3:25 PM on Sat, Jul 11",,True,False,,typical,,1616.5
google_flights,2026-08-15,Sat,2026-09-05,Sat,20,CDG,LIM,1479.0,60,0,1539.0,€1479,United,Houston (IAH) / Newark (EWR),1120,18h40,1,"9:45 AM on Sat, Aug 15","9:25 PM on Sat, Aug 15",,False,False,,typical,,1619.0
google_flights,2026-07-10,Fri,2026-08-02,Sun,22,AMS,LIM,1422.0,150,0,1572.0,€1422,"KLM, Air France",Amsterdam (AMS) → Paris (CDG),1055,17h35,1,"7:25 AM on Fri, Jul 10","6:00 PM on Fri, Jul 10",,True,False,,typical,,1619.5
google_flights,2026-07-03,Fri,2026-07-25,Sat,21,AMS,LIM,1471.0,150,0,1621.0,€1471,KLM,Amsterdam (AMS),750,12h30,0,"9:55 AM on Fri, Jul 3","3:25 PM on Fri, Jul 3",,True,False,,typical,,1621.0
google_flights,2026-07-10,Fri,2026-08-02,Sun,22,AMS,LIM,1471.0,150,0,1621.0,€1471,KLM,Amsterdam (AMS),750,12h30,0,"9:55 AM on Fri, Jul 10","3:25 PM on Fri, Jul 10",,True,False,,typical,,1621.0
google_flights,2026-08-13,Thu,2026-09-06,Sun,23,BRU,LIM,1507.0,100,0,1607.0,€1507,Air Europa,Madrid (MAD),990,16h30,1,"6:55 PM on Thu, Aug 13","4:25 AM on Fri, Aug 14",+1,True,False,,typical,,1622.0
google_flights,2026-08-14,Fri,2026-09-06,Sun,22,ORY,LIM,1483.0,70,0,1553.0,€1483,"Vueling, LEVEL",Barcelone (BCN),1100,18h20,1,"8:30 AM on Fri, Aug 14","7:50 PM on Fri, Aug 14",,True,False,,typical,,1623.0
google_flights,2026-10-08,Thu,2026-11-02,Mon,24,ORY,CUZ,1368.0,70,0,1438.0,€1368,"Iberia, LATAM",Madrid (MAD) → Madrid (MAD) / São Paulo (GRU),1130,18h50,2,"10:10 AM on Thu, Oct 8","10:00 PM on Thu, Oct 8",,True,False,,,,1623.0
google_flights,2026-10-30,Fri,2026-11-22,Sun,22,ORY,CUZ,1368.0,70,0,1438.0,€1368,"Iberia, LATAM",Madrid (MAD) → Madrid (MAD) / São Paulo (GRU),1130,18h50,2,"8:55 PM on Fri, Oct 30","9:45 AM on Sat, Oct 31",+1,False,False,,,,1623.0
google_flights,2026-07-18,Sat,2026-08-10,Mon,22,CDG,LIM,1564.0,60,0,1624.0,€1564,"Air France, KLM",Paris (CDG) → Amsterdam (AMS),915,15h15,1,"7:10 AM on Sat, Jul 18","3:25 PM on Sat, Jul 18",,True,False,,high,,1624.0
google_flights,2026-08-07,Fri,2026-08-29,Sat,21,CDG,LIM,1564.0,60,0,1624.0,€1564,"Air France, KLM",Paris (CDG) → Amsterdam (AMS),915,15h15,1,"7:10 AM on Fri, Aug 7","3:25 PM on Fri, Aug 7",,True,False,,high,,1624.0
google_flights,2026-08-08,Sat,2026-08-31,Mon,22,AMS,LIM,1476.0,150,0,1626.0,€1476,KLM,Amsterdam (AMS),750,12h30,0,"9:55 AM on Sat, Aug 8","3:25 PM on Sat, Aug 8",,True,False,,high,,1626.0
google_flights,2026-07-03,Fri,2026-07-25,Sat,21,BRU,LIM,1155.0,100,0,1255.0,€1155,Air Transat,Montréal (YUL),1705,28h25,1,"9:30 AM on Fri, Jul 3","6:55 AM on Sat, Jul 4",+1,True,False,,low,,1627.5
google_flights,2026-08-07,Fri,2026-08-29,Sat,21,BRU,LIM,1155.0,100,0,1255.0,€1155,Air Transat,Montréal (YUL),1705,28h25,1,"9:30 AM on Fri, Aug 7","6:55 AM on Sat, Aug 8",+1,True,False,,typical,,1627.5
google_flights,2026-09-18,Fri,2026-10-11,Sun,22,CDG,AQP,1205.0,60,0,1265.0,€1205,LATAM,Madrid (MAD) / São Paulo (GRU),1485,24h45,2,"1:00 PM on Fri, Sep 18","6:45 AM on Sat, Sep 19",+1,True,False,,,,1627.5
google_flights,2026-07-16,Thu,2026-08-10,Mon,24,AMS,LIM,1480.0,150,0,1630.0,€1480,"KLM, Air France",Amsterdam (AMS) → Paris (CDG),945,15h45,1,"6:55 AM on Thu, Jul 16","3:40 PM on Thu, Jul 16",,False,False,,typical,,1630.0
google_flights,2026-09-12,Sat,2026-10-04,Sun,21,AMS,AQP,1480.0,150,0,1630.0,€1480,"KLM, LATAM",Amsterdam (AMS) → Madrid (MAD) / São Paulo (GRU),950,15h50,1,"9:55 AM on Sat, Sep 12","6:45 PM on Sat, Sep 12",,True,False,,,,1630.0
google_flights,2026-10-30,Fri,2026-11-22,Sun,22,ORY,AQP,1370.0,70,0,1440.0,€1370,"Iberia, LATAM",Madrid (MAD) → Madrid (MAD) / São Paulo (GRU),1145,19h05,2,"8:55 PM on Fri, Oct 30","10:00 AM on Sat, Oct 31",+1,True,False,,typical,,1632.5
google_flights,2026-08-07,Fri,2026-08-31,Mon,23,AMS,LIM,1486.0,150,0,1636.0,€1486,KLM,Amsterdam (AMS),750,12h30,0,"9:55 AM on Fri, Aug 7","3:25 PM on Fri, Aug 7",,True,False,,typical,,1636.0
google_flights,2026-07-16,Thu,2026-08-08,Sat,22,CDG,LIM,1497.0,60,0,1557.0,€1497,United,Houston (IAH) / Newark (EWR),1120,18h40,1,"9:45 AM on Thu, Jul 16","9:25 PM on Thu, Jul 16",,True,False,,high,,1637.0
google_flights,2026-07-16,Thu,2026-08-09,Sun,23,CDG,LIM,1497.0,60,0,1557.0,€1497,United,Houston (IAH) / Newark (EWR),1120,18h40,1,"9:45 AM on Thu, Jul 16","9:25 PM on Thu, Jul 16",,True,False,,high,,1637.0
google_flights,2026-08-27,Thu,2026-09-21,Mon,24,ORY,CUZ,1368.0,70,0,1438.0,€1368,"Iberia, LATAM",Madrid (MAD) → Madrid (MAD) / São Paulo (GRU),1165,19h25,2,"10:10 AM on Thu, Aug 27","10:35 PM on Thu, Aug 27",,True,False,,typical,,1640.5
google_flights,2026-10-31,Sat,2026-11-22,Sun,21,BRU,AQP,1313.0,100,0,1413.0,€1313,"Iberia, LATAM",Madrid (MAD) → Madrid (MAD) / São Paulo (GRU),1215,20h15,2,"7:45 PM on Sat, Oct 31","10:00 AM on Sun, Nov 1",+1,True,False,,low,,1640.5
google_flights,2026-07-03,Fri,2026-07-27,Mon,23,BRU,LIM,1541.0,100,0,1641.0,€1541,KLM,Amsterdam (AMS),860,14h20,1,"8:05 AM on Fri, Jul 3","3:25 PM on Fri, Jul 3",,True,False,,typical,,1641.0
google_flights,2026-07-09,Thu,2026-08-02,Sun,23,BRU,LIM,1541.0,100,0,1641.0,€1541,KLM,Amsterdam (AMS),860,14h20,1,"8:05 AM on Thu, Jul 9","3:25 PM on Thu, Jul 9",,True,False,,typical,,1641.0
google_flights,2026-07-11,Sat,2026-08-03,Mon,22,AMS,LIM,1479.0,150,0,1629.0,€1479,Air Europa,Madrid (MAD),985,16h25,1,"7:00 PM on Sat, Jul 11","4:25 AM on Sun, Jul 12",+1,True,False,,high,,1641.5
google_flights,2026-08-13,Thu,2026-09-05,Sat,22,CDG,LIM,1582.0,60,0,1642.0,€1582,"Air France, KLM",Paris (CDG) → Amsterdam (AMS),915,15h15,1,"7:10 AM on Thu, Aug 13","3:25 PM on Thu, Aug 13",,True,False,,typical,,1642.0
google_flights,2026-08-14,Fri,2026-09-05,Sat,21,ORY,LIM,1572.0,70,0,1642.0,€1572,Air Europa,Madrid (MAD),960,16h,1,"7:25 PM on Fri, Aug 14","4:25 AM on Sat, Aug 15",+1,True,False,,typical,,1642.0
google_flights,2026-08-14,Fri,2026-09-06,Sun,22,ORY,LIM,1572.0,70,0,1642.0,€1572,Air Europa,Madrid (MAD),960,16h,1,"7:25 PM on Fri, Aug 14","4:25 AM on Sat, Aug 15",+1,True,False,,typical,,1642.0
google_flights,2026-08-14,Fri,2026-09-07,Mon,23,ORY,LIM,1572.0,70,0,1642.0,€1572,Air Europa,Madrid (MAD),960,16h,1,"7:25 PM on Fri, Aug 14","4:25 AM on Sat, Aug 15",+1,True,False,,typical,,1642.0
google_flights,2026-08-15,Sat,2026-09-05,Sat,20,ORY,LIM,1572.0,70,0,1642.0,€1572,Air Europa,Madrid (MAD),960,16h,1,"7:25 PM on Sat, Aug 15","4:25 AM on Sun, Aug 16",+1,True,False,,typical,,1642.0
google_flights,2026-08-15,Sat,2026-09-06,Sun,21,ORY,LIM,1572.0,70,0,1642.0,€1572,Air Europa,Madrid (MAD),960,16h,1,"7:25 PM on Sat, Aug 15","4:25 AM on Sun, Aug 16",+1,True,False,,typical,,1642.0
google_flights,2026-08-15,Sat,2026-09-07,Mon,22,ORY,LIM,1572.0,70,0,1642.0,€1572,Air Europa,Madrid (MAD),960,16h,1,"7:25 PM on Sat, Aug 15","4:25 AM on Sun, Aug 16",+1,True,False,,typical,,1642.0
google_flights,2026-07-11,Sat,2026-08-02,Sun,21,BRU,LIM,1541.0,100,0,1641.0,€1541,KLM,Amsterdam (AMS),965,16h05,1,"6:20 AM on Sat, Jul 11","3:25 PM on Sat, Jul 11",,True,False,,typical,,1643.5
google_flights,2026-08-27,Thu,2026-09-20,Sun,23,ORY,CUZ,1364.0,70,0,1434.0,€1364,"Air Europa, Sky Airline",Madrid (MAD),1180,19h40,2,"7:25 PM on Thu, Aug 27","8:05 AM on Fri, Aug 28",+1,True,False,,low,,1644.0
google_flights,2026-09-10,Thu,2026-10-04,Sun,23,ORY,CUZ,1364.0,70,0,1434.0,€1364,"Air Europa, Sky Airline",Madrid (MAD),1180,19h40,2,"7:25 PM on Thu, Sep 10","8:05 AM on Fri, Sep 11",+1,True,False,,typical,,1644.0
google_flights,2026-09-19,Sat,2026-10-10,Sat,20,ORY,CUZ,1364.0,70,0,1434.0,€1364,"Air Europa, Sky Airline",Madrid (MAD),1180,19h40,2,"7:25 PM on Sat, Sep 19","8:05 AM on Sun, Sep 20",+1,True,False,,typical,,1644.0
google_flights,2026-09-24,Thu,2026-10-17,Sat,22,ORY,CUZ,1364.0,70,0,1434.0,€1364,"Air Europa, Sky Airline",Madrid (MAD),1180,19h40,2,"7:25 PM on Thu, Sep 24","8:05 AM on Fri, Sep 25",+1,True,False,,,,1644.0
google_flights,2026-09-24,Thu,2026-10-19,Mon,24,ORY,CUZ,1364.0,70,0,1434.0,€1364,"Air Europa, Sky Airline",Madrid (MAD),1180,19h40,2,"7:25 PM on Thu, Sep 24","8:05 AM on Fri, Sep 25",+1,True,False,,typical,,1644.0
google_flights,2026-10-31,Sat,2026-11-22,Sun,21,BRU,AQP,1259.0,100,0,1359.0,€1259,"Air Europa, Sky Airline",Madrid (MAD),1330,22h10,2,"6:55 PM on Sat, Oct 31","11:05 AM on Sun, Nov 1",+1,True,False,,low,,1644.0
google_flights,2026-07-18,Sat,2026-08-10,Mon,22,AMS,LIM,1495.0,150,0,1645.0,€1495,"KLM, Air France",Amsterdam (AMS) → Paris (CDG),925,15h25,1,"7:15 AM on Sat, Jul 18","3:40 PM on Sat, Jul 18",,True,False,,typical,,1645.0
google_flights,2026-07-17,Fri,2026-08-08,Sat,21,CDG,LIM,1586.0,60,0,1646.0,€1586,Air France,Paris (CDG),750,12h30,0,"10:10 AM on Fri, Jul 17","3:40 PM on Fri, Jul 17",,True,False,,high,,1646.0
google_flights,2026-07-18,Sat,2026-08-08,Sat,20,CDG,LIM,1586.0,60,0,1646.0,€1586,Air France,Paris (CDG),750,12h30,0,"10:10 AM on Sat, Jul 18","3:40 PM on Sat, Jul 18",,True,False,,high,,1646.0
google_flights,2026-07-23,Thu,2026-08-16,Sun,23,CDG,LIM,1586.0,60,0,1646.0,€1586,Air France,Paris (CDG),750,12h30,0,"10:10 AM on Thu, Jul 23","3:40 PM on Thu, Jul 23",,True,False,,high,,1646.0
google_flights,2026-07-23,Thu,2026-08-17,Mon,24,CDG,LIM,1586.0,60,0,1646.0,€1586,Air France,Paris (CDG),750,12h30,0,"10:10 AM on Thu, Jul 23","3:40 PM on Thu, Jul 23",,True,False,,high,,1646.0
google_flights,2026-07-24,Fri,2026-08-16,Sun,22,CDG,LIM,1586.0,60,0,1646.0,€1586,Air France,Paris (CDG),750,12h30,0,"10:10 AM on Fri, Jul 24","3:40 PM on Fri, Jul 24",,True,False,,high,,1646.0
google_flights,2026-07-24,Fri,2026-08-17,Mon,23,CDG,LIM,1586.0,60,0,1646.0,€1586,Air France,Paris (CDG),750,12h30,0,"10:10 AM on Fri, Jul 24","3:40 PM on Fri, Jul 24",,True,False,,typical,,1646.0
google_flights,2026-07-25,Sat,2026-08-17,Mon,22,CDG,LIM,1586.0,60,0,1646.0,€1586,Air France,Paris (CDG),750,12h30,0,"10:10 AM on Sat, Jul 25","3:40 PM on Sat, Jul 25",,True,False,,high,,1646.0
google_flights,2026-09-11,Fri,2026-10-03,Sat,21,CDG,CUZ,1241.0,60,0,1301.0,€1241,LATAM,Madrid (MAD) / São Paulo (GRU),1450,24h10,2,"1:00 PM on Fri, Sep 11","6:10 AM on Sat, Sep 12",+1,True,False,,,,1646.0
google_flights,2026-07-04,Sat,2026-07-25,Sat,20,ORY,LIM,1577.0,70,0,1647.0,€1577,Air Europa,Madrid (MAD),960,16h,1,"7:25 PM on Sat, Jul 4","4:25 AM on Sun, Jul 5",+1,True,False,,typical,,1647.0
google_flights,2026-07-04,Sat,2026-07-26,Sun,21,ORY,LIM,1577.0,70,0,1647.0,€1577,Air Europa,Madrid (MAD),960,16h,1,"7:25 PM on Sat, Jul 4","4:25 AM on Sun, Jul 5",+1,True,False,,typical,,1647.0
google_flights,2026-07-04,Sat,2026-07-27,Mon,22,ORY,LIM,1577.0,70,0,1647.0,€1577,Air Europa,Madrid (MAD),960,16h,1,"7:25 PM on Sat, Jul 4","4:25 AM on Sun, Jul 5",+1,True,False,,typical,,1647.0
google_flights,2026-07-25,Sat,2026-08-16,Sun,21,CDG,LIM,1588.0,60,0,1648.0,€1588,Air France,Paris (CDG),750,12h30,0,"10:10 AM on Sat, Jul 25","3:40 PM on Sat, Jul 25",,True,False,,high,,1648.0
google_flights,2026-10-30,Fri,2026-11-22,Sun,22,ORY,CUZ,1383.0,70,0,1453.0,€1383,"Iberia, LATAM",Madrid (MAD) → Madrid (MAD) / São Paulo (GRU),1150,19h10,2,"10:15 AM on Fri, Oct 30","11:25 PM on Fri, Oct 30",,False,False,,,,1648.0
google_flights,2026-07-17,Fri,2026-08-10,Mon,23,CDG,LIM,1591.0,60,0,1651.0,€1591,Air France,Paris (CDG),750,12h30,0,"10:10 AM on Fri, Jul 17","3:40 PM on Fri, Jul 17",,True,False,,typical,,1651.0
google_flights,2026-08-06,Thu,2026-08-31,Mon,24,CDG,LIM,1591.0,60,0,1651.0,€1591,Air France,Paris (CDG),750,12h30,0,"10:10 AM on Thu, Aug 6","3:40 PM on Thu, Aug 6",,True,False,,typical,,1651.0
google_flights,2026-08-07,Fri,2026-08-31,Mon,23,CDG,LIM,1591.0,60,0,1651.0,€1591,Air France,Paris (CDG),750,12h30,0,"10:10 AM on Fri, Aug 7","3:40 PM on Fri, Aug 7",,True,False,,high,,1651.0
google_flights,2026-08-15,Sat,2026-09-05,Sat,20,AMS,LIM,1489.0,150,0,1639.0,€1489,Air Europa,Madrid (MAD),985,16h25,1,"7:00 PM on Sat, Aug 15","4:25 AM on Sun, Aug 16",+1,True,False,,typical,,1651.5
google_flights,2026-10-29,Thu,2026-11-21,Sat,22,ORY,AQP,1390.0,70,0,1460.0,€1390,"Iberia, LATAM",Madrid (MAD) → Madrid (MAD) / São Paulo (GRU),1145,19h05,2,"8:55 PM on Thu, Oct 29","10:00 AM on Fri, Oct 30",+1,True,False,,typical,,1652.5
google_flights,2026-10-16,Fri,2026-11-09,Mon,23,ORY,CUZ,1398.0,70,0,1468.0,€1398,"Iberia, LATAM",Madrid (MAD) → Madrid (MAD) / São Paulo (GRU),1130,18h50,2,"10:10 AM on Fri, Oct 16","10:00 PM on Fri, Oct 16",,True,False,,,,1653.0
google_flights,2026-07-04,Sat,2026-07-25,Sat,20,ORY,LIM,1517.0,70,0,1587.0,€1517,Air Europa,Madrid (MAD),1095,18h15,1,"5:10 PM on Sat, Jul 4","4:25 AM on Sun, Jul 5",+1,True,False,,typical,,1654.5
google_flights,2026-07-04,Sat,2026-07-26,Sun,21,ORY,LIM,1517.0,70,0,1587.0,€1517,Air Europa,Madrid (MAD),1095,18h15,1,"5:10 PM on Sat, Jul 4","4:25 AM on Sun, Jul 5",+1,True,False,,typical,,1654.5
google_flights,2026-07-04,Sat,2026-07-27,Mon,22,ORY,LIM,1517.0,70,0,1587.0,€1517,Air Europa,Madrid (MAD),1095,18h15,1,"5:10 PM on Sat, Jul 4","4:25 AM on Sun, Jul 5",+1,True,False,,typical,,1654.5
google_flights,2026-10-09,Fri,2026-11-02,Mon,23,CDG,CUZ,1387.0,60,0,1447.0,€1387,"Iberia, LATAM",Madrid (MAD) → Madrid (MAD) / São Paulo (GRU),1175,19h35,2,"8:55 PM on Fri, Oct 9","9:30 AM on Sat, Oct 10",+1,True,False,,,,1654.5
google_flights,2026-08-29,Sat,2026-09-20,Sun,21,ORY,CUZ,1309.0,70,0,1379.0,€1309,"Air Europa, Sky Airline",Madrid (MAD),1315,21h55,2,"5:10 PM on Sat, Aug 29","8:05 AM on Sun, Aug 30",+1,True,False,,,,1656.5
google_flights,2026-08-07,Fri,2026-08-29,Sat,21,BRU,LIM,1557.0,100,0,1657.0,€1557,KLM,Amsterdam (AMS),965,16h05,1,"6:20 AM on Fri, Aug 7","3:25 PM on Fri, Aug 7",,True,False,,typical,,1659.5
google_flights,2026-08-08,Sat,2026-08-29,Sat,20,BRU,LIM,1557.0,100,0,1657.0,€1557,KLM,Amsterdam (AMS),965,16h05,1,"6:20 AM on Sat, Aug 8","3:25 PM on Sat, Aug 8",,True,False,,typical,,1659.5
google_flights,2026-08-08,Sat,2026-08-30,Sun,21,BRU,LIM,1557.0,100,0,1657.0,€1557,KLM,Amsterdam (AMS),965,16h05,1,"6:20 AM on Sat, Aug 8","3:25 PM on Sat, Aug 8",,True,False,,typical,,1659.5
google_flights,2026-07-23,Thu,2026-08-15,Sat,22,CDG,LIM,1600.0,60,0,1660.0,€1600,Air France,Paris (CDG),750,12h30,0,"10:10 AM on Thu, Jul 23","3:40 PM on Thu, Jul 23",,True,False,,high,,1660.0
google_flights,2026-07-24,Fri,2026-08-15,Sat,21,CDG,LIM,1600.0,60,0,1660.0,€1600,Air France,Paris (CDG),750,12h30,0,"10:10 AM on Fri, Jul 24","3:40 PM on Fri, Jul 24",,True,False,,high,,1660.0
google_flights,2026-07-25,Sat,2026-08-15,Sat,20,CDG,LIM,1600.0,60,0,1660.0,€1600,Air France,Paris (CDG),750,12h30,0,"10:10 AM on Sat, Jul 25","3:40 PM on Sat, Jul 25",,True,False,,high,,1660.0
google_flights,2026-08-06,Thu,2026-08-29,Sat,22,CDG,LIM,1600.0,60,0,1660.0,€1600,Air France,Paris (CDG),750,12h30,0,"10:10 AM on Thu, Aug 6","3:40 PM on Thu, Aug 6",,True,False,,high,,1660.0
google_flights,2026-08-07,Fri,2026-08-29,Sat,21,CDG,LIM,1600.0,60,0,1660.0,€1600,Air France,Paris (CDG),750,12h30,0,"12:30 PM on Fri, Aug 7","6:00 PM on Fri, Aug 7",,True,False,,high,,1660.0
google_flights,2026-10-29,Thu,2026-11-23,Mon,24,BRU,AQP,1275.0,100,0,1375.0,€1275,"Air Europa, Sky Airline",Madrid (MAD),1330,22h10,2,"6:55 PM on Thu, Oct 29","11:05 AM on Fri, Oct 30",+1,True,False,,low,,1660.0
google_flights,2026-10-09,Fri,2026-11-02,Mon,23,CDG,CUZ,1302.0,60,0,1362.0,€1302,"Iberia, LATAM",Madrid (MAD) → Madrid (MAD) / São Paulo (GRU),1360,22h40,2,"8:55 PM on Fri, Oct 9","12:35 PM on Sat, Oct 10",+1,True,False,,,,1662.0
google_flights,2026-08-27,Thu,2026-09-21,Mon,24,ORY,CUZ,1408.0,70,0,1478.0,€1408,"Iberia, LATAM",Madrid (MAD) → Madrid (MAD) / São Paulo (GRU),1130,18h50,2,"10:10 AM on Thu, Aug 27","10:00 PM on Thu, Aug 27",,True,False,,typical,,1663.0
google_flights,2026-08-28,Fri,2026-09-21,Mon,23,ORY,CUZ,1408.0,70,0,1478.0,€1408,"Iberia, LATAM",Madrid (MAD) → Madrid (MAD) / São Paulo (GRU),1130,18h50,2,"10:10 AM on Fri, Aug 28","10:00 PM on Fri, Aug 28",,True,False,,typical,,1663.0
google_flights,2026-10-31,Sat,2026-11-23,Mon,22,CDG,AQP,1346.0,60,0,1406.0,€1346,"Iberia, LATAM",Madrid (MAD) → Madrid (MAD) / São Paulo (GRU),1275,21h15,2,"6:45 PM on Sat, Oct 31","10:00 AM on Sun, Nov 1",+1,True,False,,low,,1663.5
google_flights,2026-07-03,Fri,2026-07-26,Sun,22,BRU,LIM,1554.0,100,0,1654.0,€1554,"Vueling, LEVEL",Barcelone (BCN),980,16h20,1,"10:30 AM on Fri, Jul 3","7:50 PM on Fri, Jul 3",,True,False,,typical,,1664.0
google_flights,2026-08-14,Fri,2026-09-05,Sat,21,AMS,LIM,1469.0,150,0,1619.0,€1469,"KLM, Air France",Amsterdam (AMS) → Paris (CDG),1055,17h35,1,"7:25 AM on Fri, Aug 14","6:00 PM on Fri, Aug 14",,False,False,,typical,,1666.5
google_flights,2026-07-11,Sat,2026-08-01,Sat,20,CDG,LIM,1609.0,60,0,1669.0,€1609,Air France,Paris (CDG),750,12h30,0,"10:10 AM on Sat, Jul 11","3:40 PM on Sat, Jul 11",,True,False,,high,,1669.0
google_flights,2026-07-11,Sat,2026-08-02,Sun,21,CDG,LIM,1609.0,60,0,1669.0,€1609,Air France,Paris (CDG),750,12h30,0,"10:10 AM on Sat, Jul 11","3:40 PM on Sat, Jul 11",,True,False,,high,,1669.0
google_flights,2026-08-15,Sat,2026-09-07,Mon,22,AMS,AQP,1520.0,150,0,1670.0,€1520,"KLM, LATAM",Amsterdam (AMS) → Madrid (MAD) / São Paulo (GRU),950,15h50,1,"9:55 AM on Sat, Aug 15","6:45 PM on Sat, Aug 15",,True,False,,typical,,1670.0
google_flights,2026-07-17,Fri,2026-08-08,Sat,21,AMS,LIM,1522.0,150,0,1672.0,€1522,"KLM, Air France",Amsterdam (AMS) → Paris (CDG),915,15h15,1,"7:25 AM on Fri, Jul 17","3:40 PM on Fri, Jul 17",,True,False,,typical,,1672.0
google_flights,2026-08-28,Fri,2026-09-21,Mon,23,ORY,AQP,1281.0,70,0,1351.0,€1281,"Air Europa, Sky Airline",Madrid (MAD),1405,23h25,2,"7:25 PM on Fri, Aug 28","11:50 AM on Sat, Aug 29",+1,True,False,,low,,1673.5
google_flights,2026-09-25,Fri,2026-10-17,Sat,21,CDG,AQP,1391.0,60,0,1451.0,€1391,"Iberia, LATAM",Madrid (MAD) → Madrid (MAD) / São Paulo (GRU),1205,20h05,2,"8:55 PM on Fri, Sep 25","10:00 AM on Sat, Sep 26",+1,True,False,,,,1673.5
google_flights,2026-08-29,Sat,2026-09-20,Sun,21,ORY,CUZ,1394.0,70,0,1464.0,€1394,"Air Europa, Sky Airline",Madrid (MAD),1180,19h40,2,"7:25 PM on Sat, Aug 29","8:05 AM on Sun, Aug 30",+1,True,False,,,,1674.0
google_flights,2026-09-11,Fri,2026-10-04,Sun,22,ORY,CUZ,1394.0,70,0,1464.0,€1394,"Air Europa, Sky Airline",Madrid (MAD),1180,19h40,2,"7:25 PM on Fri, Sep 11","8:05 AM on Sat, Sep 12",+1,True,False,,typical,,1674.0
google_flights,2026-09-12,Sat,2026-10-04,Sun,21,ORY,CUZ,1394.0,70,0,1464.0,€1394,"Air Europa, Sky Airline",Madrid (MAD),1180,19h40,2,"7:25 PM on Sat, Sep 12","8:05 AM on Sun, Sep 13",+1,True,False,,,,1674.0
google_flights,2026-09-17,Thu,2026-10-10,Sat,22,ORY,CUZ,1394.0,70,0,1464.0,€1394,"Air Europa, Sky Airline",Madrid (MAD),1180,19h40,2,"7:25 PM on Thu, Sep 17","8:05 AM on Fri, Sep 18",+1,True,False,,typical,,1674.0
google_flights,2026-09-18,Fri,2026-10-10,Sat,21,ORY,CUZ,1394.0,70,0,1464.0,€1394,"Air Europa, Sky Airline",Madrid (MAD),1180,19h40,2,"7:25 PM on Fri, Sep 18","8:05 AM on Sat, Sep 19",+1,True,False,,typical,,1674.0
google_flights,2026-09-18,Fri,2026-10-12,Mon,23,ORY,CUZ,1394.0,70,0,1464.0,€1394,"Air Europa, Sky Airline",Madrid (MAD),1180,19h40,2,"7:25 PM on Fri, Sep 18","8:05 AM on Sat, Sep 19",+1,True,False,,typical,,1674.0
google_flights,2026-10-09,Fri,2026-11-02,Mon,23,BRU,AQP,1259.0,100,0,1359.0,€1259,"Air Europa, Sky Airline",Madrid (MAD),1390,23h10,2,"6:55 PM on Fri, Oct 9","11:05 AM on Sat, Oct 10",+1,True,False,,low,,1674.0
google_flights,2026-10-30,Fri,2026-11-23,Mon,23,CDG,CUZ,1317.0,60,0,1377.0,€1317,"Iberia, LATAM",Madrid (MAD) → Madrid (MAD) / São Paulo (GRU),1355,22h35,2,"6:50 AM on Fri, Oct 30","11:25 PM on Fri, Oct 30",,True,False,,,,1674.5
google_flights,2026-10-22,Thu,2026-11-16,Mon,24,ORY,CUZ,1398.0,70,0,1468.0,€1398,"Iberia, LATAM",Madrid (MAD) → Madrid (MAD) / São Paulo (GRU),1175,19h35,2,"8:55 PM on Thu, Oct 22","9:30 AM on Fri, Oct 23",+1,True,False,,,,1675.5
google_flights,2026-10-30,Fri,2026-11-21,Sat,21,AMS,AQP,1243.0,150,0,1393.0,€1243,"Air Europa, Sky Airline",Madrid (MAD),1325,22h05,2,"7:00 PM on Fri, Oct 30","11:05 AM on Sat, Oct 31",+1,True,False,,low,,1675.5
google_flights,2026-10-30,Fri,2026-11-22,Sun,22,AMS,AQP,1243.0,150,0,1393.0,€1243,"Air Europa, Sky Airline",Madrid (MAD),1325,22h05,2,"7:00 PM on Fri, Oct 30","11:05 AM on Sat, Oct 31",+1,True,False,,,,1675.5
google_flights,2026-10-30,Fri,2026-11-23,Mon,23,BRU,AQP,1348.0,100,0,1448.0,€1348,"Iberia, LATAM",Madrid (MAD) → Madrid (MAD) / São Paulo (GRU),1215,20h15,2,"7:45 PM on Fri, Oct 30","10:00 AM on Sat, Oct 31",+1,True,False,,low,,1675.5
google_flights,2026-07-18,Sat,2026-08-09,Sun,21,CDG,LIM,1617.0,60,0,1677.0,€1617,Air France,Paris (CDG),750,12h30,0,"10:10 AM on Sat, Jul 18","3:40 PM on Sat, Jul 18",,True,False,,high,,1677.0
google_flights,2026-09-10,Thu,2026-10-04,Sun,23,CDG,AQP,1255.0,60,0,1315.0,€1255,LATAM,Madrid (MAD) / São Paulo (GRU),1485,24h45,2,"1:00 PM on Thu, Sep 10","6:45 AM on Fri, Sep 11",+1,True,False,,,,1677.5
google_flights,2026-08-07,Fri,2026-08-31,Mon,23,BRU,LIM,1579.0,100,0,1679.0,€1579,KLM,Amsterdam (AMS),860,14h20,1,"8:05 AM on Fri, Aug 7","3:25 PM on Fri, Aug 7",,False,False,,typical,,1679.0
google_flights,2026-09-25,Fri,2026-10-19,Mon,23,CDG,CUZ,1397.0,60,0,1457.0,€1397,"Iberia, LATAM",Madrid (MAD) → Madrid (MAD) / São Paulo (GRU),1205,20h05,2,"8:55 PM on Fri, Sep 25","10:00 AM on Sat, Sep 26",+1,True,False,,,,1679.5
google_flights,2026-08-13,Thu,2026-09-05,Sat,22,ORY,LIM,1612.0,70,0,1682.0,€1612,Air Europa,Madrid (MAD),960,16h,1,"7:25 PM on Thu, Aug 13","4:25 AM on Fri, Aug 14",+1,True,False,,typical,,1682.0
google_flights,2026-08-13,Thu,2026-09-06,Sun,23,ORY,LIM,1612.0,70,0,1682.0,€1612,Air Europa,Madrid (MAD),960,16h,1,"7:25 PM on Thu, Aug 13","4:25 AM on Fri, Aug 14",+1,True,False,,typical,,1682.0
google_flights,2026-08-13,Thu,2026-09-07,Mon,24,ORY,LIM,1612.0,70,0,1682.0,€1612,Air Europa,Madrid (MAD),960,16h,1,"7:25 PM on Thu, Aug 13","4:25 AM on Fri, Aug 14",+1,True,False,,typical,,1682.0
google_flights,2026-07-23,Thu,2026-08-16,Sun,23,BRU,LIM,1583.0,100,0,1683.0,€1583,KLM,Amsterdam (AMS),860,14h20,1,"8:05 AM on Thu, Jul 23","3:25 PM on Thu, Jul 23",,True,False,,high,,1683.0
google_flights,2026-08-07,Fri,2026-08-30,Sun,22,CDG,LIM,1624.0,60,0,1684.0,€1624,"Air France, KLM",Paris (CDG) → Amsterdam (AMS),915,15h15,1,"7:10 AM on Fri, Aug 7","3:25 PM on Fri, Aug 7",,True,False,,high,,1684.0
google_flights,2026-08-22,Sat,2026-09-14,Mon,22,ORY,CUZ,1404.0,70,0,1474.0,€1404,"Air Europa, Sky Airline",Madrid (MAD),1180,19h40,2,"7:25 PM on Sat, Aug 22","8:05 AM on Sun, Aug 23",+1,True,False,,typical,,1684.0
google_flights,2026-08-29,Sat,2026-09-20,Sun,21,BRU,CUZ,1359.0,100,0,1459.0,€1359,"Air Europa, Sky Airline",Madrid (MAD),1210,20h10,2,"6:55 PM on Sat, Aug 29","8:05 AM on Sun, Aug 30",+1,True,False,,typical,,1684.0
google_flights,2026-08-27,Thu,2026-09-19,Sat,22,ORY,CUZ,1404.0,70,0,1474.0,€1404,"Air Europa, Sky Airline",Madrid (MAD),1180,19h40,2,"7:25 PM on Thu, Aug 27","8:05 AM on Fri, Aug 28",+1,True,False,,low,,1684.0
google_flights,2026-07-30,Thu,2026-08-23,Sun,23,CDG,LIM,1546.0,60,0,1606.0,€1546,United,Houston (IAH) / Newark (EWR),1120,18h40,1,"9:45 AM on Thu, Jul 30","9:25 PM on Thu, Jul 30",,True,False,,high,,1686.0
google_flights,2026-07-23,Thu,2026-08-15,Sat,22,CDG,LIM,1627.0,60,0,1687.0,€1627,"Air France, KLM",Paris (CDG) → Amsterdam (AMS),915,15h15,1,"7:10 AM on Thu, Jul 23","3:25 PM on Thu, Jul 23",,True,False,,high,,1687.0
google_flights,2026-10-29,Thu,2026-11-23,Mon,24,CDG,CUZ,1390.0,60,0,1450.0,€1390,"Iberia, LATAM",Madrid (MAD) → Madrid (MAD) / São Paulo (GRU),1235,20h35,2,"6:45 PM on Thu, Oct 29","9:20 AM on Fri, Oct 30",+1,True,False,,typical,,1687.5
google_flights,2026-10-31,Sat,2026-11-23,Mon,22,CDG,CUZ,1390.0,60,0,1450.0,€1390,"Iberia, LATAM",Madrid (MAD) → Madrid (MAD) / São Paulo (GRU),1235,20h35,2,"6:45 PM on Sat, Oct 31","9:20 AM on Sun, Nov 1",+1,True,False,,typical,,1687.5
google_flights,2026-07-24,Fri,2026-08-16,Sun,22,BRU,LIM,1586.0,100,0,1686.0,€1586,KLM,Amsterdam (AMS),965,16h05,1,"6:20 AM on Fri, Jul 24","3:25 PM on Fri, Jul 24",,True,False,,high,,1688.5
google_flights,2026-08-15,Sat,2026-09-06,Sun,21,AMS,AQP,1540.0,150,0,1690.0,€1540,"KLM, LATAM",Amsterdam (AMS) → Madrid (MAD) / São Paulo (GRU),950,15h50,1,"9:55 AM on Sat, Aug 15","6:45 PM on Sat, Aug 15",,True,False,,typical,,1690.0
google_flights,2026-09-12,Sat,2026-10-04,Sun,21,AMS,AQP,1184.0,150,0,1334.0,€1184,LATAM,Madrid (MAD) / São Paulo (GRU),1475,24h35,2,"1:10 PM on Sat, Sep 12","6:45 AM on Sun, Sep 13",+1,True,False,,,,1691.5
google_flights,2026-07-09,Thu,2026-08-02,Sun,23,AMS,LIM,1542.0,150,0,1692.0,€1542,"KLM, Air France",Amsterdam (AMS) → Paris (CDG),915,15h15,1,"7:25 AM on Thu, Jul 9","3:40 PM on Thu, Jul 9",,False,False,,typical,,1692.0
google_flights,2026-10-30,Fri,2026-11-23,Mon,23,CDG,CUZ,1382.0,60,0,1442.0,€1382,"Iberia, LATAM",Madrid (MAD) → Madrid (MAD) / São Paulo (GRU),1260,21h,2,"6:45 PM on Fri, Oct 30","9:45 AM on Sat, Oct 31",+1,True,False,,,,1692.0
google_flights,2026-10-15,Thu,2026-11-09,Mon,24,ORY,AQP,1400.0,70,0,1470.0,€1400,"Iberia, LATAM",Madrid (MAD) → Madrid (MAD) / São Paulo (GRU),1205,20h05,2,"8:55 PM on Thu, Oct 15","10:00 AM on Fri, Oct 16",+1,True,False,,typical,,1692.5
google_flights,2026-08-27,Thu,2026-09-20,Sun,23,ORY,CUZ,1309.0,70,0,1379.0,€1309,"Air Europa, Sky Airline",Madrid (MAD),1390,23h10,2,"7:25 PM on Thu, Aug 27","11:35 AM on Fri, Aug 28",+1,True,False,,low,,1694.0
google_flights,2026-07-10,Fri,2026-08-01,Sat,21,BRU,LIM,1592.0,100,0,1692.0,€1592,KLM,Amsterdam (AMS),965,16h05,1,"6:20 AM on Fri, Jul 10","3:25 PM on Fri, Jul 10",,True,False,,typical,,1694.5
google_flights,2026-08-13,Thu,2026-09-07,Mon,24,AMS,CUZ,1522.0,150,0,1672.0,€1522,"KLM, LATAM",Amsterdam (AMS) → Madrid (MAD) / São Paulo (GRU),1005,16h45,1,"9:55 AM on Thu, Aug 13","7:40 PM on Thu, Aug 13",,True,False,,,,1694.5
google_flights,2026-10-30,Fri,2026-11-21,Sat,21,AMS,AQP,1322.0,150,0,1472.0,€1322,"Iberia, LATAM",Madrid (MAD) → Madrid (MAD) / São Paulo (GRU),1205,20h05,2,"7:55 PM on Fri, Oct 30","10:00 AM on Sat, Oct 31",+1,True,False,,low,,1694.5
google_flights,2026-08-29,Sat,2026-09-19,Sat,20,ORY,CUZ,1349.0,70,0,1419.0,€1349,"Air Europa, Sky Airline",Madrid (MAD),1315,21h55,2,"5:10 PM on Sat, Aug 29","8:05 AM on Sun, Aug 30",+1,True,False,,low,,1696.5
google_flights,2026-08-13,Thu,2026-09-06,Sun,23,ORY,LIM,1627.0,70,0,1697.0,€1627,Iberia,Madrid (MAD),910,15h10,1,"10:10 AM on Thu, Aug 13","6:20 PM on Thu, Aug 13",,True,False,,typical,,1697.0
google_flights,2026-10-31,Sat,2026-11-22,Sun,21,AMS,AQP,1325.0,150,0,1475.0,€1325,"Iberia, LATAM",Madrid (MAD) → Madrid (MAD) / São Paulo (GRU),1205,20h05,2,"7:55 PM on Sat, Oct 31","10:00 AM on Sun, Nov 1",+1,True,False,,,,1697.5
google_flights,2026-10-31,Sat,2026-11-23,Mon,22,AMS,AQP,1325.0,150,0,1475.0,€1325,"Iberia, LATAM",Madrid (MAD) → Madrid (MAD) / São Paulo (GRU),1205,20h05,2,"7:55 PM on Sat, Oct 31","10:00 AM on Sun, Nov 1",+1,True,False,,,,1697.5
google_flights,2026-07-16,Thu,2026-08-08,Sat,22,AMS,LIM,1551.0,150,0,1701.0,€1551,KLM,Amsterdam (AMS),750,12h30,0,"9:55 AM on Thu, Jul 16","3:25 PM on Thu, Jul 16",,True,False,,high,,1701.0
google_flights,2026-07-11,Sat,2026-08-01,Sat,20,AMS,LIM,1553.0,150,0,1703.0,€1553,KLM,Amsterdam (AMS),750,12h30,0,"9:55 AM on Sat, Jul 11","3:25 PM on Sat, Jul 11",,True,False,,high,,1703.0
google_flights,2026-10-29,Thu,2026-11-22,Sun,23,ORY,CUZ,1418.0,70,0,1488.0,€1418,"Iberia, LATAM",Madrid (MAD) → Madrid (MAD) / São Paulo (GRU),1190,19h50,2,"8:55 PM on Thu, Oct 29","10:45 AM on Fri, Oct 30",+1,True,False,,typical,,1703.0
google_flights,2026-10-31,Sat,2026-11-22,Sun,21,ORY,CUZ,1388.0,70,0,1458.0,€1388,"Iberia, LATAM",Madrid (MAD) → Madrid (MAD) / São Paulo (GRU),1250,20h50,2,"6:55 PM on Sat, Oct 31","9:45 AM on Sun, Nov 1",+1,True,False,,typical,,1703.0
google_flights,2026-07-16,Thu,2026-08-09,Sun,23,CDG,LIM,1644.0,60,0,1704.0,€1644,Air France,Paris (CDG),750,12h30,0,"10:10 AM on Thu, Jul 16","3:40 PM on Thu, Jul 16",,True,False,,high,,1704.0
google_flights,2026-07-17,Fri,2026-08-09,Sun,22,CDG,LIM,1644.0,60,0,1704.0,€1644,Air France,Paris (CDG),750,12h30,0,"10:10 AM on Fri, Jul 17","3:40 PM on Fri, Jul 17",,True,False,,high,,1704.0
google_flights,2026-07-30,Thu,2026-08-24,Mon,24,CDG,LIM,1644.0,60,0,1704.0,€1644,Air France,Paris (CDG),750,12h30,0,"10:10 AM on Thu, Jul 30","3:40 PM on Thu, Jul 30",,True,False,,high,,1704.0
google_flights,2026-08-28,Fri,2026-09-20,Sun,22,ORY,CUZ,1424.0,70,0,1494.0,€1424,"Air Europa, Sky Airline",Madrid (MAD),1180,19h40,2,"7:25 PM on Fri, Aug 28","8:05 AM on Sat, Aug 29",+1,True,False,,typical,,1704.0
google_flights,2026-09-05,Sat,2026-09-27,Sun,21,ORY,CUZ,1424.0,70,0,1494.0,€1424,"Air Europa, Sky Airline",Madrid (MAD),1180,19h40,2,"7:25 PM on Sat, Sep 5","8:05 AM on Sun, Sep 6",+1,True,False,,typical,,1704.0
google_flights,2026-07-04,Sat,2026-07-26,Sun,21,BRU,LIM,1602.0,100,0,1702.0,€1602,KLM,Amsterdam (AMS),965,16h05,1,"6:20 AM on Sat, Jul 4","3:25 PM on Sat, Jul 4",,True,False,,typical,,1704.5
google_flights,2026-07-18,Sat,2026-08-08,Sat,20,CDG,LIM,1645.0,60,0,1705.0,€1645,"Air France, KLM",Paris (CDG) → Amsterdam (AMS),915,15h15,1,"7:10 AM on Sat, Jul 18","3:25 PM on Sat, Jul 18",,True,False,,high,,1705.0
google_flights,2026-10-09,Fri,2026-11-02,Mon,23,ORY,CUZ,1368.0,70,0,1438.0,€1368,"Iberia, LATAM",Madrid (MAD) → Madrid (MAD) / São Paulo (GRU),1295,21h35,2,"7:25 AM on Fri, Oct 9","10:00 PM on Fri, Oct 9",,True,False,,typical,,1705.5
google_flights,2026-10-16,Fri,2026-11-09,Mon,23,ORY,CUZ,1312.0,70,0,1382.0,€1312,"Vueling, Iberia, LATAM",Barcelone (BCN) → Madrid (MAD) → Madrid (MAD) / São Paulo (GRU),1410,23h30,2,"8:30 AM on Fri, Oct 16","1:00 AM on Sat, Oct 17",+1,True,False,,,,1707.0
google_flights,2026-10-09,Fri,2026-11-02,Mon,23,ORY,CUZ,1453.0,70,0,1523.0,€1453,"Iberia, LATAM",Madrid (MAD) → Madrid (MAD) / São Paulo (GRU),1130,18h50,2,"10:10 AM on Fri, Oct 9","10:00 PM on Fri, Oct 9",,True,False,,typical,,1708.0
google_flights,2026-10-10,Sat,2026-11-02,Mon,22,ORY,CUZ,1453.0,70,0,1523.0,€1453,"Iberia, LATAM",Madrid (MAD) → Madrid (MAD) / São Paulo (GRU),1130,18h50,2,"10:10 AM on Sat, Oct 10","10:00 PM on Sat, Oct 10",,True,False,,typical,,1708.0
google_flights,2026-10-29,Thu,2026-11-21,Sat,22,ORY,CUZ,1453.0,70,0,1523.0,€1453,"Iberia, LATAM",Madrid (MAD) → Madrid (MAD) / São Paulo (GRU),1130,18h50,2,"8:55 PM on Thu, Oct 29","9:45 AM on Fri, Oct 30",+1,True,False,,typical,,1708.0
google_flights,2026-08-28,Fri,2026-09-20,Sun,22,BRU,CUZ,1384.0,100,0,1484.0,€1384,"Air Europa, Sky Airline",Madrid (MAD),1210,20h10,2,"6:55 PM on Fri, Aug 28","8:05 AM on Sat, Aug 29",+1,True,False,,typical,,1709.0
google_flights,2026-08-07,Fri,2026-08-31,Mon,23,ORY,LIM,1572.0,70,0,1642.0,€1572,Air Europa,Madrid (MAD),1095,18h15,1,"5:10 PM on Fri, Aug 7","4:25 AM on Sat, Aug 8",+1,True,False,,typical,,1709.5
google_flights,2026-08-14,Fri,2026-09-07,Mon,23,AMS,AQP,1560.0,150,0,1710.0,€1560,"KLM, LATAM",Amsterdam (AMS) → Madrid (MAD) / São Paulo (GRU),950,15h50,1,"9:55 AM on Fri, Aug 14","6:45 PM on Fri, Aug 14",,True,False,,typical,,1710.0
google_flights,2026-09-03,Thu,2026-09-27,Sun,23,CDG,CUZ,1306.0,60,0,1366.0,€1306,LATAM,Madrid (MAD) / São Paulo (GRU),1450,24h10,2,"1:00 PM on Thu, Sep 3","6:10 AM on Fri, Sep 4",+1,True,False,,,,1711.0
google_flights,2026-09-04,Fri,2026-09-27,Sun,22,CDG,CUZ,1306.0,60,0,1366.0,€1306,LATAM,Madrid (MAD) / São Paulo (GRU),1450,24h10,2,"1:00 PM on Fri, Sep 4","6:10 AM on Sat, Sep 5",+1,True,False,,,,1711.0
google_flights,2026-08-28,Fri,2026-09-20,Sun,22,ORY,CUZ,1364.0,70,0,1434.0,€1364,"Air Europa, Sky Airline",Madrid (MAD),1315,21h55,2,"5:10 PM on Fri, Aug 28","8:05 AM on Sat, Aug 29",+1,True,False,,typical,,1711.5
google_flights,2026-09-18,Fri,2026-10-10,Sat,21,ORY,CUZ,1364.0,70,0,1434.0,€1364,"Air Europa, Sky Airline",Madrid (MAD),1315,21h55,2,"5:10 PM on Fri, Sep 18","8:05 AM on Sat, Sep 19",+1,True,False,,typical,,1711.5
google_flights,2026-09-18,Fri,2026-10-12,Mon,23,ORY,CUZ,1364.0,70,0,1434.0,€1364,"Air Europa, Sky Airline",Madrid (MAD),1315,21h55,2,"5:10 PM on Fri, Sep 18","8:05 AM on Sat, Sep 19",+1,True,False,,typical,,1711.5
google_flights,2026-09-25,Fri,2026-10-18,Sun,22,ORY,CUZ,1364.0,70,0,1434.0,€1364,"Air Europa, Sky Airline",Madrid (MAD),1315,21h55,2,"5:10 PM on Fri, Sep 25","8:05 AM on Sat, Sep 26",+1,True,False,,,,1711.5
google_flights,2026-09-12,Sat,2026-10-03,Sat,20,CDG,AQP,1652.0,60,0,1712.0,€1652,"Air France, LATAM",Paris (CDG) → Madrid (MAD) / São Paulo (GRU),935,15h35,1,"10:10 AM on Sat, Sep 12","6:45 PM on Sat, Sep 12",,True,False,,,,1712.0
google_flights,2026-07-24,Fri,2026-08-16,Sun,22,BRU,LIM,1613.0,100,0,1713.0,€1613,KLM,Amsterdam (AMS),860,14h20,1,"8:05 AM on Fri, Jul 24","3:25 PM on Fri, Jul 24",,True,False,,high,,1713.0
google_flights,2026-08-20,Thu,2026-09-14,Mon,24,ORY,CUZ,1434.0,70,0,1504.0,€1434,"Air Europa, Sky Airline",Madrid (MAD),1180,19h40,2,"7:25 PM on Thu, Aug 20","8:05 AM on Fri, Aug 21",+1,True,False,,typical,,1714.0
google_flights,2026-08-21,Fri,2026-09-14,Mon,23,ORY,CUZ,1434.0,70,0,1504.0,€1434,"Air Europa, Sky Airline",Madrid (MAD),1180,19h40,2,"7:25 PM on Fri, Aug 21","8:05 AM on Sat, Aug 22",+1,True,False,,,,1714.0
google_flights,2026-08-29,Sat,2026-09-19,Sat,20,ORY,CUZ,1434.0,70,0,1504.0,€1434,"Air Europa, Sky Airline",Madrid (MAD),1180,19h40,2,"7:25 PM on Sat, Aug 29","8:05 AM on Sun, Aug 30",+1,True,False,,low,,1714.0
google_flights,2026-10-22,Thu,2026-11-15,Sun,23,CDG,CUZ,1387.0,60,0,1447.0,€1387,"Iberia, LATAM",Madrid (MAD) → Madrid (MAD) / São Paulo (GRU),1295,21h35,2,"6:55 PM on Thu, Oct 22","9:30 AM on Fri, Oct 23",+1,True,False,,,,1714.5
google_flights,2026-07-09,Thu,2026-08-01,Sat,22,AMS,LIM,1566.0,150,0,1716.0,€1566,KLM,Amsterdam (AMS),750,12h30,0,"9:55 AM on Thu, Jul 9","3:25 PM on Thu, Jul 9",,True,False,,typical,,1716.0
google_flights,2026-07-16,Thu,2026-08-09,Sun,23,BRU,LIM,1618.0,100,0,1718.0,€1618,KLM,Amsterdam (AMS),860,14h20,1,"8:05 AM on Thu, Jul 16","3:25 PM on Thu, Jul 16",,True,False,,typical,,1718.0
google_flights,2026-07-17,Fri,2026-08-09,Sun,22,BRU,LIM,1618.0,100,0,1718.0,€1618,KLM,Amsterdam (AMS),860,14h20,1,"8:05 AM on Fri, Jul 17","3:25 PM on Fri, Jul 17",,True,False,,typical,,1718.0
google_flights,2026-10-29,Thu,2026-11-23,Mon,24,CDG,AQP,1401.0,60,0,1461.0,€1401,"Iberia, LATAM",Madrid (MAD) → Madrid (MAD) / São Paulo (GRU),1275,21h15,2,"6:45 PM on Thu, Oct 29","10:00 AM on Fri, Oct 30",+1,False,False,,,,1718.5
google_flights,2026-10-09,Fri,2026-11-02,Mon,23,AMS,CUZ,1229.0,150,0,1379.0,€1229,LATAM,Madrid (MAD) / São Paulo (GRU),1440,24h,2,"1:10 PM on Fri, Oct 9","6:10 AM on Sat, Oct 10",+1,True,False,,,,1719.0
google_flights,2026-10-24,Sat,2026-11-16,Mon,22,ORY,AQP,1351.0,70,0,1421.0,€1351,"Air Europa, Sky Airline",Madrid (MAD),1360,22h40,2,"7:25 PM on Sat, Oct 24","11:05 AM on Sun, Oct 25",+1,True,False,,,,1721.0
google_flights,2026-08-06,Thu,2026-08-31,Mon,24,ORY,LIM,1652.0,70,0,1722.0,€1652,Air Europa,Madrid (MAD),960,16h,1,"7:25 PM on Thu, Aug 6","4:25 AM on Fri, Aug 7",+1,True,False,,typical,,1722.0
google_flights,2026-08-22,Sat,2026-09-13,Sun,21,ORY,CUZ,1444.0,70,0,1514.0,€1444,"Air Europa, Sky Airline",Madrid (MAD),1180,19h40,2,"7:25 PM on Sat, Aug 22","8:05 AM on Sun, Aug 23",+1,True,False,,typical,,1724.0
google_flights,2026-08-29,Sat,2026-09-21,Mon,22,CDG,CUZ,1319.0,60,0,1379.0,€1319,LATAM,Madrid (MAD) / São Paulo (GRU),1450,24h10,2,"1:00 PM on Sat, Aug 29","6:10 AM on Sun, Aug 30",+1,True,False,,,,1724.0
google_flights,2026-09-17,Thu,2026-10-12,Mon,24,AMS,CUZ,1552.0,150,0,1702.0,€1552,"KLM, LATAM",Amsterdam (AMS) → Madrid (MAD) / São Paulo (GRU),1005,16h45,1,"9:55 AM on Thu, Sep 17","7:40 PM on Thu, Sep 17",,True,False,,typical,,1724.5
google_flights,2026-09-26,Sat,2026-10-19,Mon,22,ORY,AQP,1336.0,70,0,1406.0,€1336,"Air Europa, Sky Airline",Madrid (MAD),1405,23h25,2,"7:25 PM on Sat, Sep 26","11:50 AM on Sun, Sep 27",+1,True,False,,,,1728.5
google_flights,2026-10-29,Thu,2026-11-23,Mon,24,CDG,AQP,1316.0,60,0,1376.0,€1316,"Iberia, LATAM",Madrid (MAD) → Madrid (MAD) / São Paulo (GRU),1465,24h25,2,"6:45 PM on Thu, Oct 29","1:10 PM on Fri, Oct 30",+1,True,False,,,,1728.5
google_flights,2026-09-11,Fri,2026-10-04,Sun,22,AMS,CUZ,1469.0,150,0,1619.0,€1469,"KLM, LATAM",Amsterdam (AMS) → Madrid (MAD) / São Paulo (GRU),1180,19h40,1,"9:55 AM on Fri, Sep 11","10:35 PM on Fri, Sep 11",,True,False,,,,1729.0
google_flights,2026-07-30,Thu,2026-08-23,Sun,23,CDG,LIM,1670.0,60,0,1730.0,€1670,Air France,Paris (CDG),750,12h30,0,"10:10 AM on Thu, Jul 30","3:40 PM on Thu, Jul 30",,True,False,,high,,1730.0
google_flights,2026-08-14,Fri,2026-09-06,Sun,22,AMS,AQP,1580.0,150,0,1730.0,€1580,"KLM, LATAM",Amsterdam (AMS) → Madrid (MAD) / São Paulo (GRU),950,15h50,1,"9:55 AM on Fri, Aug 14","6:45 PM on Fri, Aug 14",,True,False,,typical,,1730.0
google_flights,2026-10-24,Sat,2026-11-16,Mon,22,BRU,AQP,1315.0,100,0,1415.0,€1315,"Air Europa, Sky Airline",Madrid (MAD),1390,23h10,2,"6:55 PM on Sat, Oct 24","11:05 AM on Sun, Oct 25",+1,True,False,,,,1730.0
google_flights,2026-10-23,Fri,2026-11-14,Sat,21,AMS,AQP,1268.0,150,0,1418.0,€1268,"Air Europa, Sky Airline",Madrid (MAD),1385,23h05,2,"7:00 PM on Fri, Oct 23","11:05 AM on Sat, Oct 24",+1,True,False,,low,,1730.5
google_flights,2026-10-23,Fri,2026-11-15,Sun,22,AMS,AQP,1268.0,150,0,1418.0,€1268,"Air Europa, Sky Airline",Madrid (MAD),1385,23h05,2,"7:00 PM on Fri, Oct 23","11:05 AM on Sat, Oct 24",+1,True,False,,,,1730.5
google_flights,2026-10-23,Fri,2026-11-16,Mon,23,AMS,AQP,1268.0,150,0,1418.0,€1268,"Air Europa, Sky Airline",Madrid (MAD),1385,23h05,2,"7:00 PM on Fri, Oct 23","11:05 AM on Sat, Oct 24",+1,True,False,,low,,1730.5
google_flights,2026-07-10,Fri,2026-08-01,Sat,21,BRU,LIM,1631.0,100,0,1731.0,€1631,KLM,Amsterdam (AMS),860,14h20,1,"8:05 AM on Fri, Jul 10","3:25 PM on Fri, Jul 10",,True,False,,typical,,1731.0
google_flights,2026-08-08,Sat,2026-08-29,Sat,20,CDG,LIM,1671.0,60,0,1731.0,€1671,Air France,Paris (CDG),750,12h30,0,"10:10 AM on Sat, Aug 8","3:40 PM on Sat, Aug 8",,True,False,,high,,1731.0
google_flights,2026-08-06,Thu,2026-08-30,Sun,23,CDG,LIM,1673.0,60,0,1733.0,€1673,"Air France, KLM",Paris (CDG) → Amsterdam (AMS),915,15h15,1,"7:10 AM on Thu, Aug 6","3:25 PM on Thu, Aug 6",,True,False,,high,,1733.0
google_flights,2026-08-08,Sat,2026-08-31,Mon,22,CDG,LIM,1673.0,60,0,1733.0,€1673,"Air France, KLM",Paris (CDG) → Amsterdam (AMS),915,15h15,1,"7:10 AM on Sat, Aug 8","3:25 PM on Sat, Aug 8",,True,False,,high,,1733.0
google_flights,2026-08-15,Sat,2026-09-07,Mon,22,BRU,CUZ,1408.0,100,0,1508.0,€1408,"Air Europa, Sky Airline",Madrid (MAD),1210,20h10,2,"6:55 PM on Sat, Aug 15","8:05 AM on Sun, Aug 16",+1,True,False,,,,1733.0
google_flights,2026-07-09,Thu,2026-08-01,Sat,22,BRU,LIM,1631.0,100,0,1731.0,€1631,KLM,Amsterdam (AMS),965,16h05,1,"6:20 AM on Thu, Jul 9","3:25 PM on Thu, Jul 9",,True,False,,high,,1733.5
google_flights,2026-09-03,Thu,2026-09-27,Sun,23,BRU,CUZ,1409.0,100,0,1509.0,€1409,"Air Europa, Sky Airline",Madrid (MAD),1210,20h10,2,"6:55 PM on Thu, Sep 3","8:05 AM on Fri, Sep 4",+1,True,False,,typical,,1734.0
google_flights,2026-09-17,Thu,2026-10-10,Sat,22,BRU,CUZ,1409.0,100,0,1509.0,€1409,"Air Europa, Sky Airline",Madrid (MAD),1210,20h10,2,"6:55 PM on Thu, Sep 17","8:05 AM on Fri, Sep 18",+1,True,False,,,,1734.0
google_flights,2026-08-27,Thu,2026-09-19,Sat,22,ORY,CUZ,1349.0,70,0,1419.0,€1349,"Air Europa, Sky Airline",Madrid (MAD),1390,23h10,2,"7:25 PM on Thu, Aug 27","11:35 AM on Fri, Aug 28",+1,True,False,,low,,1734.0
google_flights,2026-08-06,Thu,2026-08-29,Sat,22,AMS,LIM,1303.0,150,0,1453.0,€1303,"Iberia, American",Madrid (MAD) → Miami (MIA) / Dallas (DFW),1325,22h05,2,"7:20 AM on Thu, Aug 6","10:25 PM on Thu, Aug 6",,True,False,,typical,,1735.5
google_flights,2026-08-06,Thu,2026-08-30,Sun,23,AMS,LIM,1303.0,150,0,1453.0,€1303,"Iberia, American",Madrid (MAD) → Miami (MIA) / Dallas (DFW),1325,22h05,2,"7:20 AM on Thu, Aug 6","10:25 PM on Thu, Aug 6",,True,False,,typical,,1735.5
google_flights,2026-08-07,Fri,2026-08-29,Sat,21,AMS,LIM,1303.0,150,0,1453.0,€1303,"Iberia, American",Madrid (MAD) → Miami (MIA) / Dallas (DFW),1325,22h05,2,"7:20 AM on Fri, Aug 7","10:25 PM on Fri, Aug 7",,True,False,,typical,,1735.5
google_flights,2026-08-07,Fri,2026-08-30,Sun,22,AMS,LIM,1303.0,150,0,1453.0,€1303,"Iberia, American",Madrid (MAD) → Miami (MIA) / Dallas (DFW),1325,22h05,2,"7:20 AM on Fri, Aug 7","10:25 PM on Fri, Aug 7",,True,False,,typical,,1735.5
google_flights,2026-10-16,Fri,2026-11-09,Mon,23,BRU,CUZ,1358.0,100,0,1458.0,€1358,"Iberia, LATAM",Madrid (MAD) → Madrid (MAD) / São Paulo (GRU),1315,21h55,2,"7:05 AM on Fri, Oct 16","10:00 PM on Fri, Oct 16",,True,False,,typical,,1735.5
google_flights,2026-10-24,Sat,2026-11-16,Mon,22,ORY,CUZ,1398.0,70,0,1468.0,€1398,"Iberia, LATAM",Madrid (MAD) → Madrid (MAD) / São Paulo (GRU),1295,21h35,2,"7:25 AM on Sat, Oct 24","10:00 PM on Sat, Oct 24",,True,False,,,,1735.5
google_flights,2026-07-10,Fri,2026-08-01,Sat,21,AMS,LIM,1586.0,150,0,1736.0,€1586,KLM,Amsterdam (AMS),750,12h30,0,"9:55 AM on Fri, Jul 10","3:25 PM on Fri, Jul 10",,True,False,,high,,1736.0
google_flights,2026-07-30,Thu,2026-08-24,Mon,24,CDG,LIM,1596.0,60,0,1656.0,€1596,United,Houston (IAH) / Newark (EWR),1120,18h40,1,"9:45 AM on Thu, Jul 30","9:25 PM on Thu, Jul 30",,True,False,,high,,1736.0
google_flights,2026-10-01,Thu,2026-10-24,Sat,22,CDG,CUZ,1331.0,60,0,1391.0,€1331,LATAM,Madrid (MAD) / São Paulo (GRU),1450,24h10,2,"1:00 PM on Thu, Oct 1","6:10 AM on Fri, Oct 2",+1,True,False,,,,1736.0
google_flights,2026-10-22,Thu,2026-11-14,Sat,22,CDG,CUZ,1331.0,60,0,1391.0,€1331,LATAM,Madrid (MAD) / São Paulo (GRU),1450,24h10,2,"1:00 PM on Thu, Oct 22","6:10 AM on Fri, Oct 23",+1,True,False,,,,1736.0
google_flights,2026-08-29,Sat,2026-09-21,Mon,22,ORY,CUZ,1389.0,70,0,1459.0,€1389,"Air Europa, Sky Airline",Madrid (MAD),1315,21h55,2,"5:10 PM on Sat, Aug 29","8:05 AM on Sun, Aug 30",+1,True,False,,,,1736.5
google_flights,2026-10-29,Thu,2026-11-21,Sat,22,AMS,CUZ,1384.0,150,0,1534.0,€1384,"Iberia, LATAM",Madrid (MAD) → Madrid (MAD) / São Paulo (GRU),1165,19h25,2,"7:55 PM on Thu, Oct 29","9:20 AM on Fri, Oct 30",+1,True,False,,,,1736.5
google_flights,2026-10-29,Thu,2026-11-23,Mon,24,AMS,CUZ,1384.0,150,0,1534.0,€1384,"Iberia, LATAM",Madrid (MAD) → Madrid (MAD) / São Paulo (GRU),1165,19h25,2,"7:55 PM on Thu, Oct 29","9:20 AM on Fri, Oct 30",+1,True,False,,,,1736.5
google_flights,2026-07-11,Sat,2026-08-02,Sun,21,AMS,LIM,1563.0,150,0,1713.0,€1563,"KLM, COPA",Amsterdam (AMS) → Panama (PTY),1010,16h50,1,"12:55 PM on Sat, Jul 11","10:45 PM on Sat, Jul 11",,True,False,,high,,1738.0
google_flights,2026-07-17,Fri,2026-08-09,Sun,22,ORY,LIM,1598.0,70,0,1668.0,€1598,"Vueling, LEVEL",Barcelone (BCN),1100,18h20,1,"8:30 AM on Fri, Jul 17","7:50 PM on Fri, Jul 17",,True,False,,high,,1738.0
google_flights,2026-10-09,Fri,2026-11-02,Mon,23,CDG,AQP,1456.0,60,0,1516.0,€1456,"Iberia, LATAM",Madrid (MAD) → Madrid (MAD) / São Paulo (GRU),1205,20h05,2,"8:55 PM on Fri, Oct 9","10:00 AM on Sat, Oct 10",+1,True,False,,,,1738.5
google_flights,2026-10-23,Fri,2026-11-15,Sun,22,CDG,CUZ,1334.0,60,0,1394.0,€1334,LATAM,Madrid (MAD) / São Paulo (GRU),1450,24h10,2,"1:00 PM on Fri, Oct 23","6:10 AM on Sat, Oct 24",+1,True,False,,,,1739.0
google_flights,2026-10-23,Fri,2026-11-16,Mon,23,CDG,CUZ,1334.0,60,0,1394.0,€1334,LATAM,Madrid (MAD) / São Paulo (GRU),1450,24h10,2,"1:00 PM on Fri, Oct 23","6:10 AM on Sat, Oct 24",+1,True,False,,,,1739.0
google_flights,2026-10-22,Thu,2026-11-14,Sat,22,CDG,CUZ,1412.0,60,0,1472.0,€1412,"Iberia, LATAM",Madrid (MAD) → Madrid (MAD) / São Paulo (GRU),1295,21h35,2,"6:55 PM on Thu, Oct 22","9:30 AM on Fri, Oct 23",+1,True,False,,,,1739.5
google_flights,2026-07-23,Thu,2026-08-15,Sat,22,AMS,LIM,1590.0,150,0,1740.0,€1590,KLM,Amsterdam (AMS),750,12h30,0,"9:55 AM on Thu, Jul 23","3:25 PM on Thu, Jul 23",,True,False,,high,,1740.0
google_flights,2026-07-23,Thu,2026-08-16,Sun,23,AMS,LIM,1590.0,150,0,1740.0,€1590,KLM,Amsterdam (AMS),750,12h30,0,"9:55 AM on Thu, Jul 23","3:25 PM on Thu, Jul 23",,True,False,,high,,1740.0
google_flights,2026-09-24,Thu,2026-10-17,Sat,22,CDG,AQP,1300.0,60,0,1360.0,€1300,LATAM,Madrid (MAD) / São Paulo (GRU),1520,25h20,2,"1:00 PM on Thu, Sep 24","7:20 AM on Fri, Sep 25",+1,True,False,,,,1740.0
google_flights,2026-09-25,Fri,2026-10-17,Sat,21,ORY,CUZ,1394.0,70,0,1464.0,€1394,"Air Europa, Sky Airline",Madrid (MAD),1315,21h55,2,"5:10 PM on Fri, Sep 25","8:05 AM on Sat, Sep 26",+1,True,False,,typical,,1741.5
google_flights,2026-09-25,Fri,2026-10-19,Mon,23,ORY,CUZ,1394.0,70,0,1464.0,€1394,"Air Europa, Sky Airline",Madrid (MAD),1315,21h55,2,"5:10 PM on Fri, Sep 25","8:05 AM on Sat, Sep 26",+1,True,False,,typical,,1741.5
google_flights,2026-09-04,Fri,2026-09-27,Sun,22,CDG,AQP,1320.0,60,0,1380.0,€1320,LATAM,Madrid (MAD) / São Paulo (GRU),1485,24h45,2,"1:00 PM on Fri, Sep 4","6:45 AM on Sat, Sep 5",+1,True,False,,,,1742.5
google_flights,2026-09-10,Thu,2026-10-03,Sat,22,CDG,AQP,1320.0,60,0,1380.0,€1320,LATAM,Madrid (MAD) / São Paulo (GRU),1485,24h45,2,"1:00 PM on Thu, Sep 10","6:45 AM on Fri, Sep 11",+1,True,False,,,,1742.5
google_flights,2026-09-12,Sat,2026-10-03,Sat,20,CDG,AQP,1320.0,60,0,1380.0,€1320,LATAM,Madrid (MAD) / São Paulo (GRU),1485,24h45,2,"1:00 PM on Sat, Sep 12","6:45 AM on Sun, Sep 13",+1,True,False,,,,1742.5
google_flights,2026-07-10,Fri,2026-08-02,Sun,22,ORY,LIM,1603.0,70,0,1673.0,€1603,"Vueling, LEVEL",Barcelone (BCN),1100,18h20,1,"8:30 AM on Fri, Jul 10","7:50 PM on Fri, Jul 10",,True,False,,high,,1743.0
google_flights,2026-08-28,Fri,2026-09-19,Sat,21,ORY,CUZ,1464.0,70,0,1534.0,€1464,"Air Europa, Sky Airline",Madrid (MAD),1180,19h40,2,"7:25 PM on Fri, Aug 28","8:05 AM on Sat, Aug 29",+1,True,False,,typical,,1744.0
google_flights,2026-09-03,Thu,2026-09-26,Sat,22,ORY,CUZ,1464.0,70,0,1534.0,€1464,"Air Europa, Sky Airline",Madrid (MAD),1180,19h40,2,"7:25 PM on Thu, Sep 3","8:05 AM on Fri, Sep 4",+1,True,False,,typical,,1744.0
google_flights,2026-09-04,Fri,2026-09-26,Sat,21,ORY,CUZ,1464.0,70,0,1534.0,€1464,"Air Europa, Sky Airline",Madrid (MAD),1180,19h40,2,"7:25 PM on Fri, Sep 4","8:05 AM on Sat, Sep 5",+1,True,False,,,,1744.0
google_flights,2026-09-05,Sat,2026-09-26,Sat,20,ORY,CUZ,1464.0,70,0,1534.0,€1464,"Air Europa, Sky Airline",Madrid (MAD),1180,19h40,2,"7:25 PM on Sat, Sep 5","8:05 AM on Sun, Sep 6",+1,True,False,,typical,,1744.0
google_flights,2026-08-07,Fri,2026-08-30,Sun,22,CDG,LIM,1605.0,60,0,1665.0,€1605,United,Houston (IAH) / Newark (EWR),1120,18h40,1,"9:45 AM on Fri, Aug 7","9:25 PM on Fri, Aug 7",,False,False,,high,,1745.0
google_flights,2026-10-23,Fri,2026-11-16,Mon,23,ORY,AQP,1376.0,70,0,1446.0,€1376,"Air Europa, Sky Airline",Madrid (MAD),1360,22h40,2,"7:25 PM on Fri, Oct 23","11:05 AM on Sat, Oct 24",+1,True,False,,typical,,1746.0
google_flights,2026-07-10,Fri,2026-08-03,Mon,23,ORY,LIM,1607.0,70,0,1677.0,€1607,"Vueling, Iberia",Barcelone (BCN) → Madrid (MAD),1100,18h20,1,"8:30 AM on Fri, Jul 10","7:50 PM on Fri, Jul 10",,True,False,,high,,1747.0
google_flights,2026-10-08,Thu,2026-11-02,Mon,24,ORY,AQP,1455.0,70,0,1525.0,€1455,"Iberia, LATAM",Madrid (MAD) → Madrid (MAD) / São Paulo (GRU),1205,20h05,2,"8:55 PM on Thu, Oct 8","10:00 AM on Fri, Oct 9",+1,True,False,,typical,,1747.5
google_flights,2026-07-18,Sat,2026-08-08,Sat,20,AMS,LIM,1599.0,150,0,1749.0,€1599,"KLM, Air France",Amsterdam (AMS) → Paris (CDG),925,15h25,1,"7:15 AM on Sat, Jul 18","3:40 PM on Sat, Jul 18",,True,False,,high,,1749.0
google_flights,2026-08-20,Thu,2026-09-14,Mon,24,BRU,CUZ,1424.0,100,0,1524.0,€1424,"Air Europa, Sky Airline",Madrid (MAD),1210,20h10,2,"6:55 PM on Thu, Aug 20","8:05 AM on Fri, Aug 21",+1,True,False,,low,,1749.0
google_flights,2026-08-29,Sat,2026-09-19,Sat,20,BRU,CUZ,1424.0,100,0,1524.0,€1424,"Air Europa, Sky Airline",Madrid (MAD),1210,20h10,2,"6:55 PM on Sat, Aug 29","8:05 AM on Sun, Aug 30",+1,True,False,,typical,,1749.0
google_flights,2026-09-26,Sat,2026-10-18,Sun,21,ORY,CUZ,1364.0,70,0,1434.0,€1364,"Air Europa, Sky Airline",Madrid (MAD),1390,23h10,2,"7:25 PM on Sat, Sep 26","11:35 AM on Sun, Sep 27",+1,True,False,,typical,,1749.0
google_flights,2026-10-24,Sat,2026-11-14,Sat,20,AMS,AQP,1599.0,150,0,1749.0,€1599,"KLM, LATAM",Amsterdam (AMS) → Madrid (MAD) / São Paulo (GRU),950,15h50,1,"9:55 AM on Sat, Oct 24","6:45 PM on Sat, Oct 24",,True,False,,,,1749.0
google_flights,2026-10-30,Fri,2026-11-23,Mon,23,AMS,CUZ,1384.0,150,0,1534.0,€1384,"Iberia, LATAM",Madrid (MAD) → Madrid (MAD) / São Paulo (GRU),1190,19h50,2,"7:55 PM on Fri, Oct 30","9:45 AM on Sat, Oct 31",+1,True,False,,,,1749.0
google_flights,2026-08-08,Sat,2026-08-31,Mon,22,ORY,LIM,1612.0,70,0,1682.0,€1612,Air Europa,Madrid (MAD),1095,18h15,1,"5:10 PM on Sat, Aug 8","4:25 AM on Sun, Aug 9",+1,True,False,,typical,,1749.5
google_flights,2026-10-02,Fri,2026-10-26,Mon,23,CDG,CUZ,1482.0,60,0,1542.0,€1482,"Iberia, LATAM",Madrid (MAD) → Madrid (MAD) / São Paulo (GRU),1175,19h35,2,"8:55 PM on Fri, Oct 2","9:30 AM on Sat, Oct 3",+1,True,False,,,,1749.5
google_flights,2026-08-07,Fri,2026-08-30,Sun,22,BRU,LIM,1278.0,100,0,1378.0,€1278,Air Transat,Montréal (YUL),1705,28h25,1,"9:30 AM on Fri, Aug 7","6:55 AM on Sat, Aug 8",+1,True,False,,typical,,1750.5
google_flights,2026-08-28,Fri,2026-09-19,Sat,21,ORY,CUZ,1404.0,70,0,1474.0,€1404,"Air Europa, Sky Airline",Madrid (MAD),1315,21h55,2,"5:10 PM on Fri, Aug 28","8:05 AM on Sat, Aug 29",+1,True,False,,typical,,1751.5
google_flights,2026-09-18,Fri,2026-10-10,Sat,21,AMS,AQP,1246.0,150,0,1396.0,€1246,LATAM,Madrid (MAD) / São Paulo (GRU),1475,24h35,2,"1:10 PM on Fri, Sep 18","6:45 AM on Sat, Sep 19",+1,True,False,,,,1753.5
google_flights,2026-10-16,Fri,2026-11-09,Mon,23,AMS,AQP,1246.0,150,0,1396.0,€1246,LATAM,Madrid (MAD) / São Paulo (GRU),1475,24h35,2,"1:10 PM on Fri, Oct 16","6:45 AM on Sat, Oct 17",+1,True,False,,,,1753.5
google_flights,2026-08-20,Thu,2026-09-12,Sat,22,ORY,CUZ,1474.0,70,0,1544.0,€1474,"Air Europa, Sky Airline",Madrid (MAD),1180,19h40,2,"7:25 PM on Thu, Aug 20","8:05 AM on Fri, Aug 21",+1,True,False,,,,1754.0
google_flights,2026-08-20,Thu,2026-09-13,Sun,23,ORY,CUZ,1474.0,70,0,1544.0,€1474,"Air Europa, Sky Airline",Madrid (MAD),1180,19h40,2,"7:25 PM on Thu, Aug 20","8:05 AM on Fri, Aug 21",+1,True,False,,,,1754.0
google_flights,2026-08-21,Fri,2026-09-13,Sun,22,ORY,CUZ,1474.0,70,0,1544.0,€1474,"Air Europa, Sky Airline",Madrid (MAD),1180,19h40,2,"7:25 PM on Fri, Aug 21","8:05 AM on Sat, Aug 22",+1,True,False,,,,1754.0
google_flights,2026-08-29,Sat,2026-09-21,Mon,22,ORY,CUZ,1474.0,70,0,1544.0,€1474,"Air Europa, Sky Airline",Madrid (MAD),1180,19h40,2,"7:25 PM on Sat, Aug 29","8:05 AM on Sun, Aug 30",+1,False,False,,,,1754.0
google_flights,2026-09-10,Thu,2026-10-03,Sat,22,ORY,CUZ,1474.0,70,0,1544.0,€1474,"Air Europa, Sky Airline",Madrid (MAD),1180,19h40,2,"7:25 PM on Thu, Sep 10","8:05 AM on Fri, Sep 11",+1,True,False,,,,1754.0
google_flights,2026-09-19,Sat,2026-10-11,Sun,21,ORY,CUZ,1474.0,70,0,1544.0,€1474,"Air Europa, Sky Airline",Madrid (MAD),1180,19h40,2,"7:25 PM on Sat, Sep 19","8:05 AM on Sun, Sep 20",+1,True,False,,typical,,1754.0
google_flights,2026-10-24,Sat,2026-11-15,Sun,21,AMS,AQP,1292.0,150,0,1442.0,€1292,"Air Europa, Sky Airline",Madrid (MAD),1385,23h05,2,"7:00 PM on Sat, Oct 24","11:05 AM on Sun, Oct 25",+1,True,False,,low,,1754.5
google_flights,2026-10-24,Sat,2026-11-16,Mon,22,AMS,AQP,1292.0,150,0,1442.0,€1292,"Air Europa, Sky Airline",Madrid (MAD),1385,23h05,2,"7:00 PM on Sat, Oct 24","11:05 AM on Sun, Oct 25",+1,True,False,,low,,1754.5
google_flights,2026-10-22,Thu,2026-11-16,Mon,24,ORY,AQP,1400.0,70,0,1470.0,€1400,"Iberia, LATAM",Madrid (MAD) → Madrid (MAD) / São Paulo (GRU),1330,22h10,2,"8:55 PM on Thu, Oct 22","12:05 PM on Fri, Oct 23",+1,True,False,,,,1755.0
google_flights,2026-08-08,Sat,2026-08-31,Mon,22,AMS,LIM,1594.0,150,0,1744.0,€1594,Air Europa,Madrid (MAD),985,16h25,1,"7:00 PM on Sat, Aug 8","4:25 AM on Sun, Aug 9",+1,True,False,,high,,1756.5
google_flights,2026-07-04,Sat,2026-07-25,Sat,20,BRU,LIM,1367.0,100,0,1467.0,€1367,"Iberia, American",Madrid (MAD) → Miami (MIA) / Dallas (DFW),1340,22h20,2,"7:05 AM on Sat, Jul 4","10:25 PM on Sat, Jul 4",,True,False,,typical,,1757.0
google_flights,2026-07-04,Sat,2026-07-26,Sun,21,BRU,LIM,1367.0,100,0,1467.0,€1367,"Iberia, American",Madrid (MAD) → Miami (MIA) / Dallas (DFW),1340,22h20,2,"7:05 AM on Sat, Jul 4","10:25 PM on Sat, Jul 4",,True,False,,typical,,1757.0
google_flights,2026-07-04,Sat,2026-07-27,Mon,22,BRU,LIM,1367.0,100,0,1467.0,€1367,"Iberia, American",Madrid (MAD) → Miami (MIA) / Dallas (DFW),1340,22h20,2,"7:05 AM on Sat, Jul 4","10:25 PM on Sat, Jul 4",,True,False,,typical,,1757.0
google_flights,2026-07-18,Sat,2026-08-09,Sun,21,BRU,LIM,1367.0,100,0,1467.0,€1367,"Iberia, American",Madrid (MAD) → Miami (MIA) / Dallas (DFW),1340,22h20,2,"7:05 AM on Sat, Jul 18","10:25 PM on Sat, Jul 18",,True,False,,typical,,1757.0
google_flights,2026-07-23,Thu,2026-08-15,Sat,22,BRU,LIM,1657.0,100,0,1757.0,€1657,KLM,Amsterdam (AMS),860,14h20,1,"8:05 AM on Thu, Jul 23","3:25 PM on Thu, Jul 23",,True,False,,high,,1757.0
google_flights,2026-07-30,Thu,2026-08-24,Mon,24,BRU,LIM,1367.0,100,0,1467.0,€1367,"Iberia, American",Madrid (MAD) → Miami (MIA) / Dallas (DFW),1340,22h20,2,"7:05 AM on Thu, Jul 30","10:25 PM on Thu, Jul 30",,True,False,,typical,,1757.0
google_flights,2026-08-08,Sat,2026-08-31,Mon,22,BRU,LIM,1367.0,100,0,1467.0,€1367,"Iberia, American",Madrid (MAD) → Miami (MIA) / Dallas (DFW),1340,22h20,2,"7:05 AM on Sat, Aug 8","10:25 PM on Sat, Aug 8",,False,False,,typical,,1757.0
google_flights,2026-10-23,Fri,2026-11-15,Sun,22,CDG,AQP,1335.0,60,0,1395.0,€1335,LATAM,Madrid (MAD) / São Paulo (GRU),1485,24h45,2,"1:00 PM on Fri, Oct 23","6:45 AM on Sat, Oct 24",+1,True,False,,,,1757.5
google_flights,2026-10-29,Thu,2026-11-22,Sun,23,AMS,AQP,1385.0,150,0,1535.0,€1385,"Iberia, LATAM",Madrid (MAD) → Madrid (MAD) / São Paulo (GRU),1205,20h05,2,"7:55 PM on Thu, Oct 29","10:00 AM on Fri, Oct 30",+1,True,False,,,,1757.5
google_flights,2026-10-30,Fri,2026-11-22,Sun,22,AMS,AQP,1385.0,150,0,1535.0,€1385,"Iberia, LATAM",Madrid (MAD) → Madrid (MAD) / São Paulo (GRU),1205,20h05,2,"7:55 PM on Fri, Oct 30","10:00 AM on Sat, Oct 31",+1,True,False,,,,1757.5
google_flights,2026-09-17,Thu,2026-10-11,Sun,23,ORY,CUZ,1503.0,70,0,1573.0,€1503,"Iberia, LATAM",Madrid (MAD) → Madrid (MAD) / São Paulo (GRU),1130,18h50,2,"10:10 AM on Thu, Sep 17","10:00 PM on Thu, Sep 17",,True,False,,typical,,1758.0
google_flights,2026-10-08,Thu,2026-11-01,Sun,23,ORY,CUZ,1503.0,70,0,1573.0,€1503,"Iberia, LATAM",Madrid (MAD) → Madrid (MAD) / São Paulo (GRU),1130,18h50,2,"10:10 AM on Thu, Oct 8","10:00 PM on Thu, Oct 8",,True,False,,typical,,1758.0
google_flights,2026-08-27,Thu,2026-09-20,Sun,23,ORY,AQP,1366.0,70,0,1436.0,€1366,"Air Europa, Sky Airline",Madrid (MAD),1405,23h25,2,"7:25 PM on Thu, Aug 27","11:50 AM on Fri, Aug 28",+1,True,False,,,,1758.5
google_flights,2026-10-31,Sat,2026-11-22,Sun,21,CDG,AQP,1441.0,60,0,1501.0,€1441,"Iberia, LATAM",Madrid (MAD) → Madrid (MAD) / São Paulo (GRU),1275,21h15,2,"6:45 PM on Sat, Oct 31","10:00 AM on Sun, Nov 1",+1,True,False,,typical,,1758.5
google_flights,2026-07-10,Fri,2026-08-01,Sat,21,AMS,LIM,1609.0,150,0,1759.0,€1609,"KLM, Air France",Amsterdam (AMS) → Paris (CDG),915,15h15,1,"7:25 AM on Fri, Jul 10","3:40 PM on Fri, Jul 10",,True,False,,high,,1759.0
google_flights,2026-09-18,Fri,2026-10-10,Sat,21,BRU,CUZ,1434.0,100,0,1534.0,€1434,"Air Europa, Sky Airline",Madrid (MAD),1210,20h10,2,"6:55 PM on Fri, Sep 18","8:05 AM on Sat, Sep 19",+1,True,False,,,,1759.0
google_flights,2026-09-19,Sat,2026-10-12,Mon,22,BRU,CUZ,1434.0,100,0,1534.0,€1434,"Air Europa, Sky Airline",Madrid (MAD),1210,20h10,2,"6:55 PM on Sat, Sep 19","8:05 AM on Sun, Sep 20",+1,True,False,,,,1759.0
google_flights,2026-09-24,Thu,2026-10-19,Mon,24,BRU,CUZ,1434.0,100,0,1534.0,€1434,"Air Europa, Sky Airline",Madrid (MAD),1210,20h10,2,"6:55 PM on Thu, Sep 24","8:05 AM on Fri, Sep 25",+1,True,False,,,,1759.0
google_flights,2026-09-25,Fri,2026-10-19,Mon,23,BRU,CUZ,1434.0,100,0,1534.0,€1434,"Air Europa, Sky Airline",Madrid (MAD),1210,20h10,2,"6:55 PM on Fri, Sep 25","8:05 AM on Sat, Sep 26",+1,True,False,,,,1759.0
google_flights,2026-07-24,Fri,2026-08-15,Sat,21,AMS,LIM,1610.0,150,0,1760.0,€1610,KLM,Amsterdam (AMS),750,12h30,0,"9:55 AM on Fri, Jul 24","3:25 PM on Fri, Jul 24",,True,False,,high,,1760.0
google_flights,2026-07-24,Fri,2026-08-16,Sun,22,AMS,LIM,1610.0,150,0,1760.0,€1610,KLM,Amsterdam (AMS),750,12h30,0,"9:55 AM on Fri, Jul 24","3:25 PM on Fri, Jul 24",,True,False,,high,,1760.0
google_flights,2026-07-25,Sat,2026-08-15,Sat,20,AMS,LIM,1610.0,150,0,1760.0,€1610,KLM,Amsterdam (AMS),750,12h30,0,"9:55 AM on Sat, Jul 25","3:25 PM on Sat, Jul 25",,True,False,,high,,1760.0
google_flights,2026-07-25,Sat,2026-08-16,Sun,21,AMS,LIM,1610.0,150,0,1760.0,€1610,KLM,Amsterdam (AMS),750,12h30,0,"9:55 AM on Sat, Jul 25","3:25 PM on Sat, Jul 25",,True,False,,typical,,1760.0
google_flights,2026-10-29,Thu,2026-11-23,Mon,24,CDG,CUZ,1230.0,60,0,1290.0,€1230,"Air Canada, Avianca",Montréal (YUL) / Toronto (YYZ) → Bogotá (BOG),1700,28h20,2,"1:00 PM on Thu, Oct 29","11:20 AM on Fri, Oct 30",+1,True,False,,typical,,1760.0
google_flights,2026-07-18,Sat,2026-08-10,Mon,22,BRU,LIM,1371.0,100,0,1471.0,€1371,"Iberia, American",Madrid (MAD) → Miami (MIA) / Dallas (DFW),1340,22h20,2,"7:05 AM on Sat, Jul 18","10:25 PM on Sat, Jul 18",,True,False,,typical,,1761.0
google_flights,2026-10-22,Thu,2026-11-16,Mon,24,ORY,AQP,1391.0,70,0,1461.0,€1391,"Air Europa, Sky Airline",Madrid (MAD),1360,22h40,2,"7:25 PM on Thu, Oct 22","11:05 AM on Fri, Oct 23",+1,True,False,,,,1761.0
google_flights,2026-09-19,Sat,2026-10-11,Sun,21,BRU,AQP,1404.0,100,0,1504.0,€1404,"Iberia, LATAM",Madrid (MAD) → Madrid (MAD) / São Paulo (GRU),1275,21h15,2,"7:45 PM on Sat, Sep 19","10:00 AM on Sun, Sep 20",+1,True,False,,typical,,1761.5
google_flights,2026-08-07,Fri,2026-08-31,Mon,23,ORY,LIM,1692.0,70,0,1762.0,€1692,Air Europa,Madrid (MAD),960,16h,1,"7:25 PM on Fri, Aug 7","4:25 AM on Sat, Aug 8",+1,True,False,,typical,,1762.0
google_flights,2026-08-08,Sat,2026-08-31,Mon,22,ORY,LIM,1692.0,70,0,1762.0,€1692,Air Europa,Madrid (MAD),960,16h,1,"7:25 PM on Sat, Aug 8","4:25 AM on Sun, Aug 9",+1,True,False,,typical,,1762.0
google_flights,2026-10-22,Thu,2026-11-16,Mon,24,AMS,AQP,1559.0,150,0,1709.0,€1559,"KLM, LATAM",Amsterdam (AMS) → Madrid (MAD) / São Paulo (GRU),1070,17h50,1,"9:55 AM on Thu, Oct 22","8:45 PM on Thu, Oct 22",,True,False,,typical,,1764.0
google_flights,2026-10-24,Sat,2026-11-15,Sun,21,AMS,CUZ,1592.0,150,0,1742.0,€1592,"KLM, LATAM",Amsterdam (AMS) → Madrid (MAD) / São Paulo (GRU),1005,16h45,1,"9:55 AM on Sat, Oct 24","7:40 PM on Sat, Oct 24",,True,False,,,,1764.5
google_flights,2026-10-30,Fri,2026-11-21,Sat,21,AMS,CUZ,1400.0,150,0,1550.0,€1400,"Iberia, LATAM",Madrid (MAD) → Madrid (MAD) / São Paulo (GRU),1190,19h50,2,"7:55 PM on Fri, Oct 30","9:45 AM on Sat, Oct 31",+1,True,False,,typical,,1765.0
google_flights,2026-07-04,Sat,2026-07-25,Sat,20,BRU,LIM,1663.0,100,0,1763.0,€1663,KLM,Amsterdam (AMS),965,16h05,1,"6:20 AM on Sat, Jul 4","3:25 PM on Sat, Jul 4",,True,False,,typical,,1765.5
google_flights,2026-07-04,Sat,2026-07-27,Mon,22,BRU,LIM,1663.0,100,0,1763.0,€1663,KLM,Amsterdam (AMS),965,16h05,1,"6:20 AM on Sat, Jul 4","3:25 PM on Sat, Jul 4",,True,False,,typical,,1765.5
google_flights,2026-10-10,Sat,2026-11-02,Mon,22,BRU,CUZ,1423.0,100,0,1523.0,€1423,"Iberia, LATAM",Madrid (MAD) → Madrid (MAD) / São Paulo (GRU),1245,20h45,2,"7:45 PM on Sat, Oct 10","9:30 AM on Sun, Oct 11",+1,True,False,,typical,,1765.5
google_flights,2026-07-16,Thu,2026-08-08,Sat,22,AMS,LIM,1617.0,150,0,1767.0,€1617,"KLM, Air France",Amsterdam (AMS) → Paris (CDG),945,15h45,1,"6:55 AM on Thu, Jul 16","3:40 PM on Thu, Jul 16",,False,False,,high,,1767.0
google_flights,2026-07-23,Thu,2026-08-16,Sun,23,AMS,LIM,1617.0,150,0,1767.0,€1617,"KLM, Air France",Amsterdam (AMS) → Paris (CDG),915,15h15,1,"7:25 AM on Thu, Jul 23","3:40 PM on Thu, Jul 23",,True,False,,high,,1767.0
google_flights,2026-09-24,Thu,2026-10-17,Sat,22,CDG,AQP,1345.0,60,0,1405.0,€1345,LATAM,Madrid (MAD) / São Paulo (GRU),1485,24h45,2,"1:00 PM on Thu, Sep 24","6:45 AM on Fri, Sep 25",+1,True,False,,,,1767.5
google_flights,2026-10-30,Fri,2026-11-21,Sat,21,ORY,AQP,1505.0,70,0,1575.0,€1505,"Iberia, LATAM",Madrid (MAD) → Madrid (MAD) / São Paulo (GRU),1145,19h05,2,"8:55 PM on Fri, Oct 30","10:00 AM on Sat, Oct 31",+1,True,False,,typical,,1767.5
google_flights,2026-10-22,Thu,2026-11-16,Mon,24,BRU,AQP,1355.0,100,0,1455.0,€1355,"Air Europa, Sky Airline",Madrid (MAD),1390,23h10,2,"6:55 PM on Thu, Oct 22","11:05 AM on Fri, Oct 23",+1,True,False,,typical,,1770.0
google_flights,2026-08-28,Fri,2026-09-19,Sat,21,BRU,CUZ,1449.0,100,0,1549.0,€1449,"Air Europa, Sky Airline",Madrid (MAD),1210,20h10,2,"6:55 PM on Fri, Aug 28","8:05 AM on Sat, Aug 29",+1,True,False,,typical,,1774.0
google_flights,2026-08-29,Sat,2026-09-21,Mon,22,AMS,AQP,1569.0,150,0,1719.0,€1569,"KLM, LATAM",Amsterdam (AMS) → Madrid (MAD) / São Paulo (GRU),1070,17h50,1,"9:55 AM on Sat, Aug 29","8:45 PM on Sat, Aug 29",,True,False,,,,1774.0
google_flights,2026-09-17,Thu,2026-10-12,Mon,24,CDG,CUZ,1699.0,60,0,1759.0,€1699,"Air France, LATAM",Paris (CDG) → Madrid (MAD) / São Paulo (GRU),990,16h30,1,"10:10 AM on Thu, Sep 17","7:40 PM on Thu, Sep 17",,True,False,,,,1774.0
google_flights,2026-08-15,Sat,2026-09-07,Mon,22,AMS,CUZ,1567.0,150,0,1717.0,€1567,"KLM, LATAM",Amsterdam (AMS) → Madrid (MAD) / São Paulo (GRU),1075,17h55,1,"9:55 AM on Sat, Aug 15","8:50 PM on Sat, Aug 15",,True,False,,typical,,1774.5
google_flights,2026-09-18,Fri,2026-10-12,Mon,23,AMS,CUZ,1572.0,150,0,1722.0,€1572,"KLM, LATAM",Amsterdam (AMS) → Madrid (MAD) / São Paulo (GRU),1065,17h45,1,"9:55 AM on Fri, Sep 18","8:40 PM on Fri, Sep 18",,True,False,,typical,,1774.5
google_flights,2026-10-29,Thu,2026-11-22,Sun,23,AMS,AQP,1343.0,150,0,1493.0,€1343,"Air Europa, Sky Airline",Madrid (MAD),1325,22h05,2,"7:00 PM on Thu, Oct 29","11:05 AM on Fri, Oct 30",+1,True,False,,,,1775.5
google_flights,2026-10-30,Fri,2026-11-22,Sun,22,BRU,AQP,1448.0,100,0,1548.0,€1448,"Iberia, LATAM",Madrid (MAD) → Madrid (MAD) / São Paulo (GRU),1215,20h15,2,"7:45 PM on Fri, Oct 30","10:00 AM on Sat, Oct 31",+1,True,False,,low,,1775.5
google_flights,2026-08-08,Sat,2026-08-29,Sat,20,AMS,LIM,1626.0,150,0,1776.0,€1626,KLM,Amsterdam (AMS),750,12h30,0,"9:55 AM on Sat, Aug 8","3:25 PM on Sat, Aug 8",,True,False,,high,,1776.0
google_flights,2026-08-08,Sat,2026-08-30,Sun,21,AMS,LIM,1626.0,150,0,1776.0,€1626,KLM,Amsterdam (AMS),750,12h30,0,"9:55 AM on Sat, Aug 8","3:25 PM on Sat, Aug 8",,True,False,,high,,1776.0
google_flights,2026-10-24,Sat,2026-11-14,Sat,20,ORY,AQP,1406.0,70,0,1476.0,€1406,"Air Europa, Sky Airline",Madrid (MAD),1360,22h40,2,"7:25 PM on Sat, Oct 24","11:05 AM on Sun, Oct 25",+1,True,False,,,,1776.0
google_flights,2026-09-10,Thu,2026-10-04,Sun,23,ORY,CUZ,1394.0,70,0,1464.0,€1394,"Air Europa, Sky Airline",Madrid (MAD),1390,23h10,2,"7:25 PM on Thu, Sep 10","11:35 AM on Fri, Sep 11",+1,True,False,,typical,,1779.0
google_flights,2026-09-26,Sat,2026-10-17,Sat,20,ORY,CUZ,1394.0,70,0,1464.0,€1394,"Air Europa, Sky Airline",Madrid (MAD),1390,23h10,2,"7:25 PM on Sat, Sep 26","11:35 AM on Sun, Sep 27",+1,True,False,,typical,,1779.0
google_flights,2026-07-25,Sat,2026-08-17,Mon,22,BRU,LIM,1367.0,100,0,1467.0,€1367,"Iberia, American",Madrid (MAD) → Miami (MIA) / Dallas (DFW),1385,23h05,2,"12:05 PM on Sat, Jul 25","4:10 AM on Sun, Jul 26",+1,True,False,,typical,,1779.5
google_flights,2026-10-16,Fri,2026-11-09,Mon,23,AMS,CUZ,1572.0,150,0,1722.0,€1572,"KLM, LATAM",Amsterdam (AMS) → Madrid (MAD) / São Paulo (GRU),1075,17h55,1,"9:55 AM on Fri, Oct 16","8:50 PM on Fri, Oct 16",,True,False,,typical,,1779.5
google_flights,2026-08-22,Sat,2026-09-14,Mon,22,ORY,CUZ,1434.0,70,0,1504.0,€1434,"Air Europa, Sky Airline",Madrid (MAD),1315,21h55,2,"5:10 PM on Sat, Aug 22","8:05 AM on Sun, Aug 23",+1,True,False,,typical,,1781.5
google_flights,2026-08-28,Fri,2026-09-20,Sun,22,AMS,AQP,1274.0,150,0,1424.0,€1274,LATAM,Madrid (MAD) / São Paulo (GRU),1475,24h35,2,"1:10 PM on Fri, Aug 28","6:45 AM on Sat, Aug 29",+1,True,False,,,,1781.5
google_flights,2026-09-04,Fri,2026-09-27,Sun,22,AMS,AQP,1274.0,150,0,1424.0,€1274,LATAM,Madrid (MAD) / São Paulo (GRU),1475,24h35,2,"1:10 PM on Fri, Sep 4","6:45 AM on Sat, Sep 5",+1,True,False,,,,1781.5
google_flights,2026-09-11,Fri,2026-10-04,Sun,22,ORY,CUZ,1434.0,70,0,1504.0,€1434,"Air Europa, Sky Airline",Madrid (MAD),1315,21h55,2,"5:10 PM on Fri, Sep 11","8:05 AM on Sat, Sep 12",+1,True,False,,typical,,1781.5
google_flights,2026-09-12,Sat,2026-10-04,Sun,21,ORY,CUZ,1434.0,70,0,1504.0,€1434,"Air Europa, Sky Airline",Madrid (MAD),1315,21h55,2,"5:10 PM on Sat, Sep 12","8:05 AM on Sun, Sep 13",+1,True,False,,,,1781.5
google_flights,2026-10-08,Thu,2026-11-02,Mon,24,BRU,AQP,1424.0,100,0,1524.0,€1424,"Iberia, LATAM",Madrid (MAD) → Madrid (MAD) / São Paulo (GRU),1275,21h15,2,"7:45 PM on Thu, Oct 8","10:00 AM on Fri, Oct 9",+1,True,False,,,,1781.5
google_flights,2026-10-10,Sat,2026-11-02,Mon,22,BRU,AQP,1424.0,100,0,1524.0,€1424,"Iberia, LATAM",Madrid (MAD) → Madrid (MAD) / São Paulo (GRU),1275,21h15,2,"7:45 PM on Sat, Oct 10","10:00 AM on Sun, Oct 11",+1,True,False,,,,1781.5
google_flights,2026-09-03,Thu,2026-09-28,Mon,24,ORY,CUZ,1504.0,70,0,1574.0,€1504,"Air Europa, Sky Airline",Madrid (MAD),1180,19h40,2,"7:25 PM on Thu, Sep 3","8:05 AM on Fri, Sep 4",+1,True,False,,,,1784.0
google_flights,2026-09-04,Fri,2026-09-28,Mon,23,ORY,CUZ,1504.0,70,0,1574.0,€1504,"Air Europa, Sky Airline",Madrid (MAD),1180,19h40,2,"7:25 PM on Fri, Sep 4","8:05 AM on Sat, Sep 5",+1,True,False,,,,1784.0
google_flights,2026-09-11,Fri,2026-10-03,Sat,21,ORY,CUZ,1504.0,70,0,1574.0,€1504,"Air Europa, Sky Airline",Madrid (MAD),1180,19h40,2,"7:25 PM on Fri, Sep 11","8:05 AM on Sat, Sep 12",+1,True,False,,high,,1784.0
google_flights,2026-09-11,Fri,2026-10-05,Mon,23,ORY,CUZ,1504.0,70,0,1574.0,€1504,"Air Europa, Sky Airline",Madrid (MAD),1180,19h40,2,"7:25 PM on Fri, Sep 11","8:05 AM on Sat, Sep 12",+1,True,False,,high,,1784.0
google_flights,2026-09-12,Sat,2026-10-03,Sat,20,ORY,CUZ,1504.0,70,0,1574.0,€1504,"Air Europa, Sky Airline",Madrid (MAD),1180,19h40,2,"7:25 PM on Sat, Sep 12","8:05 AM on Sun, Sep 13",+1,True,False,,high,,1784.0
google_flights,2026-09-12,Sat,2026-10-03,Sat,20,BRU,CUZ,1459.0,100,0,1559.0,€1459,"Air Europa, Sky Airline",Madrid (MAD),1210,20h10,2,"6:55 PM on Sat, Sep 12","8:05 AM on Sun, Sep 13",+1,True,False,,,,1784.0
google_flights,2026-09-24,Thu,2026-10-17,Sat,22,BRU,CUZ,1459.0,100,0,1559.0,€1459,"Air Europa, Sky Airline",Madrid (MAD),1210,20h10,2,"6:55 PM on Thu, Sep 24","8:05 AM on Fri, Sep 25",+1,True,False,,,,1784.0
google_flights,2026-08-06,Thu,2026-08-30,Sun,23,CDG,LIM,1725.0,60,0,1785.0,€1725,Air France,Paris (CDG),750,12h30,0,"10:10 AM on Thu, Aug 6","3:40 PM on Thu, Aug 6",,True,False,,high,,1785.0
google_flights,2026-09-17,Thu,2026-10-10,Sat,22,CDG,CUZ,1440.0,60,0,1500.0,€1440,"Iberia, LATAM",Madrid (MAD) → Madrid (MAD) / São Paulo (GRU),1330,22h10,2,"6:50 AM on Thu, Sep 17","10:00 PM on Thu, Sep 17",,True,False,,high,,1785.0
google_flights,2026-09-17,Thu,2026-10-12,Mon,24,CDG,CUZ,1440.0,60,0,1500.0,€1440,"Iberia, LATAM",Madrid (MAD) → Madrid (MAD) / São Paulo (GRU),1330,22h10,2,"6:50 AM on Thu, Sep 17","10:00 PM on Thu, Sep 17",,True,False,,,,1785.0
google_flights,2026-10-15,Thu,2026-11-08,Sun,23,ORY,AQP,1416.0,70,0,1486.0,€1416,"Air Europa, Sky Airline",Madrid (MAD),1360,22h40,2,"7:25 PM on Thu, Oct 15","11:05 AM on Fri, Oct 16",+1,True,False,,,,1786.0
google_flights,2026-10-17,Sat,2026-11-09,Mon,22,ORY,AQP,1416.0,70,0,1486.0,€1416,"Air Europa, Sky Airline",Madrid (MAD),1360,22h40,2,"7:25 PM on Sat, Oct 17","11:05 AM on Sun, Oct 18",+1,True,False,,,,1786.0
google_flights,2026-07-17,Fri,2026-08-09,Sun,22,AMS,LIM,1637.0,150,0,1787.0,€1637,"KLM, Air France",Amsterdam (AMS) → Paris (CDG),915,15h15,1,"7:25 AM on Fri, Jul 17","3:40 PM on Fri, Jul 17",,True,False,,high,,1787.0
google_flights,2026-07-24,Fri,2026-08-16,Sun,22,AMS,LIM,1637.0,150,0,1787.0,€1637,"KLM, Air France",Amsterdam (AMS) → Paris (CDG),915,15h15,1,"7:25 AM on Fri, Jul 24","3:40 PM on Fri, Jul 24",,True,False,,high,,1787.0
google_flights,2026-07-30,Thu,2026-08-24,Mon,24,AMS,LIM,1637.0,150,0,1787.0,€1637,KLM,Amsterdam (AMS),750,12h30,0,"9:55 AM on Thu, Jul 30","3:25 PM on Thu, Jul 30",,True,False,,high,,1787.0
google_flights,2026-08-27,Thu,2026-09-19,Sat,22,CDG,CUZ,1425.0,60,0,1485.0,€1425,"Iberia, LATAM",Madrid (MAD) → Madrid (MAD) / São Paulo (GRU),1365,22h45,2,"6:50 AM on Thu, Aug 27","10:35 PM on Thu, Aug 27",,True,False,,,,1787.5
google_flights,2026-07-30,Thu,2026-08-22,Sat,22,CDG,LIM,1728.0,60,0,1788.0,€1728,Air France,Paris (CDG),750,12h30,0,"10:10 AM on Thu, Jul 30","3:40 PM on Thu, Jul 30",,True,False,,high,,1788.0
google_flights,2026-09-10,Thu,2026-10-04,Sun,23,ORY,AQP,1396.0,70,0,1466.0,€1396,"Air Europa, Sky Airline",Madrid (MAD),1405,23h25,2,"7:25 PM on Thu, Sep 10","11:50 AM on Fri, Sep 11",+1,True,False,,,,1788.5
google_flights,2026-09-18,Fri,2026-10-12,Mon,23,ORY,AQP,1396.0,70,0,1466.0,€1396,"Air Europa, Sky Airline",Madrid (MAD),1405,23h25,2,"7:25 PM on Fri, Sep 18","11:50 AM on Sat, Sep 19",+1,True,False,,,,1788.5
google_flights,2026-09-25,Fri,2026-10-18,Sun,22,CDG,AQP,1506.0,60,0,1566.0,€1506,"Iberia, LATAM",Madrid (MAD) → Madrid (MAD) / São Paulo (GRU),1205,20h05,2,"8:55 PM on Fri, Sep 25","10:00 AM on Sat, Sep 26",+1,True,False,,,,1788.5
google_flights,2026-09-25,Fri,2026-10-19,Mon,23,CDG,AQP,1506.0,60,0,1566.0,€1506,"Iberia, LATAM",Madrid (MAD) → Madrid (MAD) / São Paulo (GRU),1205,20h05,2,"8:55 PM on Fri, Sep 25","10:00 AM on Sat, Sep 26",+1,True,False,,typical,,1788.5
google_flights,2026-08-20,Thu,2026-09-12,Sat,22,BRU,CUZ,1464.0,100,0,1564.0,€1464,"Air Europa, Sky Airline",Madrid (MAD),1210,20h10,2,"6:55 PM on Thu, Aug 20","8:05 AM on Fri, Aug 21",+1,True,False,,typical,,1789.0
google_flights,2026-10-17,Sat,2026-11-09,Mon,22,BRU,AQP,1374.0,100,0,1474.0,€1374,"Air Europa, Sky Airline",Madrid (MAD),1390,23h10,2,"6:55 PM on Sat, Oct 17","11:05 AM on Sun, Oct 18",+1,True,False,,,,1789.0
google_flights,2026-10-23,Fri,2026-11-15,Sun,22,BRU,AQP,1374.0,100,0,1474.0,€1374,"Air Europa, Sky Airline",Madrid (MAD),1390,23h10,2,"6:55 PM on Fri, Oct 23","11:05 AM on Sat, Oct 24",+1,True,False,,,,1789.0
google_flights,2026-08-06,Thu,2026-08-31,Mon,24,AMS,CUZ,1587.0,150,0,1737.0,€1587,"KLM, LATAM",Amsterdam (AMS) → Madrid (MAD) / São Paulo (GRU),1065,17h45,1,"9:55 AM on Thu, Aug 6","8:40 PM on Thu, Aug 6",,True,False,,typical,,1789.5
google_flights,2026-09-03,Thu,2026-09-27,Sun,23,BRU,AQP,1332.0,100,0,1432.0,€1332,LATAM,Madrid (MAD) / São Paulo (GRU),1475,24h35,2,"1:10 PM on Thu, Sep 3","6:45 AM on Fri, Sep 4",+1,True,False,,,,1789.5
google_flights,2026-09-19,Sat,2026-10-11,Sun,21,ORY,CUZ,1453.0,70,0,1523.0,€1453,"Iberia, LATAM",Madrid (MAD) → Madrid (MAD) / São Paulo (GRU),1295,21h35,2,"7:25 AM on Sat, Sep 19","10:00 PM on Sat, Sep 19",,True,False,,typical,,1790.5
google_flights,2026-07-10,Fri,2026-08-01,Sat,21,ORY,LIM,1651.0,70,0,1721.0,€1651,"Vueling, Iberia",Barcelone (BCN) → Madrid (MAD),1100,18h20,1,"8:30 AM on Fri, Jul 10","7:50 PM on Fri, Jul 10",,True,False,,high,,1791.0
google_flights,2026-07-10,Fri,2026-08-02,Sun,22,ORY,LIM,1651.0,70,0,1721.0,€1651,"Vueling, Iberia",Barcelone (BCN) → Madrid (MAD),1100,18h20,1,"8:30 AM on Fri, Jul 10","7:50 PM on Fri, Jul 10",,True,False,,high,,1791.0
google_flights,2026-07-25,Sat,2026-08-16,Sun,21,CDG,LIM,1732.0,60,0,1792.0,€1732,"Air France, KLM",Paris (CDG) → Amsterdam (AMS),915,15h15,1,"7:10 AM on Sat, Jul 25","3:25 PM on Sat, Jul 25",,True,False,,high,,1792.0
google_flights,2026-08-08,Sat,2026-08-29,Sat,20,CDG,LIM,1732.0,60,0,1792.0,€1732,"Air France, KLM",Paris (CDG) → Amsterdam (AMS),915,15h15,1,"7:10 AM on Sat, Aug 8","3:25 PM on Sat, Aug 8",,True,False,,high,,1792.0
google_flights,2026-10-16,Fri,2026-11-09,Mon,23,ORY,AQP,1500.0,70,0,1570.0,€1500,"Iberia, LATAM",Madrid (MAD) → Madrid (MAD) / São Paulo (GRU),1205,20h05,2,"8:55 PM on Fri, Oct 16","10:00 AM on Sat, Oct 17",+1,True,False,,,,1792.5
google_flights,2026-09-12,Sat,2026-10-04,Sun,21,CDG,AQP,1733.0,60,0,1793.0,€1733,"Air France, LATAM",Paris (CDG) → Madrid (MAD) / São Paulo (GRU),935,15h35,1,"10:10 AM on Sat, Sep 12","6:45 PM on Sat, Sep 12",,True,False,,,,1793.0
google_flights,2026-07-17,Fri,2026-08-09,Sun,22,ORY,LIM,1614.0,70,0,1684.0,€1614,"Vueling, LEVEL",Barcelone (BCN),1180,19h40,1,"7:10 AM on Fri, Jul 17","7:50 PM on Fri, Jul 17",,False,False,,high,,1794.0
google_flights,2026-10-22,Thu,2026-11-15,Sun,23,ORY,CUZ,1414.0,70,0,1484.0,€1414,"Air Europa, Sky Airline",Madrid (MAD),1380,23h,2,"7:25 PM on Thu, Oct 22","11:25 AM on Fri, Oct 23",+1,True,False,,,,1794.0
google_flights,2026-10-02,Fri,2026-10-24,Sat,21,CDG,CUZ,1527.0,60,0,1587.0,€1527,"Iberia, LATAM",Madrid (MAD) → Madrid (MAD) / São Paulo (GRU),1175,19h35,2,"8:55 PM on Fri, Oct 2","9:30 AM on Sat, Oct 3",+1,True,False,,,,1794.5
google_flights,2026-07-25,Sat,2026-08-17,Mon,22,CDG,LIM,1735.0,60,0,1795.0,€1735,"Air France, KLM",Paris (CDG) → Amsterdam (AMS),915,15h15,1,"7:10 AM on Sat, Jul 25","3:25 PM on Sat, Jul 25",,True,False,,high,,1795.0
google_flights,2026-09-17,Thu,2026-10-11,Sun,23,CDG,AQP,1315.0,60,0,1375.0,€1315,"Iberia, LATAM",Madrid (MAD) → Madrid (MAD) / São Paulo (GRU),1600,26h40,2,"2:20 PM on Thu, Sep 17","10:00 AM on Fri, Sep 18",+1,True,False,,,,1795.0
google_flights,2026-07-18,Sat,2026-08-09,Sun,21,CDG,LIM,1656.0,60,0,1716.0,€1656,United,Houston (IAH) / Newark (EWR),1120,18h40,1,"9:45 AM on Sat, Jul 18","9:25 PM on Sat, Jul 18",,True,False,,high,,1796.0
google_flights,2026-08-08,Sat,2026-08-30,Sun,21,BRU,LIM,1407.0,100,0,1507.0,€1407,"Iberia, American",Madrid (MAD) → Miami (MIA) / Dallas (DFW),1340,22h20,2,"7:05 AM on Sat, Aug 8","10:25 PM on Sat, Aug 8",,False,False,,typical,,1797.0
google_flights,2026-09-05,Sat,2026-09-26,Sat,20,AMS,CUZ,1307.0,150,0,1457.0,€1307,LATAM,Madrid (MAD) / São Paulo (GRU),1440,24h,2,"1:10 PM on Sat, Sep 5","6:10 AM on Sun, Sep 6",+1,True,False,,,,1797.0
google_flights,2026-08-29,Sat,2026-09-21,Mon,22,BRU,AQP,1360.0,100,0,1460.0,€1360,"Air Europa, Sky Airline",Madrid (MAD),1435,23h55,2,"6:55 PM on Sat, Aug 29","11:50 AM on Sun, Aug 30",+1,True,False,,,,1797.5
google_flights,2026-09-17,Thu,2026-10-11,Sun,23,CDG,AQP,1456.0,60,0,1516.0,€1456,"Iberia, LATAM",Madrid (MAD) → Madrid (MAD) / São Paulo (GRU),1325,22h05,2,"6:55 PM on Thu, Sep 17","10:00 AM on Fri, Sep 18",+1,True,False,,,,1798.5
google_flights,2026-10-08,Thu,2026-11-02,Mon,24,CDG,AQP,1456.0,60,0,1516.0,€1456,"Iberia, LATAM",Madrid (MAD) → Madrid (MAD) / São Paulo (GRU),1325,22h05,2,"6:55 PM on Thu, Oct 8","10:00 AM on Fri, Oct 9",+1,True,False,,,,1798.5
google_flights,2026-10-08,Thu,2026-11-01,Sun,23,AMS,CUZ,1627.0,150,0,1777.0,€1627,"KLM, LATAM",Amsterdam (AMS) → Madrid (MAD) / São Paulo (GRU),1005,16h45,1,"9:55 AM on Thu, Oct 8","7:40 PM on Thu, Oct 8",,True,False,,,,1799.5
google_flights,2026-10-03,Sat,2026-10-25,Sun,21,BRU,AQP,1385.0,100,0,1485.0,€1385,"Air Europa, Sky Airline",Madrid (MAD),1390,23h10,2,"6:55 PM on Sat, Oct 3","11:05 AM on Sun, Oct 4",+1,True,False,,typical,,1800.0
google_flights,2026-10-03,Sat,2026-10-26,Mon,22,BRU,AQP,1385.0,100,0,1485.0,€1385,"Air Europa, Sky Airline",Madrid (MAD),1390,23h10,2,"6:55 PM on Sat, Oct 3","11:05 AM on Sun, Oct 4",+1,True,False,,,,1800.0
google_flights,2026-08-27,Thu,2026-09-21,Mon,24,BRU,CUZ,1423.0,100,0,1523.0,€1423,"Iberia, LATAM",Madrid (MAD) → Madrid (MAD) / São Paulo (GRU),1315,21h55,2,"7:05 AM on Thu, Aug 27","10:00 PM on Thu, Aug 27",,True,False,,typical,,1800.5
google_flights,2026-08-28,Fri,2026-09-21,Mon,23,BRU,CUZ,1423.0,100,0,1523.0,€1423,"Iberia, LATAM",Madrid (MAD) → Madrid (MAD) / São Paulo (GRU),1315,21h55,2,"7:05 AM on Fri, Aug 28","10:00 PM on Fri, Aug 28",,True,False,,typical,,1800.5
google_flights,2026-09-10,Thu,2026-10-05,Mon,24,BRU,CUZ,1423.0,100,0,1523.0,€1423,"Iberia, LATAM",Madrid (MAD) → Madrid (MAD) / São Paulo (GRU),1315,21h55,2,"7:05 AM on Thu, Sep 10","10:00 PM on Thu, Sep 10",,True,False,,typical,,1800.5
google_flights,2026-07-10,Fri,2026-08-03,Mon,23,ORY,LIM,1621.0,70,0,1691.0,€1621,"Vueling, Iberia",Barcelone (BCN) → Madrid (MAD),1180,19h40,1,"7:10 AM on Fri, Jul 10","7:50 PM on Fri, Jul 10",,False,False,,high,,1801.0
google_flights,2026-07-18,Sat,2026-08-08,Sat,20,BRU,LIM,1411.0,100,0,1511.0,€1411,"Iberia, American",Madrid (MAD) → Miami (MIA) / Dallas (DFW),1340,22h20,2,"7:05 AM on Sat, Jul 18","10:25 PM on Sat, Jul 18",,True,False,,typical,,1801.0
google_flights,2026-07-30,Thu,2026-08-22,Sat,22,BRU,LIM,1411.0,100,0,1511.0,€1411,"Iberia, American",Madrid (MAD) → Miami (MIA) / Dallas (DFW),1340,22h20,2,"7:05 AM on Thu, Jul 30","10:25 PM on Thu, Jul 30",,True,False,,typical,,1801.0
google_flights,2026-07-30,Thu,2026-08-23,Sun,23,BRU,LIM,1411.0,100,0,1511.0,€1411,"Iberia, American",Madrid (MAD) → Miami (MIA) / Dallas (DFW),1340,22h20,2,"7:05 AM on Thu, Jul 30","10:25 PM on Thu, Jul 30",,True,False,,typical,,1801.0
google_flights,2026-09-26,Sat,2026-10-17,Sat,20,CDG,AQP,1456.0,60,0,1516.0,€1456,"Iberia, LATAM",Madrid (MAD) → Madrid (MAD) / São Paulo (GRU),1330,22h10,2,"6:50 PM on Sat, Sep 26","10:00 AM on Sun, Sep 27",+1,True,False,,typical,,1801.0
google_flights,2026-07-18,Sat,2026-08-09,Sun,21,AMS,LIM,1639.0,150,0,1789.0,€1639,Air Europa,Madrid (MAD),985,16h25,1,"7:00 PM on Sat, Jul 18","4:25 AM on Sun, Jul 19",+1,True,False,,typical,,1801.5
google_flights,2026-10-08,Thu,2026-10-31,Sat,22,CDG,CUZ,1457.0,60,0,1517.0,€1457,"Iberia, LATAM",Madrid (MAD) → Madrid (MAD) / São Paulo (GRU),1330,22h10,2,"6:50 AM on Thu, Oct 8","10:00 PM on Thu, Oct 8",,True,False,,,,1802.0
google_flights,2026-10-29,Thu,2026-11-21,Sat,22,CDG,CUZ,1505.0,60,0,1565.0,€1505,"Iberia, LATAM",Madrid (MAD) → Madrid (MAD) / São Paulo (GRU),1235,20h35,2,"6:45 PM on Thu, Oct 29","9:20 AM on Fri, Oct 30",+1,True,False,,high,,1802.5
google_flights,2026-09-12,Sat,2026-10-03,Sat,20,AMS,AQP,1654.0,150,0,1804.0,€1654,"KLM, LATAM",Amsterdam (AMS) → Madrid (MAD) / São Paulo (GRU),950,15h50,1,"9:55 AM on Sat, Sep 12","6:45 PM on Sat, Sep 12",,True,False,,typical,,1804.0
google_flights,2026-07-25,Sat,2026-08-16,Sun,21,BRU,LIM,1702.0,100,0,1802.0,€1702,KLM,Amsterdam (AMS),965,16h05,1,"6:20 AM on Sat, Jul 25","3:25 PM on Sat, Jul 25",,True,False,,typical,,1804.5
google_flights,2026-09-05,Sat,2026-09-28,Mon,22,AMS,AQP,1655.0,150,0,1805.0,€1655,"KLM, LATAM",Amsterdam (AMS) → Madrid (MAD) / São Paulo (GRU),950,15h50,1,"9:55 AM on Sat, Sep 5","6:45 PM on Sat, Sep 5",,True,False,,,,1805.0
google_flights,2026-09-17,Thu,2026-10-10,Sat,22,BRU,CUZ,1463.0,100,0,1563.0,€1463,"Iberia, LATAM",Madrid (MAD) → Madrid (MAD) / São Paulo (GRU),1245,20h45,2,"7:45 PM on Thu, Sep 17","9:30 AM on Fri, Sep 18",+1,True,False,,,,1805.5
google_flights,2026-09-19,Sat,2026-10-10,Sat,20,BRU,CUZ,1463.0,100,0,1563.0,€1463,"Iberia, LATAM",Madrid (MAD) → Madrid (MAD) / São Paulo (GRU),1245,20h45,2,"7:45 PM on Sat, Sep 19","9:30 AM on Sun, Sep 20",+1,True,False,,typical,,1805.5
google_flights,2026-09-19,Sat,2026-10-11,Sun,21,BRU,CUZ,1463.0,100,0,1563.0,€1463,"Iberia, LATAM",Madrid (MAD) → Madrid (MAD) / São Paulo (GRU),1245,20h45,2,"7:45 PM on Sat, Sep 19","9:30 AM on Sun, Sep 20",+1,True,False,,typical,,1805.5
google_flights,2026-09-19,Sat,2026-10-12,Mon,22,BRU,CUZ,1463.0,100,0,1563.0,€1463,"Iberia, LATAM",Madrid (MAD) → Madrid (MAD) / São Paulo (GRU),1245,20h45,2,"7:45 PM on Sat, Sep 19","9:30 AM on Sun, Sep 20",+1,True,False,,,,1805.5
google_flights,2026-10-15,Thu,2026-11-09,Mon,24,BRU,AQP,1448.0,100,0,1548.0,€1448,"Iberia, LATAM",Madrid (MAD) → Madrid (MAD) / São Paulo (GRU),1275,21h15,2,"7:45 PM on Thu, Oct 15","10:00 AM on Fri, Oct 16",+1,True,False,,typical,,1805.5
google_flights,2026-08-01,Sat,2026-08-24,Mon,22,AMS,LIM,1656.0,150,0,1806.0,€1656,KLM,Amsterdam (AMS),750,12h30,0,"9:55 AM on Sat, Aug 1","3:25 PM on Sat, Aug 1",,True,False,,high,,1806.0
google_flights,2026-10-03,Sat,2026-10-25,Sun,21,ORY,AQP,1436.0,70,0,1506.0,€1436,"Air Europa, Sky Airline",Madrid (MAD),1360,22h40,2,"7:25 PM on Sat, Oct 3","11:05 AM on Sun, Oct 4",+1,True,False,,typical,,1806.0
google_flights,2026-10-09,Fri,2026-11-02,Mon,23,ORY,AQP,1436.0,70,0,1506.0,€1436,"Air Europa, Sky Airline",Madrid (MAD),1360,22h40,2,"7:25 PM on Fri, Oct 9","11:05 AM on Sat, Oct 10",+1,True,False,,typical,,1806.0
google_flights,2026-10-22,Thu,2026-11-16,Mon,24,CDG,AQP,1401.0,60,0,1461.0,€1401,"Iberia, LATAM",Madrid (MAD) → Madrid (MAD) / São Paulo (GRU),1450,24h10,2,"6:55 PM on Thu, Oct 22","12:05 PM on Fri, Oct 23",+1,True,False,,,,1806.0
google_flights,2026-10-23,Fri,2026-11-15,Sun,22,ORY,AQP,1436.0,70,0,1506.0,€1436,"Air Europa, Sky Airline",Madrid (MAD),1360,22h40,2,"7:25 PM on Fri, Oct 23","11:05 AM on Sat, Oct 24",+1,True,False,,typical,,1806.0
google_flights,2026-10-24,Sat,2026-11-15,Sun,21,ORY,AQP,1436.0,70,0,1506.0,€1436,"Air Europa, Sky Airline",Madrid (MAD),1360,22h40,2,"7:25 PM on Sat, Oct 24","11:05 AM on Sun, Oct 25",+1,True,False,,typical,,1806.0
google_flights,2026-07-09,Thu,2026-08-03,Mon,24,ORY,LIM,1737.0,70,0,1807.0,€1737,Air Europa,Madrid (MAD),960,16h,1,"7:25 PM on Thu, Jul 9","4:25 AM on Fri, Jul 10",+1,True,False,,high,,1807.0
google_flights,2026-07-11,Sat,2026-08-01,Sat,20,ORY,LIM,1737.0,70,0,1807.0,€1737,Air Europa,Madrid (MAD),960,16h,1,"7:25 PM on Sat, Jul 11","4:25 AM on Sun, Jul 12",+1,True,False,,high,,1807.0
google_flights,2026-07-11,Sat,2026-08-02,Sun,21,ORY,LIM,1737.0,70,0,1807.0,€1737,Air Europa,Madrid (MAD),960,16h,1,"7:25 PM on Sat, Jul 11","4:25 AM on Sun, Jul 12",+1,True,False,,high,,1807.0
google_flights,2026-07-11,Sat,2026-08-03,Mon,22,ORY,LIM,1737.0,70,0,1807.0,€1737,Air Europa,Madrid (MAD),960,16h,1,"7:25 PM on Sat, Jul 11","4:25 AM on Sun, Jul 12",+1,True,False,,high,,1807.0
google_flights,2026-07-16,Thu,2026-08-08,Sat,22,ORY,LIM,1737.0,70,0,1807.0,€1737,Air Europa,Madrid (MAD),960,16h,1,"7:25 PM on Thu, Jul 16","4:25 AM on Fri, Jul 17",+1,True,False,,high,,1807.0
google_flights,2026-07-16,Thu,2026-08-09,Sun,23,ORY,LIM,1737.0,70,0,1807.0,€1737,Air Europa,Madrid (MAD),960,16h,1,"7:25 PM on Thu, Jul 16","4:25 AM on Fri, Jul 17",+1,True,False,,high,,1807.0
google_flights,2026-07-16,Thu,2026-08-10,Mon,24,ORY,LIM,1737.0,70,0,1807.0,€1737,Air Europa,Madrid (MAD),960,16h,1,"7:25 PM on Thu, Jul 16","4:25 AM on Fri, Jul 17",+1,True,False,,high,,1807.0
google_flights,2026-07-18,Sat,2026-08-08,Sat,20,ORY,LIM,1737.0,70,0,1807.0,€1737,Air Europa,Madrid (MAD),960,16h,1,"7:25 PM on Sat, Jul 18","4:25 AM on Sun, Jul 19",+1,True,False,,high,,1807.0
google_flights,2026-07-18,Sat,2026-08-09,Sun,21,ORY,LIM,1737.0,70,0,1807.0,€1737,Air Europa,Madrid (MAD),960,16h,1,"7:25 PM on Sat, Jul 18","4:25 AM on Sun, Jul 19",+1,True,False,,high,,1807.0
google_flights,2026-07-18,Sat,2026-08-10,Mon,22,ORY,LIM,1737.0,70,0,1807.0,€1737,Air Europa,Madrid (MAD),960,16h,1,"7:25 PM on Sat, Jul 18","4:25 AM on Sun, Jul 19",+1,True,False,,high,,1807.0
google_flights,2026-09-12,Sat,2026-10-05,Mon,22,AMS,CUZ,1390.0,150,0,1540.0,€1390,"Iberia, LATAM",Madrid (MAD) → Madrid (MAD) / São Paulo (GRU),1295,21h35,2,"7:25 PM on Sat, Sep 12","10:00 AM on Sun, Sep 13",+1,True,False,,typical,,1807.5
google_flights,2026-09-25,Fri,2026-10-17,Sat,21,CDG,CUZ,1540.0,60,0,1600.0,€1540,"Iberia, LATAM",Madrid (MAD) → Madrid (MAD) / São Paulo (GRU),1175,19h35,2,"8:55 PM on Fri, Sep 25","9:30 AM on Sat, Sep 26",+1,True,False,,high,,1807.5
google_flights,2026-07-31,Fri,2026-08-24,Mon,23,CDG,LIM,1748.0,60,0,1808.0,€1748,Air France,Paris (CDG),750,12h30,0,"12:30 PM on Fri, Jul 31","6:00 PM on Fri, Jul 31",,True,False,,high,,1808.0
google_flights,2026-08-27,Thu,2026-09-19,Sat,22,CDG,CUZ,1404.0,60,0,1464.0,€1404,LATAM,Madrid (MAD) / São Paulo (GRU),1450,24h10,2,"1:00 PM on Thu, Aug 27","6:10 AM on Fri, Aug 28",+1,True,False,,,,1809.0
google_flights,2026-08-28,Fri,2026-09-19,Sat,21,CDG,CUZ,1404.0,60,0,1464.0,€1404,LATAM,Madrid (MAD) / São Paulo (GRU),1450,24h10,2,"1:00 PM on Fri, Aug 28","6:10 AM on Sat, Aug 29",+1,True,False,,,,1809.0
google_flights,2026-09-04,Fri,2026-09-26,Sat,21,CDG,CUZ,1404.0,60,0,1464.0,€1404,LATAM,Madrid (MAD) / São Paulo (GRU),1450,24h10,2,"1:00 PM on Fri, Sep 4","6:10 AM on Sat, Sep 5",+1,True,False,,,,1809.0
google_flights,2026-08-07,Fri,2026-08-30,Sun,22,ORY,LIM,1672.0,70,0,1742.0,€1672,Air Europa,Madrid (MAD),1095,18h15,1,"5:10 PM on Fri, Aug 7","4:25 AM on Sat, Aug 8",+1,True,False,,typical,,1809.5
google_flights,2026-08-07,Fri,2026-08-31,Mon,23,AMS,CUZ,1607.0,150,0,1757.0,€1607,"KLM, LATAM",Amsterdam (AMS) → Madrid (MAD) / São Paulo (GRU),1065,17h45,1,"9:55 AM on Fri, Aug 7","8:40 PM on Fri, Aug 7",,True,False,,typical,,1809.5
google_flights,2026-08-14,Fri,2026-09-07,Mon,23,AMS,CUZ,1607.0,150,0,1757.0,€1607,"KLM, LATAM",Amsterdam (AMS) → Madrid (MAD) / São Paulo (GRU),1065,17h45,1,"9:55 AM on Fri, Aug 14","8:40 PM on Fri, Aug 14",,True,False,,typical,,1809.5
google_flights,2026-08-13,Thu,2026-09-07,Mon,24,ORY,LIM,1740.0,70,0,1810.0,€1740,Iberia,Madrid (MAD),935,15h35,1,"8:55 PM on Thu, Aug 13","5:30 AM on Fri, Aug 14",+1,True,False,,typical,,1810.0
google_flights,2026-09-05,Sat,2026-09-27,Sun,21,ORY,CUZ,1464.0,70,0,1534.0,€1464,"Air Europa, Sky Airline",Madrid (MAD),1315,21h55,2,"5:10 PM on Sat, Sep 5","8:05 AM on Sun, Sep 6",+1,True,False,,typical,,1811.5
google_flights,2026-08-21,Fri,2026-09-12,Sat,21,CDG,AQP,1506.0,60,0,1566.0,€1506,"Iberia, LATAM",Madrid (MAD) → Madrid (MAD) / São Paulo (GRU),1255,20h55,2,"8:55 PM on Fri, Aug 21","10:50 AM on Sat, Aug 22",+1,True,False,,,,1813.5
google_flights,2026-10-09,Fri,2026-11-02,Mon,23,ORY,AQP,1376.0,70,0,1446.0,€1376,"Air Europa, Sky Airline",Madrid (MAD),1495,24h55,2,"5:10 PM on Fri, Oct 9","11:05 AM on Sat, Oct 10",+1,True,False,,typical,,1813.5
google_flights,2026-10-16,Fri,2026-11-09,Mon,23,ORY,AQP,1376.0,70,0,1446.0,€1376,"Air Europa, Sky Airline",Madrid (MAD),1495,24h55,2,"5:10 PM on Fri, Oct 16","11:05 AM on Sat, Oct 17",+1,True,False,,,,1813.5
google_flights,2026-10-17,Sat,2026-11-09,Mon,22,ORY,AQP,1376.0,70,0,1446.0,€1376,"Air Europa, Sky Airline",Madrid (MAD),1495,24h55,2,"5:10 PM on Sat, Oct 17","11:05 AM on Sun, Oct 18",+1,True,False,,,,1813.5
google_flights,2026-08-22,Sat,2026-09-12,Sat,20,BRU,CUZ,1489.0,100,0,1589.0,€1489,"Air Europa, Sky Airline",Madrid (MAD),1210,20h10,2,"6:55 PM on Sat, Aug 22","8:05 AM on Sun, Aug 23",+1,True,False,,typical,,1814.0
google_flights,2026-07-31,Fri,2026-08-24,Mon,23,CDG,LIM,1755.0,60,0,1815.0,€1755,Air France,Paris (CDG),750,12h30,0,"10:10 AM on Fri, Jul 31","3:40 PM on Fri, Jul 31",,True,False,,high,,1815.0
google_flights,2026-10-15,Thu,2026-11-08,Sun,23,ORY,CUZ,1538.0,70,0,1608.0,€1538,"Iberia, LATAM",Madrid (MAD) → Madrid (MAD) / São Paulo (GRU),1175,19h35,2,"8:55 PM on Thu, Oct 15","9:30 AM on Fri, Oct 16",+1,True,False,,typical,,1815.5
google_flights,2026-10-22,Thu,2026-11-15,Sun,23,ORY,CUZ,1538.0,70,0,1608.0,€1538,"Iberia, LATAM",Madrid (MAD) → Madrid (MAD) / São Paulo (GRU),1175,19h35,2,"8:55 PM on Thu, Oct 22","9:30 AM on Fri, Oct 23",+1,True,False,,,,1815.5
google_flights,2026-07-16,Thu,2026-08-09,Sun,23,AMS,LIM,1666.0,150,0,1816.0,€1666,KLM,Amsterdam (AMS),750,12h30,0,"9:55 AM on Thu, Jul 16","3:25 PM on Thu, Jul 16",,True,False,,high,,1816.0
google_flights,2026-08-27,Thu,2026-09-20,Sun,23,AMS,CUZ,1446.0,150,0,1596.0,€1446,"Air Europa, Sky Airline",Madrid (MAD),1205,20h05,2,"7:00 PM on Thu, Aug 27","8:05 AM on Fri, Aug 28",+1,True,False,,,,1818.5
google_flights,2026-09-11,Fri,2026-10-04,Sun,22,AMS,CUZ,1534.0,150,0,1684.0,€1534,"KLM, LATAM",Amsterdam (AMS) → Madrid (MAD) / São Paulo (GRU),1230,20h30,1,"9:55 AM on Fri, Sep 11","11:25 PM on Fri, Sep 11",,False,False,,,,1819.0
google_flights,2026-09-17,Thu,2026-10-10,Sat,22,ORY,CUZ,1434.0,70,0,1504.0,€1434,"Air Europa, Sky Airline",Madrid (MAD),1390,23h10,2,"7:25 PM on Thu, Sep 17","11:35 AM on Fri, Sep 18",+1,True,False,,typical,,1819.0
google_flights,2026-07-11,Sat,2026-08-02,Sun,21,BRU,LIM,1407.0,100,0,1507.0,€1407,"Iberia, American",Madrid (MAD) → Miami (MIA) / Dallas (DFW),1385,23h05,2,"12:05 PM on Sat, Jul 11","4:10 AM on Sun, Jul 12",+1,True,False,,typical,,1819.5
google_flights,2026-07-11,Sat,2026-08-03,Mon,22,BRU,LIM,1407.0,100,0,1507.0,€1407,"Iberia, American",Madrid (MAD) → Miami (MIA) / Dallas (DFW),1385,23h05,2,"12:05 PM on Sat, Jul 11","4:10 AM on Sun, Jul 12",+1,True,False,,typical,,1819.5
google_flights,2026-07-30,Thu,2026-08-24,Mon,24,BRU,LIM,1407.0,100,0,1507.0,€1407,"Iberia, American",Madrid (MAD) → Miami (MIA) / Dallas (DFW),1385,23h05,2,"12:05 PM on Thu, Jul 30","4:10 AM on Fri, Jul 31",+1,True,False,,typical,,1819.5
google_flights,2026-10-10,Sat,2026-10-31,Sat,20,CDG,CUZ,1492.0,60,0,1552.0,€1492,"Iberia, LATAM",Madrid (MAD) → Madrid (MAD) / São Paulo (GRU),1295,21h35,2,"6:55 PM on Sat, Oct 10","9:30 AM on Sun, Oct 11",+1,True,False,,,,1819.5
google_flights,2026-08-22,Sat,2026-09-13,Sun,21,ORY,CUZ,1474.0,70,0,1544.0,€1474,"Air Europa, Sky Airline",Madrid (MAD),1315,21h55,2,"5:10 PM on Sat, Aug 22","8:05 AM on Sun, Aug 23",+1,True,False,,typical,,1821.5
google_flights,2026-09-03,Thu,2026-09-28,Mon,24,BRU,AQP,1464.0,100,0,1564.0,€1464,"Iberia, LATAM",Madrid (MAD) → Madrid (MAD) / São Paulo (GRU),1275,21h15,2,"7:45 PM on Thu, Sep 3","10:00 AM on Fri, Sep 4",+1,True,False,,typical,,1821.5
google_flights,2026-09-05,Sat,2026-09-27,Sun,21,AMS,AQP,1314.0,150,0,1464.0,€1314,LATAM,Madrid (MAD) / São Paulo (GRU),1475,24h35,2,"1:10 PM on Sat, Sep 5","6:45 AM on Sun, Sep 6",+1,True,False,,,,1821.5
google_flights,2026-09-19,Sat,2026-10-12,Mon,22,BRU,AQP,1464.0,100,0,1564.0,€1464,"Iberia, LATAM",Madrid (MAD) → Madrid (MAD) / São Paulo (GRU),1275,21h15,2,"7:45 PM on Sat, Sep 19","10:00 AM on Sun, Sep 20",+1,True,False,,typical,,1821.5
google_flights,2026-09-24,Thu,2026-10-19,Mon,24,BRU,AQP,1464.0,100,0,1564.0,€1464,"Iberia, LATAM",Madrid (MAD) → Madrid (MAD) / São Paulo (GRU),1275,21h15,2,"7:45 PM on Thu, Sep 24","10:00 AM on Fri, Sep 25",+1,True,False,,,,1821.5
google_flights,2026-07-17,Fri,2026-08-10,Mon,23,ORY,LIM,1682.0,70,0,1752.0,€1682,"Vueling, Iberia",Barcelone (BCN) → Madrid (MAD),1100,18h20,1,"8:30 AM on Fri, Jul 17","7:50 PM on Fri, Jul 17",,True,False,,high,,1822.0
google_flights,2026-08-06,Thu,2026-08-30,Sun,23,ORY,LIM,1752.0,70,0,1822.0,€1752,Air Europa,Madrid (MAD),960,16h,1,"7:25 PM on Thu, Aug 6","4:25 AM on Fri, Aug 7",+1,True,False,,high,,1822.0
google_flights,2026-08-21,Fri,2026-09-12,Sat,21,CDG,AQP,1400.0,60,0,1460.0,€1400,LATAM,Madrid (MAD) / São Paulo (GRU),1485,24h45,2,"1:00 PM on Fri, Aug 21","6:45 AM on Sat, Aug 22",+1,True,False,,,,1822.5
google_flights,2026-08-28,Fri,2026-09-20,Sun,22,BRU,AQP,1385.0,100,0,1485.0,€1385,"Air Europa, Sky Airline",Madrid (MAD),1435,23h55,2,"6:55 PM on Fri, Aug 28","11:50 AM on Sat, Aug 29",+1,True,False,,typical,,1822.5
google_flights,2026-08-29,Sat,2026-09-20,Sun,21,BRU,AQP,1385.0,100,0,1485.0,€1385,"Air Europa, Sky Airline",Madrid (MAD),1435,23h55,2,"6:55 PM on Sat, Aug 29","11:50 AM on Sun, Aug 30",+1,True,False,,,,1822.5
google_flights,2026-09-26,Sat,2026-10-18,Sun,21,BRU,AQP,1385.0,100,0,1485.0,€1385,"Air Europa, Sky Airline",Madrid (MAD),1435,23h55,2,"6:55 PM on Sat, Sep 26","11:50 AM on Sun, Sep 27",+1,True,False,,,,1822.5
google_flights,2026-09-26,Sat,2026-10-19,Mon,22,BRU,AQP,1385.0,100,0,1485.0,€1385,"Air Europa, Sky Airline",Madrid (MAD),1435,23h55,2,"6:55 PM on Sat, Sep 26","11:50 AM on Sun, Sep 27",+1,True,False,,,,1822.5
google_flights,2026-07-25,Sat,2026-08-16,Sun,21,BRU,LIM,1411.0,100,0,1511.0,€1411,"Iberia, American",Madrid (MAD) → Miami (MIA) / Dallas (DFW),1385,23h05,2,"12:05 PM on Sat, Jul 25","4:10 AM on Sun, Jul 26",+1,True,False,,typical,,1823.5
google_flights,2026-07-23,Thu,2026-08-15,Sat,22,AMS,LIM,1674.0,150,0,1824.0,€1674,"KLM, Air France",Amsterdam (AMS) → Paris (CDG),915,15h15,1,"7:25 AM on Thu, Jul 23","3:40 PM on Thu, Jul 23",,True,False,,high,,1824.0
google_flights,2026-08-29,Sat,2026-09-21,Mon,22,BRU,AQP,1464.0,100,0,1564.0,€1464,"Iberia, LATAM",Madrid (MAD) → Madrid (MAD) / São Paulo (GRU),1280,21h20,2,"7:40 PM on Sat, Aug 29","10:00 AM on Sun, Aug 30",+1,True,False,,,,1824.0
google_flights,2026-09-05,Sat,2026-09-27,Sun,21,BRU,CUZ,1499.0,100,0,1599.0,€1499,"Air Europa, Sky Airline",Madrid (MAD),1210,20h10,2,"6:55 PM on Sat, Sep 5","8:05 AM on Sun, Sep 6",+1,True,False,,typical,,1824.0
google_flights,2026-09-11,Fri,2026-10-04,Sun,22,BRU,CUZ,1499.0,100,0,1599.0,€1499,"Air Europa, Sky Airline",Madrid (MAD),1210,20h10,2,"6:55 PM on Fri, Sep 11","8:05 AM on Sat, Sep 12",+1,True,False,,,,1824.0
google_flights,2026-09-17,Thu,2026-10-11,Sun,23,BRU,AQP,1404.0,100,0,1504.0,€1404,"Iberia, LATAM",Madrid (MAD) → Madrid (MAD) / São Paulo (GRU),1400,23h20,2,"7:45 PM on Thu, Sep 17","12:05 PM on Fri, Sep 18",+1,True,False,,typical,,1824.0
google_flights,2026-10-22,Thu,2026-11-14,Sat,22,ORY,CUZ,1444.0,70,0,1514.0,€1444,"Air Europa, Sky Airline",Madrid (MAD),1380,23h,2,"7:25 PM on Thu, Oct 22","11:25 AM on Fri, Oct 23",+1,True,False,,,,1824.0
google_flights,2026-10-02,Fri,2026-10-25,Sun,22,BRU,AQP,1410.0,100,0,1510.0,€1410,"Air Europa, Sky Airline",Madrid (MAD),1390,23h10,2,"6:55 PM on Fri, Oct 2","11:05 AM on Sat, Oct 3",+1,True,False,,typical,,1825.0
google_flights,2026-10-02,Fri,2026-10-26,Mon,23,BRU,AQP,1410.0,100,0,1510.0,€1410,"Air Europa, Sky Airline",Madrid (MAD),1390,23h10,2,"6:55 PM on Fri, Oct 2","11:05 AM on Sat, Oct 3",+1,True,False,,typical,,1825.0
google_flights,2026-09-18,Fri,2026-10-12,Mon,23,ORY,AQP,1366.0,70,0,1436.0,€1366,"Air Europa, Sky Airline",Madrid (MAD),1540,25h40,2,"5:10 PM on Fri, Sep 18","11:50 AM on Sat, Sep 19",+1,True,False,,,,1826.0
google_flights,2026-07-31,Fri,2026-08-23,Sun,22,CDG,LIM,1767.0,60,0,1827.0,€1767,Air France,Paris (CDG),750,12h30,0,"12:30 PM on Fri, Jul 31","6:00 PM on Fri, Jul 31",,True,False,,high,,1827.0
google_flights,2026-07-24,Fri,2026-08-15,Sat,21,BRU,LIM,1355.0,100,0,1455.0,€1355,Air Transat,Montréal (YUL),1705,28h25,1,"9:30 AM on Fri, Jul 24","6:55 AM on Sat, Jul 25",+1,True,False,,typical,,1827.5
google_flights,2026-09-03,Thu,2026-09-26,Sat,22,CDG,AQP,1405.0,60,0,1465.0,€1405,LATAM,Madrid (MAD) / São Paulo (GRU),1485,24h45,2,"1:00 PM on Thu, Sep 3","6:45 AM on Fri, Sep 4",+1,True,False,,,,1827.5
google_flights,2026-09-04,Fri,2026-09-26,Sat,21,CDG,AQP,1405.0,60,0,1465.0,€1405,LATAM,Madrid (MAD) / São Paulo (GRU),1485,24h45,2,"1:00 PM on Fri, Sep 4","6:45 AM on Sat, Sep 5",+1,True,False,,,,1827.5
google_flights,2026-08-22,Sat,2026-09-14,Mon,22,ORY,AQP,1436.0,70,0,1506.0,€1436,"Air Europa, Sky Airline",Madrid (MAD),1405,23h25,2,"7:25 PM on Sat, Aug 22","11:50 AM on Sun, Aug 23",+1,True,False,,,,1828.5
google_flights,2026-07-09,Thu,2026-08-01,Sat,22,AMS,LIM,1304.0,150,0,1454.0,€1304,American,Miami (MIA) / Dallas (DFW),1510,25h10,2,"10:00 AM on Thu, Jul 9","4:10 AM on Fri, Jul 10",+1,True,False,,typical,,1829.0
google_flights,2026-10-15,Thu,2026-11-08,Sun,23,BRU,AQP,1414.0,100,0,1514.0,€1414,"Air Europa, Sky Airline",Madrid (MAD),1390,23h10,2,"6:55 PM on Thu, Oct 15","11:05 AM on Fri, Oct 16",+1,True,False,,typical,,1829.0
google_flights,2026-10-15,Thu,2026-11-09,Mon,24,BRU,AQP,1414.0,100,0,1514.0,€1414,"Air Europa, Sky Airline",Madrid (MAD),1390,23h10,2,"6:55 PM on Thu, Oct 15","11:05 AM on Fri, Oct 16",+1,True,False,,typical,,1829.0
google_flights,2026-08-08,Sat,2026-08-31,Mon,22,AMS,CUZ,1607.0,150,0,1757.0,€1607,"KLM, LATAM",Amsterdam (AMS) → Madrid (MAD) / São Paulo (GRU),1105,18h25,1,"9:55 AM on Sat, Aug 8","9:20 PM on Sat, Aug 8",,True,False,,typical,,1829.5
google_flights,2026-10-17,Sat,2026-11-09,Mon,22,CDG,CUZ,1487.0,60,0,1547.0,€1487,"Iberia, LATAM",Madrid (MAD) → Madrid (MAD) / São Paulo (GRU),1325,22h05,2,"6:55 PM on Sat, Oct 17","10:00 AM on Sun, Oct 18",+1,True,False,,,,1829.5
google_flights,2026-07-17,Fri,2026-08-10,Mon,23,AMS,AQP,1649.0,150,0,1799.0,€1649,"KLM, LATAM",Amsterdam (AMS) → Madrid (MAD) / São Paulo (GRU),1030,17h10,1,"9:55 AM on Fri, Jul 17","8:05 PM on Fri, Jul 17",,True,False,,,,1834.0
google_flights,2026-10-16,Fri,2026-11-08,Sun,22,CDG,CUZ,1429.0,60,0,1489.0,€1429,LATAM,Madrid (MAD) / São Paulo (GRU),1450,24h10,2,"1:00 PM on Fri, Oct 16","6:10 AM on Sat, Oct 17",+1,True,False,,,,1834.0
google_flights,2026-07-09,Thu,2026-08-01,Sat,22,ORY,LIM,1697.0,70,0,1767.0,€1697,Air Europa,Madrid (MAD),1095,18h15,1,"5:10 PM on Thu, Jul 9","4:25 AM on Fri, Jul 10",+1,True,False,,high,,1834.5
google_flights,2026-07-09,Thu,2026-08-02,Sun,23,ORY,LIM,1697.0,70,0,1767.0,€1697,Air Europa,Madrid (MAD),1095,18h15,1,"5:10 PM on Thu, Jul 9","4:25 AM on Fri, Jul 10",+1,True,False,,high,,1834.5
google_flights,2026-07-09,Thu,2026-08-03,Mon,24,ORY,LIM,1697.0,70,0,1767.0,€1697,Air Europa,Madrid (MAD),1095,18h15,1,"5:10 PM on Thu, Jul 9","4:25 AM on Fri, Jul 10",+1,True,False,,high,,1834.5
google_flights,2026-10-17,Sat,2026-11-07,Sat,20,AMS,AQP,1372.0,150,0,1522.0,€1372,"Air Europa, Sky Airline",Madrid (MAD),1385,23h05,2,"7:00 PM on Sat, Oct 17","11:05 AM on Sun, Oct 18",+1,True,False,,typical,,1834.5
google_flights,2026-07-31,Fri,2026-08-23,Sun,22,CDG,LIM,1775.0,60,0,1835.0,€1775,Air France,Paris (CDG),750,12h30,0,"10:10 AM on Fri, Jul 31","3:40 PM on Fri, Jul 31",,True,False,,high,,1835.0
google_flights,2026-08-22,Sat,2026-09-14,Mon,22,BRU,AQP,1475.0,100,0,1575.0,€1475,"Iberia, LATAM",Madrid (MAD) → Madrid (MAD) / São Paulo (GRU),1280,21h20,2,"7:40 PM on Sat, Aug 22","10:00 AM on Sun, Aug 23",+1,True,False,,,,1835.0
google_flights,2026-10-17,Sat,2026-11-09,Mon,22,AMS,AQP,1373.0,150,0,1523.0,€1373,"Air Europa, Sky Airline",Madrid (MAD),1385,23h05,2,"7:00 PM on Sat, Oct 17","11:05 AM on Sun, Oct 18",+1,True,False,,,,1835.5
google_flights,2026-09-05,Sat,2026-09-27,Sun,21,AMS,AQP,1419.0,150,0,1569.0,€1419,"Iberia, LATAM",Madrid (MAD) → Madrid (MAD) / São Paulo (GRU),1295,21h35,2,"7:25 PM on Sat, Sep 5","10:00 AM on Sun, Sep 6",+1,True,False,,,,1836.5
google_flights,2026-09-17,Thu,2026-10-11,Sun,23,BRU,AQP,1479.0,100,0,1579.0,€1479,"Iberia, LATAM",Madrid (MAD) → Madrid (MAD) / São Paulo (GRU),1275,21h15,2,"7:45 PM on Thu, Sep 17","10:00 AM on Fri, Sep 18",+1,True,False,,typical,,1836.5
google_flights,2026-07-09,Thu,2026-08-01,Sat,22,BRU,LIM,1737.0,100,0,1837.0,€1737,KLM,Amsterdam (AMS),860,14h20,1,"8:05 AM on Thu, Jul 9","3:25 PM on Thu, Jul 9",,True,False,,high,,1837.0
google_flights,2026-07-31,Fri,2026-08-24,Mon,23,BRU,LIM,1447.0,100,0,1547.0,€1447,"Iberia, American",Madrid (MAD) → Miami (MIA) / Dallas (DFW),1340,22h20,2,"7:05 AM on Fri, Jul 31","10:25 PM on Fri, Jul 31",,True,False,,typical,,1837.0
google_flights,2026-08-01,Sat,2026-08-24,Mon,22,BRU,LIM,1447.0,100,0,1547.0,€1447,"Iberia, American",Madrid (MAD) → Miami (MIA) / Dallas (DFW),1340,22h20,2,"7:05 AM on Sat, Aug 1","10:25 PM on Sat, Aug 1",,True,False,,typical,,1837.0
google_flights,2026-08-08,Sat,2026-08-29,Sat,20,BRU,LIM,1447.0,100,0,1547.0,€1447,"Iberia, American",Madrid (MAD) → Miami (MIA) / Dallas (DFW),1340,22h20,2,"7:05 AM on Sat, Aug 8","10:25 PM on Sat, Aug 8",,False,False,,typical,,1837.0
google_flights,2026-07-31,Fri,2026-08-24,Mon,23,AMS,LIM,1688.0,150,0,1838.0,€1688,KLM,Amsterdam (AMS),750,12h30,0,"9:55 AM on Fri, Jul 31","3:25 PM on Fri, Jul 31",,True,False,,high,,1838.0
google_flights,2026-10-15,Thu,2026-11-09,Mon,24,CDG,AQP,1496.0,60,0,1556.0,€1496,"Iberia, LATAM",Madrid (MAD) → Madrid (MAD) / São Paulo (GRU),1325,22h05,2,"6:55 PM on Thu, Oct 15","10:00 AM on Fri, Oct 16",+1,True,False,,typical,,1838.5
google_flights,2026-07-11,Sat,2026-08-01,Sat,20,BRU,LIM,1737.0,100,0,1837.0,€1737,KLM,Amsterdam (AMS),965,16h05,1,"6:20 AM on Sat, Jul 11","3:25 PM on Sat, Jul 11",,True,False,,typical,,1839.5
google_flights,2026-10-23,Fri,2026-11-14,Sat,21,BRU,AQP,1425.0,100,0,1525.0,€1425,"Air Europa, Sky Airline",Madrid (MAD),1390,23h10,2,"6:55 PM on Fri, Oct 23","11:05 AM on Sat, Oct 24",+1,True,False,,,,1840.0
google_flights,2026-09-04,Fri,2026-09-28,Mon,23,ORY,CUZ,1503.0,70,0,1573.0,€1503,"Iberia, LATAM",Madrid (MAD) → Madrid (MAD) / São Paulo (GRU),1295,21h35,2,"7:25 AM on Fri, Sep 4","10:00 PM on Fri, Sep 4",,True,False,,,,1840.5
google_flights,2026-10-09,Fri,2026-11-01,Sun,22,ORY,CUZ,1503.0,70,0,1573.0,€1503,"Iberia, LATAM",Madrid (MAD) → Madrid (MAD) / São Paulo (GRU),1295,21h35,2,"7:25 AM on Fri, Oct 9","10:00 PM on Fri, Oct 9",,True,False,,,,1840.5
google_flights,2026-10-09,Fri,2026-11-01,Sun,22,ORY,CUZ,1588.0,70,0,1658.0,€1588,"Iberia, LATAM",Madrid (MAD) → Madrid (MAD) / São Paulo (GRU),1130,18h50,2,"10:10 AM on Fri, Oct 9","10:00 PM on Fri, Oct 9",,True,False,,,,1843.0
google_flights,2026-10-10,Sat,2026-11-01,Sun,21,ORY,CUZ,1588.0,70,0,1658.0,€1588,"Iberia, LATAM",Madrid (MAD) → Madrid (MAD) / São Paulo (GRU),1130,18h50,2,"10:10 AM on Sat, Oct 10","10:00 PM on Sat, Oct 10",,True,False,,typical,,1843.0
google_flights,2026-08-29,Sat,2026-09-20,Sun,21,AMS,CUZ,1471.0,150,0,1621.0,€1471,"Air Europa, Sky Airline",Madrid (MAD),1205,20h05,2,"7:00 PM on Sat, Aug 29","8:05 AM on Sun, Aug 30",+1,True,False,,typical,,1843.5
google_flights,2026-10-17,Sat,2026-11-09,Mon,22,CDG,AQP,1501.0,60,0,1561.0,€1501,"Iberia, LATAM",Madrid (MAD) → Madrid (MAD) / São Paulo (GRU),1325,22h05,2,"6:55 PM on Sat, Oct 17","10:00 AM on Sun, Oct 18",+1,True,False,,,,1843.5
google_flights,2026-07-24,Fri,2026-08-15,Sat,21,AMS,LIM,1694.0,150,0,1844.0,€1694,"KLM, Air France",Amsterdam (AMS) → Paris (CDG),915,15h15,1,"7:25 AM on Fri, Jul 24","3:40 PM on Fri, Jul 24",,True,False,,high,,1844.0
google_flights,2026-10-01,Thu,2026-10-26,Mon,24,ORY,CUZ,1464.0,70,0,1534.0,€1464,"Air Europa, Sky Airline",Madrid (MAD),1380,23h,2,"7:25 PM on Thu, Oct 1","11:25 AM on Fri, Oct 2",+1,True,False,,,,1844.0
google_flights,2026-10-01,Thu,2026-10-25,Sun,23,ORY,CUZ,1464.0,70,0,1534.0,€1464,"Air Europa, Sky Airline",Madrid (MAD),1380,23h,2,"7:25 PM on Thu, Oct 1","11:25 AM on Fri, Oct 2",+1,True,False,,typical,,1844.0
google_flights,2026-07-11,Sat,2026-08-01,Sat,20,AMS,LIM,1671.0,150,0,1821.0,€1671,"KLM, COPA",Amsterdam (AMS) → Panama (PTY),1010,16h50,1,"12:55 PM on Sat, Jul 11","10:45 PM on Sat, Jul 11",,True,False,,high,,1846.0
google_flights,2026-10-09,Fri,2026-10-31,Sat,21,ORY,AQP,1476.0,70,0,1546.0,€1476,"Air Europa, Sky Airline",Madrid (MAD),1360,22h40,2,"7:25 PM on Fri, Oct 9","11:05 AM on Sat, Oct 10",+1,True,False,,typical,,1846.0
google_flights,2026-10-15,Thu,2026-11-07,Sat,22,ORY,AQP,1476.0,70,0,1546.0,€1476,"Air Europa, Sky Airline",Madrid (MAD),1360,22h40,2,"7:25 PM on Thu, Oct 15","11:05 AM on Fri, Oct 16",+1,True,False,,typical,,1846.0
google_flights,2026-10-22,Thu,2026-11-15,Sun,23,ORY,AQP,1476.0,70,0,1546.0,€1476,"Air Europa, Sky Airline",Madrid (MAD),1360,22h40,2,"7:25 PM on Thu, Oct 22","11:05 AM on Fri, Oct 23",+1,True,False,,typical,,1846.0
google_flights,2026-10-17,Sat,2026-11-08,Sun,21,ORY,AQP,1476.0,70,0,1546.0,€1476,"Air Europa, Sky Airline",Madrid (MAD),1360,22h40,2,"7:25 PM on Sat, Oct 17","11:05 AM on Sun, Oct 18",+1,True,False,,typical,,1846.0
google_flights,2026-08-15,Sat,2026-09-07,Mon,22,BRU,AQP,1409.0,100,0,1509.0,€1409,"Air Europa, Sky Airline",Madrid (MAD),1435,23h55,2,"6:55 PM on Sat, Aug 15","11:50 AM on Sun, Aug 16",+1,True,False,,typical,,1846.5
google_flights,2026-08-08,Sat,2026-08-30,Sun,21,CDG,LIM,1788.0,60,0,1848.0,€1788,"Air France, KLM",Paris (CDG) → Amsterdam (AMS),915,15h15,1,"7:10 AM on Sat, Aug 8","3:25 PM on Sat, Aug 8",,True,False,,high,,1848.0
google_flights,2026-09-11,Fri,2026-10-05,Mon,23,ORY,CUZ,1593.0,70,0,1663.0,€1593,"Iberia, LATAM",Madrid (MAD) → Madrid (MAD) / São Paulo (GRU),1130,18h50,2,"10:10 AM on Fri, Sep 11","10:00 PM on Fri, Sep 11",,True,False,,high,,1848.0
google_flights,2026-08-27,Thu,2026-09-19,Sat,22,AMS,CUZ,1476.0,150,0,1626.0,€1476,"Air Europa, Sky Airline",Madrid (MAD),1205,20h05,2,"7:00 PM on Thu, Aug 27","8:05 AM on Fri, Aug 28",+1,True,False,,typical,,1848.5
google_flights,2026-09-24,Thu,2026-10-17,Sat,22,AMS,CUZ,1476.0,150,0,1626.0,€1476,"Air Europa, Sky Airline",Madrid (MAD),1205,20h05,2,"7:00 PM on Thu, Sep 24","8:05 AM on Fri, Sep 25",+1,True,False,,,,1848.5
google_flights,2026-09-25,Fri,2026-10-17,Sat,21,AMS,CUZ,1476.0,150,0,1626.0,€1476,"Air Europa, Sky Airline",Madrid (MAD),1205,20h05,2,"7:00 PM on Fri, Sep 25","8:05 AM on Sat, Sep 26",+1,True,False,,,,1848.5
google_flights,2026-10-10,Sat,2026-11-02,Mon,22,CDG,AQP,1506.0,60,0,1566.0,€1506,"Iberia, LATAM",Madrid (MAD) → Madrid (MAD) / São Paulo (GRU),1325,22h05,2,"6:55 PM on Sat, Oct 10","10:00 AM on Sun, Oct 11",+1,True,False,,typical,,1848.5
google_flights,2026-08-08,Sat,2026-08-30,Sun,21,ORY,LIM,1712.0,70,0,1782.0,€1712,Air Europa,Madrid (MAD),1095,18h15,1,"5:10 PM on Sat, Aug 8","4:25 AM on Sun, Aug 9",+1,True,False,,high,,1849.5
google_flights,2026-09-19,Sat,2026-10-10,Sat,20,CDG,CUZ,1505.0,60,0,1565.0,€1505,"Iberia, LATAM",Madrid (MAD) → Madrid (MAD) / São Paulo (GRU),1330,22h10,2,"6:50 AM on Sat, Sep 19","10:00 PM on Sat, Sep 19",,True,False,,,,1850.0
google_flights,2026-10-08,Thu,2026-11-02,Mon,24,CDG,CUZ,1505.0,60,0,1565.0,€1505,"Iberia, LATAM",Madrid (MAD) → Madrid (MAD) / São Paulo (GRU),1330,22h10,2,"6:50 AM on Thu, Oct 8","10:00 PM on Thu, Oct 8",,True,False,,high,,1850.0
google_flights,2026-10-15,Thu,2026-11-09,Mon,24,CDG,CUZ,1505.0,60,0,1565.0,€1505,"Iberia, LATAM",Madrid (MAD) → Madrid (MAD) / São Paulo (GRU),1330,22h10,2,"6:50 AM on Thu, Oct 15","10:00 PM on Thu, Oct 15",,True,False,,high,,1850.0
google_flights,2026-09-26,Sat,2026-10-19,Mon,22,AMS,CUZ,1448.0,150,0,1598.0,€1448,"Iberia, LATAM",Madrid (MAD) → Madrid (MAD) / São Paulo (GRU),1265,21h05,2,"7:25 PM on Sat, Sep 26","9:30 AM on Sun, Sep 27",+1,False,False,,,,1850.5
google_flights,2026-10-29,Thu,2026-11-23,Mon,24,BRU,AQP,1523.0,100,0,1623.0,€1523,"Iberia, LATAM",Madrid (MAD) → Madrid (MAD) / São Paulo (GRU),1215,20h15,2,"7:45 PM on Thu, Oct 29","10:00 AM on Fri, Oct 30",+1,True,False,,low,,1850.5
google_flights,2026-07-30,Thu,2026-08-23,Sun,23,AMS,LIM,1689.0,150,0,1839.0,€1689,Air Europa,Madrid (MAD),985,16h25,1,"7:00 PM on Thu, Jul 30","4:25 AM on Fri, Jul 31",+1,True,False,,high,,1851.5
google_flights,2026-09-05,Sat,2026-09-26,Sat,20,ORY,CUZ,1504.0,70,0,1574.0,€1504,"Air Europa, Sky Airline",Madrid (MAD),1315,21h55,2,"5:10 PM on Sat, Sep 5","8:05 AM on Sun, Sep 6",+1,True,False,,typical,,1851.5
google_flights,2026-07-25,Sat,2026-08-15,Sat,20,CDG,LIM,1792.0,60,0,1852.0,€1792,"Air France, KLM",Paris (CDG) → Amsterdam (AMS),915,15h15,1,"7:10 AM on Sat, Jul 25","3:25 PM on Sat, Jul 25",,True,False,,high,,1852.0
google_flights,2026-09-12,Sat,2026-10-05,Mon,22,AMS,CUZ,1450.0,150,0,1600.0,€1450,"Iberia, LATAM",Madrid (MAD) → Madrid (MAD) / São Paulo (GRU),1265,21h05,2,"7:25 PM on Sat, Sep 12","9:30 AM on Sun, Sep 13",+1,False,False,,typical,,1852.5
google_flights,2026-08-27,Thu,2026-09-19,Sat,22,BRU,CUZ,1458.0,100,0,1558.0,€1458,"Iberia, LATAM",Madrid (MAD) → Madrid (MAD) / São Paulo (GRU),1350,22h30,2,"7:05 AM on Thu, Aug 27","10:35 PM on Thu, Aug 27",,True,False,,,,1853.0
google_flights,2026-10-09,Fri,2026-10-31,Sat,21,ORY,AQP,1416.0,70,0,1486.0,€1416,"Air Europa, Sky Airline",Madrid (MAD),1495,24h55,2,"5:10 PM on Fri, Oct 9","11:05 AM on Sat, Oct 10",+1,True,False,,typical,,1853.5
google_flights,2026-09-25,Fri,2026-10-17,Sat,21,ORY,CUZ,1574.0,70,0,1644.0,€1574,"Air Europa, Sky Airline",Madrid (MAD),1180,19h40,2,"7:25 PM on Fri, Sep 25","8:05 AM on Sat, Sep 26",+1,True,False,,typical,,1854.0
google_flights,2026-09-25,Fri,2026-10-19,Mon,23,ORY,CUZ,1574.0,70,0,1644.0,€1574,"Air Europa, Sky Airline",Madrid (MAD),1180,19h40,2,"7:25 PM on Fri, Sep 25","8:05 AM on Sat, Sep 26",+1,True,False,,typical,,1854.0
google_flights,2026-10-23,Fri,2026-11-14,Sat,21,CDG,CUZ,1512.0,60,0,1572.0,€1512,"Iberia, LATAM",Madrid (MAD) → Madrid (MAD) / São Paulo (GRU),1325,22h05,2,"6:55 PM on Fri, Oct 23","10:00 AM on Sat, Oct 24",+1,True,False,,,,1854.5
google_flights,2026-09-24,Thu,2026-10-19,Mon,24,CDG,AQP,1415.0,60,0,1475.0,€1415,LATAM,Madrid (MAD) / São Paulo (GRU),1520,25h20,2,"1:00 PM on Thu, Sep 24","7:20 AM on Fri, Sep 25",+1,True,False,,,,1855.0
google_flights,2026-10-10,Sat,2026-11-02,Mon,22,ORY,AQP,1455.0,70,0,1525.0,€1455,"Iberia, LATAM",Madrid (MAD) → Madrid (MAD) / São Paulo (GRU),1420,23h40,2,"5:20 PM on Sat, Oct 10","10:00 AM on Sun, Oct 11",+1,True,False,,typical,,1855.0
google_flights,2026-10-09,Fri,2026-11-02,Mon,23,BRU,AQP,1499.0,100,0,1599.0,€1499,"Iberia, LATAM",Madrid (MAD) → Madrid (MAD) / São Paulo (GRU),1275,21h15,2,"7:45 PM on Fri, Oct 9","10:00 AM on Sat, Oct 10",+1,True,False,,low,,1856.5
google_flights,2026-10-03,Sat,2026-10-24,Sat,20,CDG,CUZ,1527.0,60,0,1587.0,€1527,"Iberia, LATAM",Madrid (MAD) → Madrid (MAD) / São Paulo (GRU),1300,21h40,2,"6:50 PM on Sat, Oct 3","9:30 AM on Sun, Oct 4",+1,True,False,,,,1857.0
google_flights,2026-07-31,Fri,2026-08-22,Sat,21,BRU,LIM,1755.0,100,0,1855.0,€1755,KLM,Amsterdam (AMS),965,16h05,1,"6:20 AM on Fri, Jul 31","3:25 PM on Fri, Jul 31",,True,False,,typical,,1857.5
google_flights,2026-08-21,Fri,2026-09-12,Sat,21,CDG,CUZ,1590.0,60,0,1650.0,€1590,"Iberia, LATAM",Madrid (MAD) → Madrid (MAD) / São Paulo (GRU),1175,19h35,2,"8:55 PM on Fri, Aug 21","9:30 AM on Sat, Aug 22",+1,True,False,,typical,,1857.5
google_flights,2026-07-09,Thu,2026-08-02,Sun,23,ORY,LIM,1788.0,70,0,1858.0,€1788,Iberia,Madrid (MAD),935,15h35,1,"8:55 PM on Thu, Jul 9","5:30 AM on Fri, Jul 10",+1,True,False,,high,,1858.0
google_flights,2026-09-24,Thu,2026-10-17,Sat,22,BRU,CUZ,1418.0,100,0,1518.0,€1418,LATAM,Madrid (MAD) / São Paulo (GRU),1440,24h,2,"1:10 PM on Thu, Sep 24","6:10 AM on Fri, Sep 25",+1,True,False,,,,1858.0
google_flights,2026-08-20,Thu,2026-09-14,Mon,24,ORY,AQP,1466.0,70,0,1536.0,€1466,"Air Europa, Sky Airline",Madrid (MAD),1405,23h25,2,"7:25 PM on Thu, Aug 20","11:50 AM on Fri, Aug 21",+1,True,False,,,,1858.5
google_flights,2026-09-03,Thu,2026-09-26,Sat,22,ORY,AQP,1466.0,70,0,1536.0,€1466,"Air Europa, Sky Airline",Madrid (MAD),1405,23h25,2,"7:25 PM on Thu, Sep 3","11:50 AM on Fri, Sep 4",+1,True,False,,typical,,1858.5
google_flights,2026-10-16,Fri,2026-11-08,Sun,22,AMS,CUZ,1334.0,150,0,1484.0,€1334,LATAM,Madrid (MAD) / São Paulo (GRU),1510,25h10,2,"1:10 PM on Fri, Oct 16","7:20 AM on Sat, Oct 17",+1,True,False,,,,1859.0
google_flights,2026-10-24,Sat,2026-11-16,Mon,22,CDG,CUZ,1334.0,60,0,1394.0,€1334,"Air Canada, Avianca",Montréal (YUL) / Toronto (YYZ) → Bogotá (BOG),1690,28h10,2,"2:10 PM on Sat, Oct 24","11:20 AM on Sun, Oct 25",+1,True,False,,typical,,1859.0
google_flights,2026-07-25,Sat,2026-08-15,Sat,20,BRU,LIM,1447.0,100,0,1547.0,€1447,"Iberia, American",Madrid (MAD) → Miami (MIA) / Dallas (DFW),1385,23h05,2,"12:05 PM on Sat, Jul 25","4:10 AM on Sun, Jul 26",+1,True,False,,typical,,1859.5
google_flights,2026-09-12,Sat,2026-10-05,Mon,22,AMS,AQP,1442.0,150,0,1592.0,€1442,"Iberia, LATAM",Madrid (MAD) → Madrid (MAD) / São Paulo (GRU),1295,21h35,2,"7:25 PM on Sat, Sep 12","10:00 AM on Sun, Sep 13",+1,True,False,,typical,,1859.5
google_flights,2026-10-17,Sat,2026-11-09,Mon,22,AMS,CUZ,1687.0,150,0,1837.0,€1687,"KLM, LATAM",Amsterdam (AMS) → Madrid (MAD) / São Paulo (GRU),1005,16h45,1,"9:55 AM on Sat, Oct 17","7:40 PM on Sat, Oct 17",,True,False,,high,,1859.5
google_flights,2026-09-10,Thu,2026-10-03,Sat,22,AMS,AQP,1655.0,150,0,1805.0,€1655,"KLM, LATAM",Amsterdam (AMS) → Madrid (MAD) / São Paulo (GRU),1070,17h50,1,"9:55 AM on Thu, Sep 10","8:45 PM on Thu, Sep 10",,True,False,,,,1860.0
google_flights,2026-09-17,Thu,2026-10-11,Sun,23,AMS,AQP,1655.0,150,0,1805.0,€1655,"KLM, LATAM",Amsterdam (AMS) → Madrid (MAD) / São Paulo (GRU),1070,17h50,1,"9:55 AM on Thu, Sep 17","8:45 PM on Thu, Sep 17",,True,False,,,,1860.0
google_flights,2026-09-25,Fri,2026-10-19,Mon,23,AMS,AQP,1655.0,150,0,1805.0,€1655,"KLM, LATAM",Amsterdam (AMS) → Madrid (MAD) / São Paulo (GRU),1070,17h50,1,"9:55 AM on Fri, Sep 25","8:45 PM on Fri, Sep 25",,True,False,,,,1860.0
google_flights,2026-10-08,Thu,2026-11-01,Sun,23,ORY,AQP,1505.0,70,0,1575.0,€1505,"Iberia, LATAM",Madrid (MAD) → Madrid (MAD) / São Paulo (GRU),1330,22h10,2,"8:55 PM on Thu, Oct 8","12:05 PM on Fri, Oct 9",+1,True,False,,,,1860.0
google_flights,2026-10-29,Thu,2026-11-21,Sat,22,CDG,AQP,1361.0,60,0,1421.0,€1361,"Iberia, LATAM",Madrid (MAD) → Madrid (MAD) / São Paulo (GRU),1640,27h20,2,"12:40 PM on Thu, Oct 29","10:00 AM on Fri, Oct 30",+1,True,False,,,,1861.0
google_flights,2026-07-30,Thu,2026-08-22,Sat,22,CDG,LIM,1722.0,60,0,1782.0,€1722,United,Houston (IAH) / Newark (EWR),1120,18h40,1,"9:45 AM on Thu, Jul 30","9:25 PM on Thu, Jul 30",,True,False,,high,,1862.0
google_flights,2026-08-07,Fri,2026-08-30,Sun,22,ORY,LIM,1792.0,70,0,1862.0,€1792,Air Europa,Madrid (MAD),960,16h,1,"7:25 PM on Fri, Aug 7","4:25 AM on Sat, Aug 8",+1,True,False,,typical,,1862.0
google_flights,2026-08-08,Sat,2026-08-30,Sun,21,ORY,LIM,1792.0,70,0,1862.0,€1792,Air Europa,Madrid (MAD),960,16h,1,"7:25 PM on Sat, Aug 8","4:25 AM on Sun, Aug 9",+1,True,False,,high,,1862.0
google_flights,2026-08-22,Sat,2026-09-13,Sun,21,BRU,AQP,1425.0,100,0,1525.0,€1425,"Air Europa, Sky Airline",Madrid (MAD),1435,23h55,2,"6:55 PM on Sat, Aug 22","11:50 AM on Sun, Aug 23",+1,True,False,,,,1862.5
google_flights,2026-08-22,Sat,2026-09-14,Mon,22,BRU,AQP,1425.0,100,0,1525.0,€1425,"Air Europa, Sky Airline",Madrid (MAD),1435,23h55,2,"6:55 PM on Sat, Aug 22","11:50 AM on Sun, Aug 23",+1,True,False,,,,1862.5
google_flights,2026-08-27,Thu,2026-09-21,Mon,24,ORY,AQP,1570.0,70,0,1640.0,€1570,"Iberia, LATAM",Madrid (MAD) → Madrid (MAD) / São Paulo (GRU),1205,20h05,2,"8:55 PM on Thu, Aug 27","10:00 AM on Fri, Aug 28",+1,True,False,,typical,,1862.5
google_flights,2026-08-29,Sat,2026-09-19,Sat,20,BRU,AQP,1425.0,100,0,1525.0,€1425,"Air Europa, Sky Airline",Madrid (MAD),1435,23h55,2,"6:55 PM on Sat, Aug 29","11:50 AM on Sun, Aug 30",+1,True,False,,typical,,1862.5
google_flights,2026-09-25,Fri,2026-10-19,Mon,23,BRU,CUZ,1380.0,100,0,1480.0,€1380,"Brussels Airlines, Avianca",Bruxelles (BRU) → Bogotá (BOG),1525,25h25,2,"4:55 PM on Fri, Sep 25","11:20 AM on Sat, Sep 26",+1,True,False,,,,1862.5
google_flights,2026-10-24,Sat,2026-11-16,Mon,22,ORY,AQP,1400.0,70,0,1470.0,€1400,"Iberia, LATAM",Madrid (MAD) → Madrid (MAD) / São Paulo (GRU),1545,25h45,2,"5:20 PM on Sat, Oct 24","12:05 PM on Sun, Oct 25",+1,True,False,,,,1862.5
google_flights,2026-07-30,Thu,2026-08-22,Sat,22,BRU,LIM,1451.0,100,0,1551.0,€1451,"Iberia, American",Madrid (MAD) → Miami (MIA) / Dallas (DFW),1385,23h05,2,"12:05 PM on Thu, Jul 30","4:10 AM on Fri, Jul 31",+1,True,False,,typical,,1863.5
google_flights,2026-07-30,Thu,2026-08-23,Sun,23,BRU,LIM,1451.0,100,0,1551.0,€1451,"Iberia, American",Madrid (MAD) → Miami (MIA) / Dallas (DFW),1385,23h05,2,"12:05 PM on Thu, Jul 30","4:10 AM on Fri, Jul 31",+1,True,False,,typical,,1863.5
google_flights,2026-09-26,Sat,2026-10-18,Sun,21,BRU,CUZ,1434.0,100,0,1534.0,€1434,"Air Europa, Sky Airline",Madrid (MAD),1420,23h40,2,"6:55 PM on Sat, Sep 26","11:35 AM on Sun, Sep 27",+1,True,False,,,,1864.0
google_flights,2026-10-24,Sat,2026-11-14,Sat,20,AMS,CUZ,1374.0,150,0,1524.0,€1374,LATAM,Madrid (MAD) / São Paulo (GRU),1440,24h,2,"1:10 PM on Sat, Oct 24","6:10 AM on Sun, Oct 25",+1,True,False,,,,1864.0
google_flights,2026-10-15,Thu,2026-11-07,Sat,22,AMS,AQP,1402.0,150,0,1552.0,€1402,"Air Europa, Sky Airline",Madrid (MAD),1385,23h05,2,"7:00 PM on Thu, Oct 15","11:05 AM on Fri, Oct 16",+1,True,False,,typical,,1864.5
google_flights,2026-10-22,Thu,2026-11-16,Mon,24,AMS,AQP,1402.0,150,0,1552.0,€1402,"Air Europa, Sky Airline",Madrid (MAD),1385,23h05,2,"7:00 PM on Thu, Oct 22","11:05 AM on Fri, Oct 23",+1,True,False,,typical,,1864.5
google_flights,2026-07-16,Thu,2026-08-09,Sun,23,ORY,LIM,1778.0,70,0,1848.0,€1778,"Iberia, LATAM",Madrid (MAD) → Madrid (MAD) / São Paulo (GRU),995,16h35,1,"8:55 PM on Thu, Jul 16","6:30 AM on Fri, Jul 17",+1,True,False,,high,,1865.5
google_flights,2026-10-22,Thu,2026-11-15,Sun,23,AMS,AQP,1403.0,150,0,1553.0,€1403,"Air Europa, Sky Airline",Madrid (MAD),1385,23h05,2,"7:00 PM on Thu, Oct 22","11:05 AM on Fri, Oct 23",+1,True,False,,,,1865.5
google_flights,2026-07-30,Thu,2026-08-22,Sat,22,AMS,LIM,1716.0,150,0,1866.0,€1716,KLM,Amsterdam (AMS),750,12h30,0,"9:55 AM on Thu, Jul 30","3:25 PM on Thu, Jul 30",,True,False,,high,,1866.0
google_flights,2026-09-05,Sat,2026-09-28,Mon,22,ORY,AQP,1406.0,70,0,1476.0,€1406,"Air Europa, Sky Airline",Madrid (MAD),1540,25h40,2,"5:10 PM on Sat, Sep 5","11:50 AM on Sun, Sep 6",+1,True,False,,,,1866.0
google_flights,2026-09-10,Thu,2026-10-03,Sat,22,AMS,AQP,1449.0,150,0,1599.0,€1449,"Iberia, LATAM",Madrid (MAD) → Madrid (MAD) / São Paulo (GRU),1295,21h35,2,"7:25 PM on Thu, Sep 10","10:00 AM on Fri, Sep 11",+1,True,False,,,,1866.5
google_flights,2026-10-30,Fri,2026-11-21,Sat,21,BRU,AQP,1539.0,100,0,1639.0,€1539,"Iberia, LATAM",Madrid (MAD) → Madrid (MAD) / São Paulo (GRU),1215,20h15,2,"7:45 PM on Fri, Oct 30","10:00 AM on Sat, Oct 31",+1,True,False,,low,,1866.5
google_flights,2026-07-09,Thu,2026-08-01,Sat,22,ORY,LIM,1797.0,70,0,1867.0,€1797,Air Europa,Madrid (MAD),960,16h,1,"7:25 PM on Thu, Jul 9","4:25 AM on Fri, Jul 10",+1,True,False,,high,,1867.0
google_flights,2026-07-10,Fri,2026-08-01,Sat,21,ORY,LIM,1797.0,70,0,1867.0,€1797,Air Europa,Madrid (MAD),960,16h,1,"7:25 PM on Fri, Jul 10","4:25 AM on Sat, Jul 11",+1,False,False,,high,,1867.0
google_flights,2026-07-25,Sat,2026-08-15,Sat,20,ORY,LIM,1797.0,70,0,1867.0,€1797,Air Europa,Madrid (MAD),960,16h,1,"7:25 PM on Sat, Jul 25","4:25 AM on Sun, Jul 26",+1,True,False,,high,,1867.0
google_flights,2026-07-25,Sat,2026-08-16,Sun,21,ORY,LIM,1797.0,70,0,1867.0,€1797,Air Europa,Madrid (MAD),960,16h,1,"7:25 PM on Sat, Jul 25","4:25 AM on Sun, Jul 26",+1,True,False,,high,,1867.0
google_flights,2026-07-25,Sat,2026-08-17,Mon,22,ORY,LIM,1797.0,70,0,1867.0,€1797,Air Europa,Madrid (MAD),960,16h,1,"7:25 PM on Sat, Jul 25","4:25 AM on Sun, Jul 26",+1,True,False,,high,,1867.0
google_flights,2026-10-22,Thu,2026-11-16,Mon,24,CDG,CUZ,1540.0,60,0,1600.0,€1540,"Iberia, LATAM",Madrid (MAD) → Madrid (MAD) / São Paulo (GRU),1295,21h35,2,"6:55 PM on Thu, Oct 22","9:30 AM on Fri, Oct 23",+1,True,False,,high,,1867.5
google_flights,2026-10-31,Sat,2026-11-22,Sun,21,CDG,CUZ,1570.0,60,0,1630.0,€1570,"Iberia, LATAM",Madrid (MAD) → Madrid (MAD) / São Paulo (GRU),1235,20h35,2,"6:45 PM on Sat, Oct 31","9:20 AM on Sun, Nov 1",+1,True,False,,high,,1867.5
google_flights,2026-08-22,Sat,2026-09-12,Sat,20,ORY,AQP,1476.0,70,0,1546.0,€1476,"Air Europa, Sky Airline",Madrid (MAD),1405,23h25,2,"7:25 PM on Sat, Aug 22","11:50 AM on Sun, Aug 23",+1,True,False,,,,1868.5
google_flights,2026-08-28,Fri,2026-09-20,Sun,22,AMS,CUZ,1496.0,150,0,1646.0,€1496,"Air Europa, Sky Airline",Madrid (MAD),1205,20h05,2,"7:00 PM on Fri, Aug 28","8:05 AM on Sat, Aug 29",+1,True,False,,typical,,1868.5
google_flights,2026-09-04,Fri,2026-09-27,Sun,22,ORY,AQP,1476.0,70,0,1546.0,€1476,"Air Europa, Sky Airline",Madrid (MAD),1405,23h25,2,"7:25 PM on Fri, Sep 4","11:50 AM on Sat, Sep 5",+1,True,False,,typical,,1868.5
google_flights,2026-09-04,Fri,2026-09-28,Mon,23,ORY,AQP,1476.0,70,0,1546.0,€1476,"Air Europa, Sky Airline",Madrid (MAD),1405,23h25,2,"7:25 PM on Fri, Sep 4","11:50 AM on Sat, Sep 5",+1,True,False,,typical,,1868.5
google_flights,2026-09-17,Thu,2026-10-10,Sat,22,ORY,AQP,1476.0,70,0,1546.0,€1476,"Air Europa, Sky Airline",Madrid (MAD),1405,23h25,2,"7:25 PM on Thu, Sep 17","11:50 AM on Fri, Sep 18",+1,True,False,,,,1868.5
google_flights,2026-09-17,Thu,2026-10-11,Sun,23,ORY,AQP,1476.0,70,0,1546.0,€1476,"Air Europa, Sky Airline",Madrid (MAD),1405,23h25,2,"7:25 PM on Thu, Sep 17","11:50 AM on Fri, Sep 18",+1,True,False,,,,1868.5
google_flights,2026-09-17,Thu,2026-10-12,Mon,24,ORY,AQP,1476.0,70,0,1546.0,€1476,"Air Europa, Sky Airline",Madrid (MAD),1405,23h25,2,"7:25 PM on Thu, Sep 17","11:50 AM on Fri, Sep 18",+1,True,False,,,,1868.5
google_flights,2026-08-08,Sat,2026-08-30,Sun,21,CDG,LIM,1809.0,60,0,1869.0,€1809,Air France,Paris (CDG),750,12h30,0,"10:10 AM on Sat, Aug 8","3:40 PM on Sat, Aug 8",,True,False,,high,,1869.0
google_flights,2026-10-16,Fri,2026-11-08,Sun,22,BRU,AQP,1454.0,100,0,1554.0,€1454,"Air Europa, Sky Airline",Madrid (MAD),1390,23h10,2,"6:55 PM on Fri, Oct 16","11:05 AM on Sat, Oct 17",+1,True,False,,typical,,1869.0
google_flights,2026-10-16,Fri,2026-11-09,Mon,23,BRU,AQP,1454.0,100,0,1554.0,€1454,"Air Europa, Sky Airline",Madrid (MAD),1390,23h10,2,"6:55 PM on Fri, Oct 16","11:05 AM on Sat, Oct 17",+1,True,False,,,,1869.0
google_flights,2026-08-07,Fri,2026-08-29,Sat,21,ORY,LIM,1732.0,70,0,1802.0,€1732,Air Europa,Madrid (MAD),1095,18h15,1,"5:10 PM on Fri, Aug 7","4:25 AM on Sat, Aug 8",+1,True,False,,high,,1869.5
google_flights,2026-10-29,Thu,2026-11-21,Sat,22,CDG,AQP,1467.0,60,0,1527.0,€1467,"Air France, Air Europa, Sky Airline",Paris (CDG) → Madrid (MAD),1445,24h05,2,"5:00 PM on Thu, Oct 29","11:05 AM on Fri, Oct 30",+1,True,False,,,,1869.5
google_flights,2026-09-12,Sat,2026-10-04,Sun,21,CDG,AQP,1633.0,60,0,1693.0,€1633,"Air France, KLM, LATAM",Paris (CDG) → Amsterdam (AMS) → Madrid (MAD) / São Paulo (GRU),1115,18h35,2,"7:10 AM on Sat, Sep 12","6:45 PM on Sat, Sep 12",,True,False,,,,1870.5
google_flights,2026-09-18,Fri,2026-10-11,Sun,22,ORY,CUZ,1533.0,70,0,1603.0,€1533,"Iberia, LATAM",Madrid (MAD) → Madrid (MAD) / São Paulo (GRU),1295,21h35,2,"7:25 AM on Fri, Sep 18","10:00 PM on Fri, Sep 18",,True,False,,,,1870.5
google_flights,2026-07-24,Fri,2026-08-17,Mon,23,ORY,LIM,1732.0,70,0,1802.0,€1732,"Vueling, Iberia",Barcelone (BCN) → Madrid (MAD),1100,18h20,1,"8:30 AM on Fri, Jul 24","7:50 PM on Fri, Jul 24",,True,False,,high,,1872.0
google_flights,2026-07-16,Thu,2026-08-10,Mon,24,ORY,LIM,1785.0,70,0,1855.0,€1785,"Iberia, LATAM",Madrid (MAD) → Madrid (MAD) / São Paulo (GRU),995,16h35,1,"8:55 PM on Thu, Jul 16","6:30 AM on Fri, Jul 17",+1,True,False,,high,,1872.5
google_flights,2026-09-18,Fri,2026-10-11,Sun,22,BRU,AQP,1435.0,100,0,1535.0,€1435,"Air Europa, Sky Airline",Madrid (MAD),1435,23h55,2,"6:55 PM on Fri, Sep 18","11:50 AM on Sat, Sep 19",+1,True,False,,,,1872.5
google_flights,2026-09-18,Fri,2026-10-11,Sun,22,ORY,CUZ,1618.0,70,0,1688.0,€1618,"Iberia, LATAM",Madrid (MAD) → Madrid (MAD) / São Paulo (GRU),1130,18h50,2,"10:10 AM on Fri, Sep 18","10:00 PM on Fri, Sep 18",,True,False,,,,1873.0
google_flights,2026-08-22,Sat,2026-09-14,Mon,22,AMS,CUZ,1501.0,150,0,1651.0,€1501,"Air Europa, Sky Airline",Madrid (MAD),1205,20h05,2,"7:00 PM on Sat, Aug 22","8:05 AM on Sun, Aug 23",+1,True,False,,typical,,1873.5
google_flights,2026-10-17,Sat,2026-11-08,Sun,21,ORY,AQP,1436.0,70,0,1506.0,€1436,"Air Europa, Sky Airline",Madrid (MAD),1495,24h55,2,"5:10 PM on Sat, Oct 17","11:05 AM on Sun, Oct 18",+1,True,False,,typical,,1873.5
google_flights,2026-07-17,Fri,2026-08-08,Sat,21,ORY,LIM,1737.0,70,0,1807.0,€1737,Air Europa,Madrid (MAD),1095,18h15,1,"5:10 PM on Fri, Jul 17","4:25 AM on Sat, Jul 18",+1,True,False,,high,,1874.5
google_flights,2026-07-17,Fri,2026-08-10,Mon,23,ORY,LIM,1737.0,70,0,1807.0,€1737,Air Europa,Madrid (MAD),1095,18h15,1,"5:10 PM on Fri, Jul 17","4:25 AM on Sat, Jul 18",+1,True,False,,high,,1874.5
google_flights,2026-07-23,Thu,2026-08-15,Sat,22,ORY,LIM,1737.0,70,0,1807.0,€1737,Air Europa,Madrid (MAD),1095,18h15,1,"5:10 PM on Thu, Jul 23","4:25 AM on Fri, Jul 24",+1,True,False,,high,,1874.5
google_flights,2026-07-23,Thu,2026-08-16,Sun,23,ORY,LIM,1737.0,70,0,1807.0,€1737,Air Europa,Madrid (MAD),1095,18h15,1,"5:10 PM on Thu, Jul 23","4:25 AM on Fri, Jul 24",+1,True,False,,high,,1874.5
google_flights,2026-07-23,Thu,2026-08-17,Mon,24,ORY,LIM,1737.0,70,0,1807.0,€1737,Air Europa,Madrid (MAD),1095,18h15,1,"5:10 PM on Thu, Jul 23","4:25 AM on Fri, Jul 24",+1,True,False,,high,,1874.5
google_flights,2026-07-24,Fri,2026-08-15,Sat,21,ORY,LIM,1737.0,70,0,1807.0,€1737,Air Europa,Madrid (MAD),1095,18h15,1,"5:10 PM on Fri, Jul 24","4:25 AM on Sat, Jul 25",+1,True,False,,high,,1874.5
google_flights,2026-07-24,Fri,2026-08-16,Sun,22,ORY,LIM,1737.0,70,0,1807.0,€1737,Air Europa,Madrid (MAD),1095,18h15,1,"5:10 PM on Fri, Jul 24","4:25 AM on Sat, Jul 25",+1,True,False,,high,,1874.5
google_flights,2026-07-24,Fri,2026-08-17,Mon,23,ORY,LIM,1737.0,70,0,1807.0,€1737,Air Europa,Madrid (MAD),1095,18h15,1,"5:10 PM on Fri, Jul 24","4:25 AM on Sat, Jul 25",+1,True,False,,high,,1874.5
google_flights,2026-07-25,Sat,2026-08-15,Sat,20,ORY,LIM,1737.0,70,0,1807.0,€1737,Air Europa,Madrid (MAD),1095,18h15,1,"5:10 PM on Sat, Jul 25","4:25 AM on Sun, Jul 26",+1,True,False,,high,,1874.5
google_flights,2026-07-25,Sat,2026-08-16,Sun,21,ORY,LIM,1737.0,70,0,1807.0,€1737,Air Europa,Madrid (MAD),1095,18h15,1,"5:10 PM on Sat, Jul 25","4:25 AM on Sun, Jul 26",+1,True,False,,high,,1874.5
google_flights,2026-07-25,Sat,2026-08-17,Mon,22,ORY,LIM,1737.0,70,0,1807.0,€1737,Air Europa,Madrid (MAD),1095,18h15,1,"5:10 PM on Sat, Jul 25","4:25 AM on Sun, Jul 26",+1,True,False,,high,,1874.5
google_flights,2026-08-27,Thu,2026-09-20,Sun,23,ORY,AQP,1485.0,70,0,1555.0,€1485,"Iberia, LATAM",Madrid (MAD) → Madrid (MAD) / São Paulo (GRU),1400,23h20,2,"8:55 PM on Thu, Aug 27","1:15 PM on Fri, Aug 28",+1,False,False,,,,1875.0
google_flights,2026-08-27,Thu,2026-09-19,Sat,22,BRU,CUZ,1498.0,100,0,1598.0,€1498,"Iberia, LATAM",Madrid (MAD) → Madrid (MAD) / São Paulo (GRU),1315,21h55,2,"7:05 AM on Thu, Aug 27","10:00 PM on Thu, Aug 27",,True,False,,,,1875.5
google_flights,2026-08-28,Fri,2026-09-19,Sat,21,BRU,CUZ,1498.0,100,0,1598.0,€1498,"Iberia, LATAM",Madrid (MAD) → Madrid (MAD) / São Paulo (GRU),1315,21h55,2,"7:05 AM on Fri, Aug 28","10:00 PM on Fri, Aug 28",,True,False,,typical,,1875.5
google_flights,2026-08-28,Fri,2026-09-20,Sun,22,BRU,CUZ,1498.0,100,0,1598.0,€1498,"Iberia, LATAM",Madrid (MAD) → Madrid (MAD) / São Paulo (GRU),1315,21h55,2,"7:05 AM on Fri, Aug 28","10:00 PM on Fri, Aug 28",,True,False,,typical,,1875.5
google_flights,2026-09-12,Sat,2026-10-05,Mon,22,BRU,CUZ,1498.0,100,0,1598.0,€1498,"Iberia, LATAM",Madrid (MAD) → Madrid (MAD) / São Paulo (GRU),1315,21h55,2,"7:05 AM on Sat, Sep 12","10:00 PM on Sat, Sep 12",,True,False,,typical,,1875.5
google_flights,2026-07-24,Fri,2026-08-15,Sat,21,BRU,LIM,1776.0,100,0,1876.0,€1776,KLM,Amsterdam (AMS),860,14h20,1,"8:05 AM on Fri, Jul 24","3:25 PM on Fri, Jul 24",,True,False,,typical,,1876.0
google_flights,2026-10-09,Fri,2026-11-01,Sun,22,AMS,CUZ,1544.0,150,0,1694.0,€1544,"Air France, LATAM",Paris (CDG) → Madrid (MAD) / São Paulo (GRU),1125,18h45,2,"9:35 AM on Fri, Oct 9","9:20 PM on Fri, Oct 9",,True,False,,typical,,1876.5
google_flights,2026-07-25,Sat,2026-08-15,Sat,20,BRU,LIM,1487.0,100,0,1587.0,€1487,"Iberia, American",Madrid (MAD) → Miami (MIA) / Dallas (DFW),1340,22h20,2,"7:05 AM on Sat, Jul 25","10:25 PM on Sat, Jul 25",,False,False,,typical,,1877.0
google_flights,2026-08-28,Fri,2026-09-19,Sat,21,CDG,AQP,1571.0,60,0,1631.0,€1571,"Iberia, LATAM",Madrid (MAD) → Madrid (MAD) / São Paulo (GRU),1255,20h55,2,"8:55 PM on Fri, Aug 28","10:50 AM on Sat, Aug 29",+1,True,False,,typical,,1878.5
google_flights,2026-08-28,Fri,2026-09-20,Sun,22,CDG,AQP,1571.0,60,0,1631.0,€1571,"Iberia, LATAM",Madrid (MAD) → Madrid (MAD) / São Paulo (GRU),1255,20h55,2,"8:55 PM on Fri, Aug 28","10:50 AM on Sat, Aug 29",+1,True,False,,typical,,1878.5
google_flights,2026-08-28,Fri,2026-09-21,Mon,23,CDG,AQP,1571.0,60,0,1631.0,€1571,"Iberia, LATAM",Madrid (MAD) → Madrid (MAD) / São Paulo (GRU),1255,20h55,2,"8:55 PM on Fri, Aug 28","10:50 AM on Sat, Aug 29",+1,True,False,,typical,,1878.5
google_flights,2026-09-05,Sat,2026-09-28,Mon,22,ORY,AQP,1486.0,70,0,1556.0,€1486,"Air Europa, Sky Airline",Madrid (MAD),1405,23h25,2,"7:25 PM on Sat, Sep 5","11:50 AM on Sun, Sep 6",+1,True,False,,,,1878.5
google_flights,2026-10-22,Thu,2026-11-14,Sat,22,BRU,AQP,1465.0,100,0,1565.0,€1465,"Air Europa, Sky Airline",Madrid (MAD),1390,23h10,2,"6:55 PM on Thu, Oct 22","11:05 AM on Fri, Oct 23",+1,True,False,,,,1880.0
google_flights,2026-09-26,Sat,2026-10-17,Sat,20,BRU,CUZ,1538.0,100,0,1638.0,€1538,"Iberia, LATAM",Madrid (MAD) → Madrid (MAD) / São Paulo (GRU),1245,20h45,2,"7:45 PM on Sat, Sep 26","9:30 AM on Sun, Sep 27",+1,True,False,,,,1880.5
google_flights,2026-07-31,Fri,2026-08-22,Sat,21,BRU,LIM,1491.0,100,0,1591.0,€1491,"Iberia, American",Madrid (MAD) → Miami (MIA) / Dallas (DFW),1340,22h20,2,"7:05 AM on Fri, Jul 31","10:25 PM on Fri, Jul 31",,True,False,,typical,,1881.0
google_flights,2026-07-31,Fri,2026-08-23,Sun,22,BRU,LIM,1491.0,100,0,1591.0,€1491,"Iberia, American",Madrid (MAD) → Miami (MIA) / Dallas (DFW),1340,22h20,2,"7:05 AM on Fri, Jul 31","10:25 PM on Fri, Jul 31",,True,False,,typical,,1881.0
google_flights,2026-08-01,Sat,2026-08-22,Sat,20,BRU,LIM,1491.0,100,0,1591.0,€1491,"Iberia, American",Madrid (MAD) → Miami (MIA) / Dallas (DFW),1340,22h20,2,"7:05 AM on Sat, Aug 1","10:25 PM on Sat, Aug 1",,True,False,,typical,,1881.0
google_flights,2026-08-01,Sat,2026-08-23,Sun,21,BRU,LIM,1491.0,100,0,1591.0,€1491,"Iberia, American",Madrid (MAD) → Miami (MIA) / Dallas (DFW),1340,22h20,2,"7:05 AM on Sat, Aug 1","10:25 PM on Sat, Aug 1",,True,False,,typical,,1881.0
google_flights,2026-07-16,Thu,2026-08-09,Sun,23,AMS,LIM,1732.0,150,0,1882.0,€1732,"KLM, Air France",Amsterdam (AMS) → Paris (CDG),945,15h45,1,"6:55 AM on Thu, Jul 16","3:40 PM on Thu, Jul 16",,False,False,,high,,1882.0
google_flights,2026-08-06,Thu,2026-08-29,Sat,22,ORY,LIM,1812.0,70,0,1882.0,€1812,Air Europa,Madrid (MAD),960,16h,1,"7:25 PM on Thu, Aug 6","4:25 AM on Fri, Aug 7",+1,True,False,,high,,1882.0
google_flights,2026-08-08,Sat,2026-08-29,Sat,20,ORY,LIM,1812.0,70,0,1882.0,€1812,Air Europa,Madrid (MAD),960,16h,1,"7:25 PM on Sat, Aug 8","4:25 AM on Sun, Aug 9",+1,True,False,,high,,1882.0
google_flights,2026-08-29,Sat,2026-09-20,Sun,21,AMS,AQP,1397.0,150,0,1547.0,€1397,"Air Europa, Sky Airline",Madrid (MAD),1430,23h50,2,"7:00 PM on Sat, Aug 29","11:50 AM on Sun, Aug 30",+1,True,False,,typical,,1882.0
google_flights,2026-09-24,Thu,2026-10-19,Mon,24,CDG,AQP,1460.0,60,0,1520.0,€1460,LATAM,Madrid (MAD) / São Paulo (GRU),1485,24h45,2,"1:00 PM on Thu, Sep 24","6:45 AM on Fri, Sep 25",+1,True,False,,,,1882.5
google_flights,2026-10-08,Thu,2026-11-01,Sun,23,ORY,AQP,1590.0,70,0,1660.0,€1590,"Iberia, LATAM",Madrid (MAD) → Madrid (MAD) / São Paulo (GRU),1205,20h05,2,"8:55 PM on Thu, Oct 8","10:00 AM on Fri, Oct 9",+1,True,False,,,,1882.5
google_flights,2026-10-15,Thu,2026-11-08,Sun,23,ORY,AQP,1590.0,70,0,1660.0,€1590,"Iberia, LATAM",Madrid (MAD) → Madrid (MAD) / São Paulo (GRU),1205,20h05,2,"8:55 PM on Thu, Oct 15","10:00 AM on Fri, Oct 16",+1,True,False,,,,1882.5
google_flights,2026-10-15,Thu,2026-11-09,Mon,24,AMS,CUZ,1480.0,150,0,1630.0,€1480,"Iberia, LATAM",Madrid (MAD) → Madrid (MAD) / São Paulo (GRU),1265,21h05,2,"7:25 PM on Thu, Oct 15","9:30 AM on Fri, Oct 16",+1,True,False,,,,1882.5
google_flights,2026-08-29,Sat,2026-09-21,Mon,22,AMS,AQP,1398.0,150,0,1548.0,€1398,"Air Europa, Sky Airline",Madrid (MAD),1430,23h50,2,"7:00 PM on Sat, Aug 29","11:50 AM on Sun, Aug 30",+1,True,False,,,,1883.0
google_flights,2026-09-04,Fri,2026-09-28,Mon,23,BRU,CUZ,1538.0,100,0,1638.0,€1538,"Iberia, LATAM",Madrid (MAD) → Madrid (MAD) / São Paulo (GRU),1250,20h50,2,"7:40 PM on Fri, Sep 4","9:30 AM on Sat, Sep 5",+1,True,False,,typical,,1883.0
google_flights,2026-08-29,Sat,2026-09-21,Mon,22,BRU,CUZ,1538.0,100,0,1638.0,€1538,"Iberia, LATAM",Madrid (MAD) → Madrid (MAD) / São Paulo (GRU),1250,20h50,2,"7:40 PM on Sat, Aug 29","9:30 AM on Sun, Aug 30",+1,True,False,,low,,1883.0
google_flights,2026-09-05,Sat,2026-09-28,Mon,22,AMS,AQP,1376.0,150,0,1526.0,€1376,LATAM,Madrid (MAD) / São Paulo (GRU),1475,24h35,2,"1:10 PM on Sat, Sep 5","6:45 AM on Sun, Sep 6",+1,True,False,,,,1883.5
google_flights,2026-09-17,Thu,2026-10-12,Mon,24,BRU,AQP,1464.0,100,0,1564.0,€1464,"Iberia, LATAM",Madrid (MAD) → Madrid (MAD) / São Paulo (GRU),1400,23h20,2,"7:45 PM on Thu, Sep 17","12:05 PM on Fri, Sep 18",+1,True,False,,,,1884.0
google_flights,2026-10-08,Thu,2026-11-01,Sun,23,CDG,CUZ,1359.0,60,0,1419.0,€1359,"Air Canada, Avianca",Montréal (YUL) / Toronto (YYZ) → Bogotá (BOG),1690,28h10,2,"2:10 PM on Thu, Oct 8","11:20 AM on Fri, Oct 9",+1,True,False,,typical,,1884.0
google_flights,2026-10-16,Fri,2026-11-08,Sun,22,AMS,CUZ,1394.0,150,0,1544.0,€1394,LATAM,Madrid (MAD) / São Paulo (GRU),1440,24h,2,"1:10 PM on Fri, Oct 16","6:10 AM on Sat, Oct 17",+1,True,False,,,,1884.0
google_flights,2026-08-27,Thu,2026-09-20,Sun,23,CDG,CUZ,1557.0,60,0,1617.0,€1557,"Iberia, LATAM",Madrid (MAD) → Madrid (MAD) / São Paulo (GRU),1295,21h35,2,"6:55 PM on Thu, Aug 27","9:30 AM on Fri, Aug 28",+1,True,False,,,,1884.5
google_flights,2026-10-02,Fri,2026-10-26,Mon,23,AMS,AQP,1422.0,150,0,1572.0,€1422,"Air Europa, Sky Airline",Madrid (MAD),1385,23h05,2,"7:00 PM on Fri, Oct 2","11:05 AM on Sat, Oct 3",+1,True,False,,typical,,1884.5
google_flights,2026-10-17,Sat,2026-11-07,Sat,20,CDG,CUZ,1542.0,60,0,1602.0,€1542,"Iberia, LATAM",Madrid (MAD) → Madrid (MAD) / São Paulo (GRU),1325,22h05,2,"6:55 PM on Sat, Oct 17","10:00 AM on Sun, Oct 18",+1,True,False,,,,1884.5
google_flights,2026-07-31,Fri,2026-08-22,Sat,21,CDG,LIM,1825.0,60,0,1885.0,€1825,Air France,Paris (CDG),750,12h30,0,"12:30 PM on Fri, Jul 31","6:00 PM on Fri, Jul 31",,True,False,,high,,1885.0
google_flights,2026-10-24,Sat,2026-11-16,Mon,22,CDG,CUZ,1540.0,60,0,1600.0,€1540,"Iberia, LATAM",Madrid (MAD) → Madrid (MAD) / São Paulo (GRU),1330,22h10,2,"6:50 AM on Sat, Oct 24","10:00 PM on Sat, Oct 24",,True,False,,typical,,1885.0
google_flights,2026-09-19,Sat,2026-10-10,Sat,20,BRU,AQP,1528.0,100,0,1628.0,€1528,"Iberia, LATAM",Madrid (MAD) → Madrid (MAD) / São Paulo (GRU),1275,21h15,2,"7:45 PM on Sat, Sep 19","10:00 AM on Sun, Sep 20",+1,True,False,,typical,,1885.5
google_flights,2026-08-13,Thu,2026-09-05,Sat,22,ORY,LIM,1817.0,70,0,1887.0,€1817,Iberia,Madrid (MAD),910,15h10,1,"10:10 AM on Thu, Aug 13","6:20 PM on Thu, Aug 13",,True,False,,typical,,1887.0
google_flights,2026-08-28,Fri,2026-09-19,Sat,21,BRU,AQP,1450.0,100,0,1550.0,€1450,"Air Europa, Sky Airline",Madrid (MAD),1435,23h55,2,"6:55 PM on Fri, Aug 28","11:50 AM on Sat, Aug 29",+1,True,False,,,,1887.5
google_flights,2026-09-05,Sat,2026-09-28,Mon,22,BRU,AQP,1450.0,100,0,1550.0,€1450,"Air Europa, Sky Airline",Madrid (MAD),1435,23h55,2,"6:55 PM on Sat, Sep 5","11:50 AM on Sun, Sep 6",+1,True,False,,typical,,1887.5
google_flights,2026-08-15,Sat,2026-09-07,Mon,22,BRU,CUZ,1458.0,100,0,1558.0,€1458,"Air Europa, Sky Airline",Madrid (MAD),1420,23h40,2,"6:55 PM on Sat, Aug 15","11:35 AM on Sun, Aug 16",+1,False,False,,,,1888.0
google_flights,2026-09-10,Thu,2026-10-03,Sat,22,ORY,CUZ,1504.0,70,0,1574.0,€1504,"Air Europa, Sky Airline",Madrid (MAD),1390,23h10,2,"7:25 PM on Thu, Sep 10","11:35 AM on Fri, Sep 11",+1,False,False,,,,1889.0
google_flights,2026-09-18,Fri,2026-10-10,Sat,21,BRU,CUZ,1459.0,100,0,1559.0,€1459,"Air Europa, Sky Airline",Madrid (MAD),1420,23h40,2,"6:55 PM on Fri, Sep 18","11:35 AM on Sat, Sep 19",+1,False,False,,,,1889.0
google_flights,2026-07-18,Sat,2026-08-09,Sun,21,BRU,LIM,1765.0,100,0,1865.0,€1765,Iberia,Madrid (MAD),1010,16h50,1,"7:40 PM on Sat, Jul 18","5:30 AM on Sun, Jul 19",+1,True,False,,typical,,1890.0
google_flights,2026-07-18,Sat,2026-08-10,Mon,22,BRU,LIM,1788.0,100,0,1888.0,€1788,KLM,Amsterdam (AMS),965,16h05,1,"6:20 AM on Sat, Jul 18","3:25 PM on Sat, Jul 18",,True,False,,typical,,1890.5
google_flights,2026-09-11,Fri,2026-10-03,Sat,21,ORY,CUZ,1544.0,70,0,1614.0,€1544,"Air Europa, Sky Airline",Madrid (MAD),1315,21h55,2,"5:10 PM on Fri, Sep 11","8:05 AM on Sat, Sep 12",+1,True,False,,high,,1891.5
google_flights,2026-09-12,Sat,2026-10-03,Sat,20,ORY,CUZ,1544.0,70,0,1614.0,€1544,"Air Europa, Sky Airline",Madrid (MAD),1315,21h55,2,"5:10 PM on Sat, Sep 12","8:05 AM on Sun, Sep 13",+1,True,False,,high,,1891.5
google_flights,2026-09-24,Thu,2026-10-17,Sat,22,BRU,AQP,1534.0,100,0,1634.0,€1534,"Iberia, LATAM",Madrid (MAD) → Madrid (MAD) / São Paulo (GRU),1275,21h15,2,"7:45 PM on Thu, Sep 24","10:00 AM on Fri, Sep 25",+1,True,False,,,,1891.5
google_flights,2026-10-16,Fri,2026-11-07,Sat,21,ORY,CUZ,1444.0,70,0,1514.0,€1444,"Air Europa, Sky Airline",Madrid (MAD),1515,25h15,2,"5:10 PM on Fri, Oct 16","11:25 AM on Sat, Oct 17",+1,True,False,,,,1891.5
google_flights,2026-07-31,Fri,2026-08-22,Sat,21,CDG,LIM,1833.0,60,0,1893.0,€1833,Air France,Paris (CDG),750,12h30,0,"10:10 AM on Fri, Jul 31","3:40 PM on Fri, Jul 31",,True,False,,high,,1893.0
google_flights,2026-10-23,Fri,2026-11-16,Mon,23,ORY,CUZ,1638.0,70,0,1708.0,€1638,"Iberia, LATAM",Madrid (MAD) → Madrid (MAD) / São Paulo (GRU),1130,18h50,2,"10:10 AM on Fri, Oct 23","10:00 PM on Fri, Oct 23",,True,False,,high,,1893.0
google_flights,2026-07-25,Sat,2026-08-15,Sat,20,AMS,LIM,1744.0,150,0,1894.0,€1744,"KLM, Air France",Amsterdam (AMS) → Paris (CDG),925,15h25,1,"7:15 AM on Sat, Jul 25","3:40 PM on Sat, Jul 25",,True,False,,high,,1894.0
google_flights,2026-09-10,Thu,2026-10-04,Sun,23,AMS,CUZ,1687.0,150,0,1837.0,€1687,"KLM, LATAM",Amsterdam (AMS) → Madrid (MAD) / São Paulo (GRU),1075,17h55,1,"9:55 AM on Thu, Sep 10","8:50 PM on Thu, Sep 10",,True,False,,,,1894.5
google_flights,2026-09-18,Fri,2026-10-11,Sun,22,BRU,CUZ,1538.0,100,0,1638.0,€1538,"Iberia, LATAM",Madrid (MAD) → Madrid (MAD) / São Paulo (GRU),1275,21h15,2,"7:45 PM on Fri, Sep 18","10:00 AM on Sat, Sep 19",+1,True,False,,typical,,1895.5
google_flights,2026-09-18,Fri,2026-10-12,Mon,23,BRU,CUZ,1538.0,100,0,1638.0,€1538,"Iberia, LATAM",Madrid (MAD) → Madrid (MAD) / São Paulo (GRU),1275,21h15,2,"7:45 PM on Fri, Sep 18","10:00 AM on Sat, Sep 19",+1,True,False,,typical,,1895.5
google_flights,2026-09-25,Fri,2026-10-17,Sat,21,BRU,CUZ,1538.0,100,0,1638.0,€1538,"Iberia, LATAM",Madrid (MAD) → Madrid (MAD) / São Paulo (GRU),1275,21h15,2,"7:45 PM on Fri, Sep 25","10:00 AM on Sat, Sep 26",+1,True,False,,typical,,1895.5
google_flights,2026-10-15,Thu,2026-11-08,Sun,23,BRU,AQP,1538.0,100,0,1638.0,€1538,"Iberia, LATAM",Madrid (MAD) → Madrid (MAD) / São Paulo (GRU),1275,21h15,2,"7:45 PM on Thu, Oct 15","10:00 AM on Fri, Oct 16",+1,True,False,,typical,,1895.5
google_flights,2026-08-27,Thu,2026-09-21,Mon,24,BRU,AQP,1539.0,100,0,1639.0,€1539,"Iberia, LATAM",Madrid (MAD) → Madrid (MAD) / São Paulo (GRU),1275,21h15,2,"7:45 PM on Thu, Aug 27","10:00 AM on Fri, Aug 28",+1,True,False,,typical,,1896.5
google_flights,2026-09-17,Thu,2026-10-12,Mon,24,BRU,AQP,1539.0,100,0,1639.0,€1539,"Iberia, LATAM",Madrid (MAD) → Madrid (MAD) / São Paulo (GRU),1275,21h15,2,"7:45 PM on Thu, Sep 17","10:00 AM on Fri, Sep 18",+1,True,False,,,,1896.5
google_flights,2026-09-24,Thu,2026-10-18,Sun,23,BRU,AQP,1539.0,100,0,1639.0,€1539,"Iberia, LATAM",Madrid (MAD) → Madrid (MAD) / São Paulo (GRU),1275,21h15,2,"7:45 PM on Thu, Sep 24","10:00 AM on Fri, Sep 25",+1,True,False,,typical,,1896.5
google_flights,2026-09-25,Fri,2026-10-19,Mon,23,BRU,AQP,1539.0,100,0,1639.0,€1539,"Iberia, LATAM",Madrid (MAD) → Madrid (MAD) / São Paulo (GRU),1275,21h15,2,"7:45 PM on Fri, Sep 25","10:00 AM on Sat, Sep 26",+1,True,False,,typical,,1896.5
google_flights,2026-09-26,Sat,2026-10-19,Mon,22,BRU,AQP,1539.0,100,0,1639.0,€1539,"Iberia, LATAM",Madrid (MAD) → Madrid (MAD) / São Paulo (GRU),1275,21h15,2,"7:45 PM on Sat, Sep 26","10:00 AM on Sun, Sep 27",+1,True,False,,,,1896.5
google_flights,2026-09-10,Thu,2026-10-03,Sat,22,BRU,AQP,1460.0,100,0,1560.0,€1460,"Air Europa, Sky Airline",Madrid (MAD),1435,23h55,2,"6:55 PM on Thu, Sep 10","11:50 AM on Fri, Sep 11",+1,True,False,,,,1897.5
google_flights,2026-09-12,Sat,2026-10-03,Sat,20,BRU,AQP,1460.0,100,0,1560.0,€1460,"Air Europa, Sky Airline",Madrid (MAD),1435,23h55,2,"6:55 PM on Sat, Sep 12","11:50 AM on Sun, Sep 13",+1,True,False,,,,1897.5
google_flights,2026-10-10,Sat,2026-11-02,Mon,22,CDG,CUZ,1570.0,60,0,1630.0,€1570,"Iberia, LATAM",Madrid (MAD) → Madrid (MAD) / São Paulo (GRU),1295,21h35,2,"6:55 PM on Sat, Oct 10","9:30 AM on Sun, Oct 11",+1,True,False,,high,,1897.5
google_flights,2026-08-20,Thu,2026-09-14,Mon,24,AMS,CUZ,1526.0,150,0,1676.0,€1526,"Air Europa, Sky Airline",Madrid (MAD),1205,20h05,2,"7:00 PM on Thu, Aug 20","8:05 AM on Fri, Aug 21",+1,True,False,,typical,,1898.5
google_flights,2026-08-21,Fri,2026-09-14,Mon,23,AMS,CUZ,1526.0,150,0,1676.0,€1526,"Air Europa, Sky Airline",Madrid (MAD),1205,20h05,2,"7:00 PM on Fri, Aug 21","8:05 AM on Sat, Aug 22",+1,True,False,,typical,,1898.5
google_flights,2026-10-17,Sat,2026-11-08,Sun,21,CDG,AQP,1556.0,60,0,1616.0,€1556,"Iberia, LATAM",Madrid (MAD) → Madrid (MAD) / São Paulo (GRU),1325,22h05,2,"6:55 PM on Sat, Oct 17","10:00 AM on Sun, Oct 18",+1,True,False,,,,1898.5
google_flights,2026-08-20,Thu,2026-09-12,Sat,22,ORY,AQP,1506.0,70,0,1576.0,€1506,"Air Europa, Sky Airline",Madrid (MAD),1405,23h25,2,"7:25 PM on Thu, Aug 20","11:50 AM on Fri, Aug 21",+1,True,False,,typical,,1898.5
google_flights,2026-08-29,Sat,2026-09-19,Sat,20,AMS,CUZ,1526.0,150,0,1676.0,€1526,"Air Europa, Sky Airline",Madrid (MAD),1205,20h05,2,"7:00 PM on Sat, Aug 29","8:05 AM on Sun, Aug 30",+1,True,False,,typical,,1898.5
google_flights,2026-08-15,Sat,2026-09-05,Sat,20,AMS,AQP,1749.0,150,0,1899.0,€1749,"KLM, LATAM",Amsterdam (AMS) → Madrid (MAD) / São Paulo (GRU),950,15h50,1,"9:55 AM on Sat, Aug 15","6:45 PM on Sat, Aug 15",,True,False,,typical,,1899.0
google_flights,2026-08-29,Sat,2026-09-19,Sat,20,BRU,AQP,1539.0,100,0,1639.0,€1539,"Iberia, LATAM",Madrid (MAD) → Madrid (MAD) / São Paulo (GRU),1280,21h20,2,"7:40 PM on Sat, Aug 29","10:00 AM on Sun, Aug 30",+1,True,False,,typical,,1899.0
google_flights,2026-08-29,Sat,2026-09-20,Sun,21,BRU,AQP,1539.0,100,0,1639.0,€1539,"Iberia, LATAM",Madrid (MAD) → Madrid (MAD) / São Paulo (GRU),1280,21h20,2,"7:40 PM on Sat, Aug 29","10:00 AM on Sun, Aug 30",+1,True,False,,,,1899.0
google_flights,2026-09-04,Fri,2026-09-28,Mon,23,BRU,AQP,1539.0,100,0,1639.0,€1539,"Iberia, LATAM",Madrid (MAD) → Madrid (MAD) / São Paulo (GRU),1280,21h20,2,"7:40 PM on Fri, Sep 4","10:00 AM on Sat, Sep 5",+1,True,False,,typical,,1899.0
google_flights,2026-07-11,Sat,2026-08-01,Sat,20,BRU,LIM,1487.0,100,0,1587.0,€1487,"Iberia, American",Madrid (MAD) → Miami (MIA) / Dallas (DFW),1385,23h05,2,"12:05 PM on Sat, Jul 11","4:10 AM on Sun, Jul 12",+1,True,False,,typical,,1899.5
google_flights,2026-08-22,Sat,2026-09-12,Sat,20,AMS,CUZ,1531.0,150,0,1681.0,€1531,"Air Europa, Sky Airline",Madrid (MAD),1205,20h05,2,"7:00 PM on Sat, Aug 22","8:05 AM on Sun, Aug 23",+1,True,False,,typical,,1903.5
google_flights,2026-08-22,Sat,2026-09-13,Sun,21,AMS,CUZ,1531.0,150,0,1681.0,€1531,"Air Europa, Sky Airline",Madrid (MAD),1205,20h05,2,"7:00 PM on Sat, Aug 22","8:05 AM on Sun, Aug 23",+1,True,False,,typical,,1903.5
google_flights,2026-10-02,Fri,2026-10-25,Sun,22,ORY,AQP,1466.0,70,0,1536.0,€1466,"Air Europa, Sky Airline",Madrid (MAD),1495,24h55,2,"5:10 PM on Fri, Oct 2","11:05 AM on Sat, Oct 3",+1,True,False,,,,1903.5
google_flights,2026-10-02,Fri,2026-10-26,Mon,23,ORY,AQP,1466.0,70,0,1536.0,€1466,"Air Europa, Sky Airline",Madrid (MAD),1495,24h55,2,"5:10 PM on Fri, Oct 2","11:05 AM on Sat, Oct 3",+1,True,False,,typical,,1903.5
google_flights,2026-09-04,Fri,2026-09-26,Sat,21,BRU,CUZ,1579.0,100,0,1679.0,€1579,"Air Europa, Sky Airline",Madrid (MAD),1210,20h10,2,"6:55 PM on Fri, Sep 4","8:05 AM on Sat, Sep 5",+1,True,False,,high,,1904.0
google_flights,2026-08-22,Sat,2026-09-13,Sun,21,AMS,AQP,1700.0,150,0,1850.0,€1700,"KLM, LATAM",Amsterdam (AMS) → Madrid (MAD) / São Paulo (GRU),1070,17h50,1,"9:55 AM on Sat, Aug 22","8:45 PM on Sat, Aug 22",,True,False,,,,1905.0
google_flights,2026-10-01,Thu,2026-10-25,Sun,23,BRU,AQP,1490.0,100,0,1590.0,€1490,"Air Europa, Sky Airline",Madrid (MAD),1390,23h10,2,"6:55 PM on Thu, Oct 1","11:05 AM on Fri, Oct 2",+1,True,False,,,,1905.0
google_flights,2026-10-01,Thu,2026-10-26,Mon,24,CDG,CUZ,1380.0,60,0,1440.0,€1380,"Air Canada, Avianca",Montréal (YUL) / Toronto (YYZ) → Bogotá (BOG),1690,28h10,2,"2:10 PM on Thu, Oct 1","11:20 AM on Fri, Oct 2",+1,True,False,,typical,,1905.0
google_flights,2026-10-01,Thu,2026-10-26,Mon,24,BRU,AQP,1490.0,100,0,1590.0,€1490,"Air Europa, Sky Airline",Madrid (MAD),1390,23h10,2,"6:55 PM on Thu, Oct 1","11:05 AM on Fri, Oct 2",+1,True,False,,,,1905.0
google_flights,2026-10-08,Thu,2026-11-01,Sun,23,BRU,AQP,1490.0,100,0,1590.0,€1490,"Air Europa, Sky Airline",Madrid (MAD),1390,23h10,2,"6:55 PM on Thu, Oct 8","11:05 AM on Fri, Oct 9",+1,True,False,,,,1905.0
google_flights,2026-10-10,Sat,2026-11-01,Sun,21,BRU,AQP,1490.0,100,0,1590.0,€1490,"Air Europa, Sky Airline",Madrid (MAD),1390,23h10,2,"6:55 PM on Sat, Oct 10","11:05 AM on Sun, Oct 11",+1,True,False,,typical,,1905.0
google_flights,2026-10-15,Thu,2026-11-07,Sat,22,BRU,AQP,1490.0,100,0,1590.0,€1490,"Air Europa, Sky Airline",Madrid (MAD),1390,23h10,2,"6:55 PM on Thu, Oct 15","11:05 AM on Fri, Oct 16",+1,True,False,,,,1905.0
google_flights,2026-08-28,Fri,2026-09-21,Mon,23,AMS,AQP,1422.0,150,0,1572.0,€1422,"Air Europa, Sky Airline",Madrid (MAD),1430,23h50,2,"7:00 PM on Fri, Aug 28","11:50 AM on Sat, Aug 29",+1,True,False,,typical,,1907.0
google_flights,2026-08-27,Thu,2026-09-20,Sun,23,AMS,CUZ,1470.0,150,0,1620.0,€1470,"Iberia, LATAM",Madrid (MAD) → Madrid (MAD) / São Paulo (GRU),1335,22h15,2,"7:20 AM on Thu, Aug 27","10:35 PM on Thu, Aug 27",,True,False,,,,1907.5
google_flights,2026-08-27,Thu,2026-09-21,Mon,24,AMS,CUZ,1470.0,150,0,1620.0,€1470,"Iberia, LATAM",Madrid (MAD) → Madrid (MAD) / São Paulo (GRU),1335,22h15,2,"7:20 AM on Thu, Aug 27","10:35 PM on Thu, Aug 27",,True,False,,typical,,1907.5
google_flights,2026-07-31,Fri,2026-08-24,Mon,23,AMS,LIM,1733.0,150,0,1883.0,€1733,"KLM, COPA",Amsterdam (AMS) → Panama (PTY),1010,16h50,1,"12:55 PM on Fri, Jul 31","10:45 PM on Fri, Jul 31",,True,False,,high,,1908.0
google_flights,2026-09-26,Sat,2026-10-18,Sun,21,ORY,CUZ,1653.0,70,0,1723.0,€1653,"Iberia, LATAM",Madrid (MAD) → Madrid (MAD) / São Paulo (GRU),1130,18h50,2,"10:10 AM on Sat, Sep 26","10:00 PM on Sat, Sep 26",,True,False,,typical,,1908.0
google_flights,2026-10-16,Fri,2026-11-07,Sat,21,ORY,CUZ,1653.0,70,0,1723.0,€1653,"Iberia, LATAM",Madrid (MAD) → Madrid (MAD) / São Paulo (GRU),1130,18h50,2,"10:10 AM on Fri, Oct 16","10:00 PM on Fri, Oct 16",,True,False,,,,1908.0
google_flights,2026-08-20,Thu,2026-09-13,Sun,23,CDG,CUZ,1384.0,60,0,1444.0,€1384,"Air Canada, Avianca",Montréal (YUL) / Toronto (YYZ) → Bogotá (BOG),1690,28h10,2,"2:10 PM on Thu, Aug 20","11:20 AM on Fri, Aug 21",+1,True,False,,,,1909.0
google_flights,2026-08-08,Sat,2026-08-29,Sat,20,ORY,LIM,1772.0,70,0,1842.0,€1772,Air Europa,Madrid (MAD),1095,18h15,1,"5:10 PM on Sat, Aug 8","4:25 AM on Sun, Aug 9",+1,True,False,,high,,1909.5
google_flights,2026-10-17,Sat,2026-11-09,Mon,22,BRU,AQP,1554.0,100,0,1654.0,€1554,"Iberia, LATAM",Madrid (MAD) → Madrid (MAD) / São Paulo (GRU),1275,21h15,2,"7:45 PM on Sat, Oct 17","10:00 AM on Sun, Oct 18",+1,True,False,,,,1911.5
google_flights,2026-09-25,Fri,2026-10-17,Sat,21,AMS,CUZ,1422.0,150,0,1572.0,€1422,LATAM,Madrid (MAD) / São Paulo (GRU),1440,24h,2,"1:10 PM on Fri, Sep 25","6:10 AM on Sat, Sep 26",+1,True,False,,,,1912.0
google_flights,2026-09-11,Fri,2026-10-05,Mon,23,AMS,CUZ,1510.0,150,0,1660.0,€1510,"Iberia, LATAM",Madrid (MAD) → Madrid (MAD) / São Paulo (GRU),1265,21h05,2,"7:25 PM on Fri, Sep 11","9:30 AM on Sat, Sep 12",+1,True,False,,typical,,1912.5
google_flights,2026-09-19,Sat,2026-10-10,Sat,20,AMS,CUZ,1495.0,150,0,1645.0,€1495,"Iberia, LATAM",Madrid (MAD) → Madrid (MAD) / São Paulo (GRU),1295,21h35,2,"7:25 PM on Sat, Sep 19","10:00 AM on Sun, Sep 20",+1,True,False,,typical,,1912.5
google_flights,2026-09-19,Sat,2026-10-12,Mon,22,AMS,CUZ,1495.0,150,0,1645.0,€1495,"Iberia, LATAM",Madrid (MAD) → Madrid (MAD) / São Paulo (GRU),1295,21h35,2,"7:25 PM on Sat, Sep 19","10:00 AM on Sun, Sep 20",+1,True,False,,typical,,1912.5
google_flights,2026-10-02,Fri,2026-10-26,Mon,23,BRU,CUZ,1255.0,100,0,1355.0,€1255,"Brussels Airlines, Air Canada, Avianca",Bruxelles (BRU) → Montréal (YUL) / Toronto (YYZ) → Bogotá (BOG),1675,27h55,3,"2:25 PM on Fri, Oct 2","11:20 AM on Sat, Oct 3",+1,True,False,,,,1912.5
google_flights,2026-09-10,Thu,2026-10-05,Mon,24,ORY,AQP,1595.0,70,0,1665.0,€1595,"Iberia, LATAM",Madrid (MAD) → Madrid (MAD) / São Paulo (GRU),1255,20h55,2,"8:55 PM on Thu, Sep 10","10:50 AM on Fri, Sep 11",+1,True,False,,typical,,1912.5
google_flights,2026-08-20,Thu,2026-09-12,Sat,22,CDG,AQP,1571.0,60,0,1631.0,€1571,"Iberia, LATAM",Madrid (MAD) → Madrid (MAD) / São Paulo (GRU),1325,22h05,2,"6:55 PM on Thu, Aug 20","10:00 AM on Fri, Aug 21",+1,True,False,,typical,,1913.5
google_flights,2026-08-27,Thu,2026-09-19,Sat,22,CDG,AQP,1571.0,60,0,1631.0,€1571,"Iberia, LATAM",Madrid (MAD) → Madrid (MAD) / São Paulo (GRU),1325,22h05,2,"6:55 PM on Thu, Aug 27","10:00 AM on Fri, Aug 28",+1,True,False,,typical,,1913.5
google_flights,2026-09-26,Sat,2026-10-18,Sun,21,BRU,AQP,1556.0,100,0,1656.0,€1556,"Iberia, LATAM",Madrid (MAD) → Madrid (MAD) / São Paulo (GRU),1275,21h15,2,"7:45 PM on Sat, Sep 26","10:00 AM on Sun, Sep 27",+1,True,False,,,,1913.5
google_flights,2026-10-10,Sat,2026-11-01,Sun,21,CDG,AQP,1571.0,60,0,1631.0,€1571,"Iberia, LATAM",Madrid (MAD) → Madrid (MAD) / São Paulo (GRU),1325,22h05,2,"6:55 PM on Sat, Oct 10","10:00 AM on Sun, Oct 11",+1,True,False,,typical,,1913.5
google_flights,2026-08-22,Sat,2026-09-14,Mon,22,AMS,AQP,1709.0,150,0,1859.0,€1709,"KLM, LATAM",Amsterdam (AMS) → Madrid (MAD) / São Paulo (GRU),1070,17h50,1,"9:55 AM on Sat, Aug 22","8:45 PM on Sat, Aug 22",,True,False,,typical,,1914.0
google_flights,2026-10-02,Fri,2026-10-25,Sun,22,BRU,CUZ,1489.0,100,0,1589.0,€1489,"Air Europa, Sky Airline",Madrid (MAD),1410,23h30,2,"6:55 PM on Fri, Oct 2","11:25 AM on Sat, Oct 3",+1,True,False,,,,1914.0
google_flights,2026-10-09,Fri,2026-11-01,Sun,22,AMS,AQP,1452.0,150,0,1602.0,€1452,"Air Europa, Sky Airline",Madrid (MAD),1385,23h05,2,"7:00 PM on Fri, Oct 9","11:05 AM on Sat, Oct 10",+1,True,False,,typical,,1914.5
google_flights,2026-08-01,Sat,2026-08-22,Sat,20,AMS,LIM,1766.0,150,0,1916.0,€1766,KLM,Amsterdam (AMS),750,12h30,0,"9:55 AM on Sat, Aug 1","3:25 PM on Sat, Aug 1",,True,False,,high,,1916.0
google_flights,2026-08-22,Sat,2026-09-12,Sat,20,CDG,AQP,1571.0,60,0,1631.0,€1571,"Iberia, LATAM",Madrid (MAD) → Madrid (MAD) / São Paulo (GRU),1330,22h10,2,"6:50 PM on Sat, Aug 22","10:00 AM on Sun, Aug 23",+1,True,False,,typical,,1916.0
google_flights,2026-08-29,Sat,2026-09-20,Sun,21,CDG,AQP,1571.0,60,0,1631.0,€1571,"Iberia, LATAM",Madrid (MAD) → Madrid (MAD) / São Paulo (GRU),1330,22h10,2,"6:50 PM on Sat, Aug 29","10:00 AM on Sun, Aug 30",+1,True,False,,typical,,1916.0
google_flights,2026-09-26,Sat,2026-10-18,Sun,21,CDG,AQP,1571.0,60,0,1631.0,€1571,"Iberia, LATAM",Madrid (MAD) → Madrid (MAD) / São Paulo (GRU),1330,22h10,2,"6:50 PM on Sat, Sep 26","10:00 AM on Sun, Sep 27",+1,True,False,,,,1916.0
google_flights,2026-09-26,Sat,2026-10-19,Mon,22,CDG,AQP,1571.0,60,0,1631.0,€1571,"Iberia, LATAM",Madrid (MAD) → Madrid (MAD) / São Paulo (GRU),1330,22h10,2,"6:50 PM on Sat, Sep 26","10:00 AM on Sun, Sep 27",+1,True,False,,typical,,1916.0
google_flights,2026-10-01,Thu,2026-10-25,Sun,23,ORY,AQP,1546.0,70,0,1616.0,€1546,"Air Europa, Sky Airline",Madrid (MAD),1360,22h40,2,"7:25 PM on Thu, Oct 1","11:05 AM on Fri, Oct 2",+1,True,False,,,,1916.0
google_flights,2026-10-01,Thu,2026-10-26,Mon,24,ORY,AQP,1546.0,70,0,1616.0,€1546,"Air Europa, Sky Airline",Madrid (MAD),1360,22h40,2,"7:25 PM on Thu, Oct 1","11:05 AM on Fri, Oct 2",+1,True,False,,,,1916.0
google_flights,2026-10-02,Fri,2026-10-25,Sun,22,ORY,AQP,1546.0,70,0,1616.0,€1546,"Air Europa, Sky Airline",Madrid (MAD),1360,22h40,2,"7:25 PM on Fri, Oct 2","11:05 AM on Sat, Oct 3",+1,True,False,,,,1916.0
google_flights,2026-10-02,Fri,2026-10-26,Mon,23,ORY,AQP,1546.0,70,0,1616.0,€1546,"Air Europa, Sky Airline",Madrid (MAD),1360,22h40,2,"7:25 PM on Fri, Oct 2","11:05 AM on Sat, Oct 3",+1,True,False,,typical,,1916.0
google_flights,2026-08-29,Sat,2026-09-21,Mon,22,CDG,AQP,1571.0,60,0,1631.0,€1571,"Iberia, LATAM",Madrid (MAD) → Madrid (MAD) / São Paulo (GRU),1330,22h10,2,"6:50 PM on Sat, Aug 29","10:00 AM on Sun, Aug 30",+1,True,False,,typical,,1916.0
google_flights,2026-10-22,Thu,2026-11-14,Sat,22,CDG,AQP,1496.0,60,0,1556.0,€1496,LATAM,Madrid (MAD) / São Paulo (GRU),1485,24h45,2,"1:00 PM on Thu, Oct 22","6:45 AM on Fri, Oct 23",+1,True,False,,,,1918.5
google_flights,2026-08-13,Thu,2026-09-07,Mon,24,AMS,AQP,1735.0,150,0,1885.0,€1735,"KLM, LATAM",Amsterdam (AMS) → Madrid (MAD) / São Paulo (GRU),1030,17h10,1,"9:55 AM on Thu, Aug 13","8:05 PM on Thu, Aug 13",,True,False,,typical,,1920.0
google_flights,2026-08-22,Sat,2026-09-14,Mon,22,AMS,CUZ,1500.0,150,0,1650.0,€1500,"Iberia, LATAM",Madrid (MAD) → Madrid (MAD) / São Paulo (GRU),1300,21h40,2,"7:20 AM on Sat, Aug 22","10:00 PM on Sat, Aug 22",,True,False,,typical,,1920.0
google_flights,2026-09-18,Fri,2026-10-11,Sun,22,BRU,AQP,1538.0,100,0,1638.0,€1538,"Iberia, LATAM",Madrid (MAD) → Madrid (MAD) / São Paulo (GRU),1325,22h05,2,"7:45 PM on Fri, Sep 18","10:50 AM on Sat, Sep 19",+1,True,False,,,,1920.5
google_flights,2026-09-17,Thu,2026-10-12,Mon,24,CDG,AQP,1441.0,60,0,1501.0,€1441,"Iberia, LATAM",Madrid (MAD) → Madrid (MAD) / São Paulo (GRU),1600,26h40,2,"2:20 PM on Thu, Sep 17","10:00 AM on Fri, Sep 18",+1,True,False,,,,1921.0
google_flights,2026-09-18,Fri,2026-10-12,Mon,23,BRU,AQP,1539.0,100,0,1639.0,€1539,"Iberia, LATAM",Madrid (MAD) → Madrid (MAD) / São Paulo (GRU),1325,22h05,2,"7:45 PM on Fri, Sep 18","10:50 AM on Sat, Sep 19",+1,True,False,,typical,,1921.5
google_flights,2026-09-19,Sat,2026-10-10,Sat,20,BRU,AQP,1539.0,100,0,1639.0,€1539,"Iberia, LATAM",Madrid (MAD) → Madrid (MAD) / São Paulo (GRU),1325,22h05,2,"7:45 PM on Sat, Sep 19","10:50 AM on Sun, Sep 20",+1,True,False,,typical,,1921.5
google_flights,2026-09-24,Thu,2026-10-19,Mon,24,BRU,AQP,1539.0,100,0,1639.0,€1539,"Iberia, LATAM",Madrid (MAD) → Madrid (MAD) / São Paulo (GRU),1325,22h05,2,"7:45 PM on Thu, Sep 24","10:50 AM on Fri, Sep 25",+1,False,False,,,,1921.5
google_flights,2026-08-07,Fri,2026-08-29,Sat,21,ORY,LIM,1852.0,70,0,1922.0,€1852,Air Europa,Madrid (MAD),960,16h,1,"7:25 PM on Fri, Aug 7","4:25 AM on Sat, Aug 8",+1,True,False,,high,,1922.0
google_flights,2026-08-28,Fri,2026-09-19,Sat,21,AMS,CUZ,1551.0,150,0,1701.0,€1551,"Air Europa, Sky Airline",Madrid (MAD),1205,20h05,2,"7:00 PM on Fri, Aug 28","8:05 AM on Sat, Aug 29",+1,True,False,,typical,,1923.5
google_flights,2026-09-03,Thu,2026-09-27,Sun,23,AMS,CUZ,1551.0,150,0,1701.0,€1551,"Air Europa, Sky Airline",Madrid (MAD),1205,20h05,2,"7:00 PM on Thu, Sep 3","8:05 AM on Fri, Sep 4",+1,True,False,,high,,1923.5
google_flights,2026-09-04,Fri,2026-09-27,Sun,22,AMS,CUZ,1551.0,150,0,1701.0,€1551,"Air Europa, Sky Airline",Madrid (MAD),1205,20h05,2,"7:00 PM on Fri, Sep 4","8:05 AM on Sat, Sep 5",+1,True,False,,high,,1923.5
google_flights,2026-09-05,Sat,2026-09-27,Sun,21,AMS,CUZ,1551.0,150,0,1701.0,€1551,"Air Europa, Sky Airline",Madrid (MAD),1205,20h05,2,"7:00 PM on Sat, Sep 5","8:05 AM on Sun, Sep 6",+1,True,False,,high,,1923.5
google_flights,2026-09-24,Thu,2026-10-17,Sat,22,AMS,CUZ,1446.0,150,0,1596.0,€1446,"Air Europa, Sky Airline",Madrid (MAD),1415,23h35,2,"7:00 PM on Thu, Sep 24","11:35 AM on Fri, Sep 25",+1,False,False,,,,1923.5
google_flights,2026-10-24,Sat,2026-11-14,Sat,20,ORY,AQP,1486.0,70,0,1556.0,€1486,"Air Europa, Sky Airline",Madrid (MAD),1495,24h55,2,"5:10 PM on Sat, Oct 24","11:05 AM on Sun, Oct 25",+1,True,False,,,,1923.5
google_flights,2026-10-24,Sat,2026-11-14,Sat,20,AMS,AQP,1416.0,150,0,1566.0,€1416,LATAM,Madrid (MAD) / São Paulo (GRU),1475,24h35,2,"1:10 PM on Sat, Oct 24","6:45 AM on Sun, Oct 25",+1,True,False,,,,1923.5
google_flights,2026-10-03,Sat,2026-10-26,Mon,22,ORY,CUZ,1544.0,70,0,1614.0,€1544,"Air Europa, Sky Airline",Madrid (MAD),1380,23h,2,"7:25 PM on Sat, Oct 3","11:25 AM on Sun, Oct 4",+1,True,False,,,,1924.0
google_flights,2026-10-08,Thu,2026-11-01,Sun,23,AMS,AQP,1774.0,150,0,1924.0,€1774,"KLM, LATAM",Amsterdam (AMS) → Madrid (MAD) / São Paulo (GRU),950,15h50,1,"9:55 AM on Thu, Oct 8","6:45 PM on Thu, Oct 8",,True,False,,typical,,1924.0
google_flights,2026-10-24,Sat,2026-11-16,Mon,22,AMS,AQP,1774.0,150,0,1924.0,€1774,"KLM, LATAM",Amsterdam (AMS) → Madrid (MAD) / São Paulo (GRU),950,15h50,1,"9:55 AM on Sat, Oct 24","6:45 PM on Sat, Oct 24",,True,False,,low,,1924.0
google_flights,2026-10-01,Thu,2026-10-25,Sun,23,BRU,CUZ,1472.0,100,0,1572.0,€1472,LATAM,Madrid (MAD) / São Paulo (GRU),1465,24h25,2,"1:10 PM on Thu, Oct 1","6:35 AM on Fri, Oct 2",+1,True,False,,,,1924.5
google_flights,2026-07-31,Fri,2026-08-24,Mon,23,BRU,LIM,1824.0,100,0,1924.0,€1824,KLM,Amsterdam (AMS),965,16h05,1,"6:20 AM on Fri, Jul 31","3:25 PM on Fri, Jul 31",,True,False,,typical,,1926.5
google_flights,2026-07-17,Fri,2026-08-08,Sat,21,ORY,LIM,1857.0,70,0,1927.0,€1857,Air Europa,Madrid (MAD),960,16h,1,"7:25 PM on Fri, Jul 17","4:25 AM on Sat, Jul 18",+1,True,False,,high,,1927.0
google_flights,2026-07-23,Thu,2026-08-15,Sat,22,ORY,LIM,1857.0,70,0,1927.0,€1857,Air Europa,Madrid (MAD),960,16h,1,"7:25 PM on Thu, Jul 23","4:25 AM on Fri, Jul 24",+1,True,False,,high,,1927.0
google_flights,2026-07-23,Thu,2026-08-16,Sun,23,ORY,LIM,1857.0,70,0,1927.0,€1857,Air Europa,Madrid (MAD),960,16h,1,"7:25 PM on Thu, Jul 23","4:25 AM on Fri, Jul 24",+1,True,False,,high,,1927.0
google_flights,2026-07-23,Thu,2026-08-17,Mon,24,ORY,LIM,1857.0,70,0,1927.0,€1857,Air Europa,Madrid (MAD),960,16h,1,"7:25 PM on Thu, Jul 23","4:25 AM on Fri, Jul 24",+1,True,False,,high,,1927.0
google_flights,2026-07-24,Fri,2026-08-15,Sat,21,ORY,LIM,1857.0,70,0,1927.0,€1857,Air Europa,Madrid (MAD),960,16h,1,"7:25 PM on Fri, Jul 24","4:25 AM on Sat, Jul 25",+1,True,False,,high,,1927.0
google_flights,2026-07-24,Fri,2026-08-16,Sun,22,ORY,LIM,1857.0,70,0,1927.0,€1857,Air Europa,Madrid (MAD),960,16h,1,"7:25 PM on Fri, Jul 24","4:25 AM on Sat, Jul 25",+1,True,False,,high,,1927.0
google_flights,2026-07-30,Thu,2026-08-23,Sun,23,AMS,LIM,1777.0,150,0,1927.0,€1777,KLM,Amsterdam (AMS),750,12h30,0,"9:55 AM on Thu, Jul 30","3:25 PM on Thu, Jul 30",,True,False,,high,,1927.0
google_flights,2026-08-21,Fri,2026-09-13,Sun,22,CDG,AQP,1505.0,60,0,1565.0,€1505,LATAM,Madrid (MAD) / São Paulo (GRU),1485,24h45,2,"1:00 PM on Fri, Aug 21","6:45 AM on Sat, Aug 22",+1,True,False,,,,1927.5
google_flights,2026-08-20,Thu,2026-09-13,Sun,23,AMS,CUZ,1556.0,150,0,1706.0,€1556,"Air Europa, Sky Airline",Madrid (MAD),1205,20h05,2,"7:00 PM on Thu, Aug 20","8:05 AM on Fri, Aug 21",+1,True,False,,typical,,1928.5
google_flights,2026-08-21,Fri,2026-09-12,Sat,21,AMS,CUZ,1556.0,150,0,1706.0,€1556,"Air Europa, Sky Airline",Madrid (MAD),1205,20h05,2,"7:00 PM on Fri, Aug 21","8:05 AM on Sat, Aug 22",+1,True,False,,typical,,1928.5
google_flights,2026-07-30,Thu,2026-08-24,Mon,24,AMS,LIM,1779.0,150,0,1929.0,€1779,"KLM, Air France",Amsterdam (AMS) → Paris (CDG),915,15h15,1,"7:25 AM on Thu, Jul 30","3:40 PM on Thu, Jul 30",,True,False,,high,,1929.0
google_flights,2026-08-27,Thu,2026-09-21,Mon,24,AMS,CUZ,1510.0,150,0,1660.0,€1510,"Iberia, LATAM",Madrid (MAD) → Madrid (MAD) / São Paulo (GRU),1300,21h40,2,"7:20 AM on Thu, Aug 27","10:00 PM on Thu, Aug 27",,True,False,,typical,,1930.0
google_flights,2026-09-10,Thu,2026-10-05,Mon,24,AMS,CUZ,1510.0,150,0,1660.0,€1510,"Iberia, LATAM",Madrid (MAD) → Madrid (MAD) / São Paulo (GRU),1300,21h40,2,"7:20 AM on Thu, Sep 10","10:00 PM on Thu, Sep 10",,True,False,,typical,,1930.0
google_flights,2026-08-22,Sat,2026-09-12,Sat,20,BRU,CUZ,1553.0,100,0,1653.0,€1553,"Iberia, LATAM",Madrid (MAD) → Madrid (MAD) / São Paulo (GRU),1315,21h55,2,"7:05 AM on Sat, Aug 22","10:00 PM on Sat, Aug 22",,True,False,,typical,,1930.5
google_flights,2026-08-22,Sat,2026-09-13,Sun,21,BRU,AQP,1571.0,100,0,1671.0,€1571,"Iberia, LATAM",Madrid (MAD) → Madrid (MAD) / São Paulo (GRU),1280,21h20,2,"7:40 PM on Sat, Aug 22","10:00 AM on Sun, Aug 23",+1,True,False,,,,1931.0
google_flights,2026-08-27,Thu,2026-09-21,Mon,24,AMS,AQP,1447.0,150,0,1597.0,€1447,"Air Europa, Sky Airline",Madrid (MAD),1430,23h50,2,"7:00 PM on Thu, Aug 27","11:50 AM on Fri, Aug 28",+1,True,False,,typical,,1932.0
google_flights,2026-09-17,Thu,2026-10-12,Mon,24,CDG,AQP,1591.0,60,0,1651.0,€1591,"Iberia, LATAM",Madrid (MAD) → Madrid (MAD) / São Paulo (GRU),1325,22h05,2,"6:55 PM on Thu, Sep 17","10:00 AM on Fri, Sep 18",+1,True,False,,,,1933.5
google_flights,2026-10-02,Fri,2026-10-26,Mon,23,BRU,CUZ,1571.0,100,0,1671.0,€1571,"Brussels Airlines, Avianca",Bruxelles (BRU) → Bogotá (BOG),1285,21h25,2,"8:55 PM on Fri, Oct 2","11:20 AM on Sat, Oct 3",+1,False,False,,,,1933.5
google_flights,2026-10-15,Thu,2026-11-08,Sun,23,CDG,AQP,1591.0,60,0,1651.0,€1591,"Iberia, LATAM",Madrid (MAD) → Madrid (MAD) / São Paulo (GRU),1325,22h05,2,"6:55 PM on Thu, Oct 15","10:00 AM on Fri, Oct 16",+1,True,False,,typical,,1933.5
google_flights,2026-09-18,Fri,2026-10-12,Mon,23,CDG,AQP,1591.0,60,0,1651.0,€1591,"Iberia, LATAM",Madrid (MAD) → Madrid (MAD) / São Paulo (GRU),1325,22h05,2,"6:55 PM on Fri, Sep 18","10:00 AM on Sat, Sep 19",+1,True,False,,typical,,1933.5
google_flights,2026-08-15,Sat,2026-09-06,Sun,21,BRU,CUZ,1609.0,100,0,1709.0,€1609,"Air Europa, Sky Airline",Madrid (MAD),1210,20h10,2,"6:55 PM on Sat, Aug 15","8:05 AM on Sun, Aug 16",+1,True,False,,,,1934.0
google_flights,2026-08-29,Sat,2026-09-19,Sat,20,AMS,AQP,1729.0,150,0,1879.0,€1729,"KLM, LATAM",Amsterdam (AMS) → Madrid (MAD) / São Paulo (GRU),1070,17h50,1,"9:55 AM on Sat, Aug 29","8:45 PM on Sat, Aug 29",,True,False,,typical,,1934.0
google_flights,2026-08-29,Sat,2026-09-20,Sun,21,AMS,AQP,1729.0,150,0,1879.0,€1729,"KLM, LATAM",Amsterdam (AMS) → Madrid (MAD) / São Paulo (GRU),1070,17h50,1,"9:55 AM on Sat, Aug 29","8:45 PM on Sat, Aug 29",,True,False,,typical,,1934.0
google_flights,2026-08-22,Sat,2026-09-12,Sat,20,CDG,CUZ,1590.0,60,0,1650.0,€1590,"Iberia, LATAM",Madrid (MAD) → Madrid (MAD) / São Paulo (GRU),1330,22h10,2,"6:50 AM on Sat, Aug 22","10:00 PM on Sat, Aug 22",,True,False,,typical,,1935.0
google_flights,2026-08-29,Sat,2026-09-19,Sat,20,CDG,CUZ,1590.0,60,0,1650.0,€1590,"Iberia, LATAM",Madrid (MAD) → Madrid (MAD) / São Paulo (GRU),1330,22h10,2,"6:50 AM on Sat, Aug 29","10:00 PM on Sat, Aug 29",,True,False,,typical,,1935.0
google_flights,2026-10-08,Thu,2026-11-01,Sun,23,CDG,CUZ,1590.0,60,0,1650.0,€1590,"Iberia, LATAM",Madrid (MAD) → Madrid (MAD) / São Paulo (GRU),1330,22h10,2,"6:50 AM on Thu, Oct 8","10:00 PM on Thu, Oct 8",,True,False,,typical,,1935.0
google_flights,2026-10-15,Thu,2026-11-08,Sun,23,CDG,CUZ,1590.0,60,0,1650.0,€1590,"Iberia, LATAM",Madrid (MAD) → Madrid (MAD) / São Paulo (GRU),1330,22h10,2,"6:50 AM on Thu, Oct 15","10:00 PM on Thu, Oct 15",,True,False,,high,,1935.0
google_flights,2026-07-31,Fri,2026-08-22,Sat,21,AMS,LIM,1787.0,150,0,1937.0,€1787,KLM,Amsterdam (AMS),750,12h30,0,"9:55 AM on Fri, Jul 31","3:25 PM on Fri, Jul 31",,True,False,,high,,1937.0
google_flights,2026-08-29,Sat,2026-09-19,Sat,20,AMS,AQP,1452.0,150,0,1602.0,€1452,"Air Europa, Sky Airline",Madrid (MAD),1430,23h50,2,"7:00 PM on Sat, Aug 29","11:50 AM on Sun, Aug 30",+1,True,False,,typical,,1937.0
google_flights,2026-08-20,Thu,2026-09-13,Sun,23,BRU,AQP,1500.0,100,0,1600.0,€1500,"Air Europa, Sky Airline",Madrid (MAD),1435,23h55,2,"6:55 PM on Thu, Aug 20","11:50 AM on Fri, Aug 21",+1,True,False,,,,1937.5
google_flights,2026-08-27,Thu,2026-09-21,Mon,24,BRU,CUZ,1613.0,100,0,1713.0,€1613,"Air Europa, Sky Airline",Madrid (MAD),1210,20h10,2,"6:55 PM on Thu, Aug 27","8:05 AM on Fri, Aug 28",+1,True,False,,typical,,1938.0
google_flights,2026-10-23,Fri,2026-11-14,Sat,21,BRU,AQP,1518.0,100,0,1618.0,€1518,"Brussels Airlines, LATAM",Bruxelles (BRU) → Madrid (MAD) / São Paulo (GRU),1400,23h20,2,"5:40 PM on Fri, Oct 23","10:00 AM on Sat, Oct 24",+1,True,False,,,,1938.0
google_flights,2026-08-21,Fri,2026-09-13,Sun,22,ORY,AQP,1546.0,70,0,1616.0,€1546,"Air Europa, Sky Airline",Madrid (MAD),1405,23h25,2,"7:25 PM on Fri, Aug 21","11:50 AM on Sat, Aug 22",+1,True,False,,,,1938.5
google_flights,2026-08-21,Fri,2026-09-14,Mon,23,ORY,AQP,1546.0,70,0,1616.0,€1546,"Air Europa, Sky Airline",Madrid (MAD),1405,23h25,2,"7:25 PM on Fri, Aug 21","11:50 AM on Sat, Aug 22",+1,True,False,,typical,,1938.5
google_flights,2026-09-04,Fri,2026-09-26,Sat,21,ORY,AQP,1546.0,70,0,1616.0,€1546,"Air Europa, Sky Airline",Madrid (MAD),1405,23h25,2,"7:25 PM on Fri, Sep 4","11:50 AM on Sat, Sep 5",+1,True,False,,typical,,1938.5
google_flights,2026-09-11,Fri,2026-10-03,Sat,21,ORY,AQP,1546.0,70,0,1616.0,€1546,"Air Europa, Sky Airline",Madrid (MAD),1405,23h25,2,"7:25 PM on Fri, Sep 11","11:50 AM on Sat, Sep 12",+1,True,False,,,,1938.5
google_flights,2026-09-18,Fri,2026-10-10,Sat,21,CDG,AQP,1571.0,60,0,1631.0,€1571,"Iberia, LATAM",Madrid (MAD) → Madrid (MAD) / São Paulo (GRU),1375,22h55,2,"6:55 PM on Fri, Sep 18","10:50 AM on Sat, Sep 19",+1,True,False,,typical,,1938.5
google_flights,2026-09-03,Thu,2026-09-26,Sat,22,ORY,CUZ,1404.0,70,0,1474.0,€1404,"Air Europa, Sky Airline",Madrid (MAD),1690,28h10,2,"10:55 AM on Thu, Sep 3","8:05 AM on Fri, Sep 4",+1,True,False,,typical,,1939.0
google_flights,2026-09-17,Thu,2026-10-11,Sun,23,AMS,CUZ,1767.0,150,0,1917.0,€1767,"KLM, LATAM",Amsterdam (AMS) → Madrid (MAD) / São Paulo (GRU),1005,16h45,1,"9:55 AM on Thu, Sep 17","7:40 PM on Thu, Sep 17",,True,False,,high,,1939.5
google_flights,2026-10-23,Fri,2026-11-16,Mon,23,AMS,CUZ,1767.0,150,0,1917.0,€1767,"KLM, LATAM",Amsterdam (AMS) → Madrid (MAD) / São Paulo (GRU),1005,16h45,1,"9:55 AM on Fri, Oct 23","7:40 PM on Fri, Oct 23",,True,False,,,,1939.5
google_flights,2026-10-24,Sat,2026-11-16,Mon,22,AMS,CUZ,1767.0,150,0,1917.0,€1767,"KLM, LATAM",Amsterdam (AMS) → Madrid (MAD) / São Paulo (GRU),1005,16h45,1,"9:55 AM on Sat, Oct 24","7:40 PM on Sat, Oct 24",,True,False,,high,,1939.5
google_flights,2026-08-13,Thu,2026-09-06,Sun,23,AMS,AQP,1755.0,150,0,1905.0,€1755,"KLM, LATAM",Amsterdam (AMS) → Madrid (MAD) / São Paulo (GRU),1030,17h10,1,"9:55 AM on Thu, Aug 13","8:05 PM on Thu, Aug 13",,True,False,,typical,,1940.0
google_flights,2026-08-01,Sat,2026-08-23,Sun,21,AMS,LIM,1792.0,150,0,1942.0,€1792,KLM,Amsterdam (AMS),750,12h30,0,"9:55 AM on Sat, Aug 1","3:25 PM on Sat, Aug 1",,True,False,,high,,1942.0
google_flights,2026-10-24,Sat,2026-11-15,Sun,21,AMS,AQP,1794.0,150,0,1944.0,€1794,"KLM, LATAM",Amsterdam (AMS) → Madrid (MAD) / São Paulo (GRU),950,15h50,1,"9:55 AM on Sat, Oct 24","6:45 PM on Sat, Oct 24",,True,False,,low,,1944.0
google_flights,2026-10-01,Thu,2026-10-26,Mon,24,AMS,AQP,1482.0,150,0,1632.0,€1482,"Air Europa, Sky Airline",Madrid (MAD),1385,23h05,2,"7:00 PM on Thu, Oct 1","11:05 AM on Fri, Oct 2",+1,True,False,,typical,,1944.5
google_flights,2026-10-08,Thu,2026-11-01,Sun,23,AMS,AQP,1482.0,150,0,1632.0,€1482,"Air Europa, Sky Airline",Madrid (MAD),1385,23h05,2,"7:00 PM on Thu, Oct 8","11:05 AM on Fri, Oct 9",+1,True,False,,typical,,1944.5
google_flights,2026-10-10,Sat,2026-11-02,Mon,22,AMS,AQP,1482.0,150,0,1632.0,€1482,"Air Europa, Sky Airline",Madrid (MAD),1385,23h05,2,"7:00 PM on Sat, Oct 10","11:05 AM on Sun, Oct 11",+1,True,False,,typical,,1944.5
google_flights,2026-10-16,Fri,2026-11-08,Sun,22,AMS,AQP,1482.0,150,0,1632.0,€1482,"Air Europa, Sky Airline",Madrid (MAD),1385,23h05,2,"7:00 PM on Fri, Oct 16","11:05 AM on Sat, Oct 17",+1,True,False,,typical,,1944.5
google_flights,2026-10-30,Fri,2026-11-22,Sun,22,CDG,CUZ,1635.0,60,0,1695.0,€1635,"Iberia, LATAM",Madrid (MAD) → Madrid (MAD) / São Paulo (GRU),1260,21h,2,"6:45 PM on Fri, Oct 30","9:45 AM on Sat, Oct 31",+1,True,False,,high,,1945.0
google_flights,2026-10-10,Sat,2026-11-01,Sun,21,AMS,AQP,1483.0,150,0,1633.0,€1483,"Air Europa, Sky Airline",Madrid (MAD),1385,23h05,2,"7:00 PM on Sat, Oct 10","11:05 AM on Sun, Oct 11",+1,True,False,,,,1945.5
google_flights,2026-10-15,Thu,2026-11-08,Sun,23,AMS,AQP,1483.0,150,0,1633.0,€1483,"Air Europa, Sky Airline",Madrid (MAD),1385,23h05,2,"7:00 PM on Thu, Oct 15","11:05 AM on Fri, Oct 16",+1,True,False,,typical,,1945.5
google_flights,2026-10-16,Fri,2026-11-08,Sun,22,ORY,AQP,1576.0,70,0,1646.0,€1576,"Air Europa, Sky Airline",Madrid (MAD),1360,22h40,2,"7:25 PM on Fri, Oct 16","11:05 AM on Sat, Oct 17",+1,True,False,,typical,,1946.0
google_flights,2026-10-15,Thu,2026-11-07,Sat,22,ORY,AQP,1655.0,70,0,1725.0,€1655,"Iberia, LATAM",Madrid (MAD) → Madrid (MAD) / São Paulo (GRU),1205,20h05,2,"8:55 PM on Thu, Oct 15","10:00 AM on Fri, Oct 16",+1,True,False,,typical,,1947.5
google_flights,2026-09-12,Sat,2026-10-04,Sun,21,AMS,CUZ,1707.0,150,0,1857.0,€1707,"KLM, LATAM",Amsterdam (AMS) → Madrid (MAD) / São Paulo (GRU),1145,19h05,1,"9:55 AM on Sat, Sep 12","10:00 PM on Sat, Sep 12",,True,False,,high,,1949.5
google_flights,2026-10-22,Thu,2026-11-16,Mon,24,AMS,CUZ,1747.0,150,0,1897.0,€1747,"KLM, LATAM",Amsterdam (AMS) → Madrid (MAD) / São Paulo (GRU),1065,17h45,1,"9:55 AM on Thu, Oct 22","8:40 PM on Thu, Oct 22",,True,False,,high,,1949.5
google_flights,2026-09-26,Sat,2026-10-17,Sat,20,BRU,AQP,1593.0,100,0,1693.0,€1593,"Iberia, LATAM",Madrid (MAD) → Madrid (MAD) / São Paulo (GRU),1275,21h15,2,"7:45 PM on Sat, Sep 26","10:00 AM on Sun, Sep 27",+1,True,False,,typical,,1950.5
google_flights,2026-07-30,Thu,2026-08-22,Sat,22,AMS,LIM,1789.0,150,0,1939.0,€1789,Air Europa,Madrid (MAD),985,16h25,1,"7:00 PM on Thu, Jul 30","4:25 AM on Fri, Jul 31",+1,True,False,,high,,1951.5
google_flights,2026-09-04,Fri,2026-09-27,Sun,22,BRU,AQP,1515.0,100,0,1615.0,€1515,"Air Europa, Sky Airline",Madrid (MAD),1435,23h55,2,"6:55 PM on Fri, Sep 4","11:50 AM on Sat, Sep 5",+1,True,False,,typical,,1952.5
google_flights,2026-09-03,Thu,2026-09-26,Sat,22,AMS,CUZ,1581.0,150,0,1731.0,€1581,"Air Europa, Sky Airline",Madrid (MAD),1205,20h05,2,"7:00 PM on Thu, Sep 3","8:05 AM on Fri, Sep 4",+1,True,False,,high,,1953.5
google_flights,2026-10-16,Fri,2026-11-09,Mon,23,CDG,CUZ,1606.0,60,0,1666.0,€1606,"Iberia, LATAM",Madrid (MAD) → Madrid (MAD) / São Paulo (GRU),1335,22h15,2,"6:45 AM on Fri, Oct 16","10:00 PM on Fri, Oct 16",,True,False,,,,1953.5
google_flights,2026-10-24,Sat,2026-11-15,Sun,21,ORY,AQP,1516.0,70,0,1586.0,€1516,"Air Europa, Sky Airline",Madrid (MAD),1495,24h55,2,"5:10 PM on Sat, Oct 24","11:05 AM on Sun, Oct 25",+1,True,False,,typical,,1953.5
google_flights,2026-10-16,Fri,2026-11-07,Sat,21,BRU,CUZ,1529.0,100,0,1629.0,€1529,"Air Europa, Sky Airline",Madrid (MAD),1410,23h30,2,"6:55 PM on Fri, Oct 16","11:25 AM on Sat, Oct 17",+1,True,False,,,,1954.0
google_flights,2026-08-20,Thu,2026-09-12,Sat,22,BRU,CUZ,1613.0,100,0,1713.0,€1613,"Iberia, LATAM",Madrid (MAD) → Madrid (MAD) / São Paulo (GRU),1245,20h45,2,"7:45 PM on Thu, Aug 20","9:30 AM on Fri, Aug 21",+1,True,False,,typical,,1955.5
google_flights,2026-09-03,Thu,2026-09-27,Sun,23,BRU,CUZ,1613.0,100,0,1713.0,€1613,"Iberia, LATAM",Madrid (MAD) → Madrid (MAD) / São Paulo (GRU),1245,20h45,2,"7:45 PM on Thu, Sep 3","9:30 AM on Fri, Sep 4",+1,True,False,,typical,,1955.5
google_flights,2026-09-18,Fri,2026-10-11,Sun,22,BRU,CUZ,1613.0,100,0,1713.0,€1613,"Iberia, LATAM",Madrid (MAD) → Madrid (MAD) / São Paulo (GRU),1245,20h45,2,"7:45 PM on Fri, Sep 18","9:30 AM on Sat, Sep 19",+1,True,False,,typical,,1955.5
google_flights,2026-09-18,Fri,2026-10-12,Mon,23,BRU,CUZ,1613.0,100,0,1713.0,€1613,"Iberia, LATAM",Madrid (MAD) → Madrid (MAD) / São Paulo (GRU),1245,20h45,2,"7:45 PM on Fri, Sep 18","9:30 AM on Sat, Sep 19",+1,False,False,,typical,,1955.5
google_flights,2026-09-24,Thu,2026-10-18,Sun,23,BRU,CUZ,1613.0,100,0,1713.0,€1613,"Iberia, LATAM",Madrid (MAD) → Madrid (MAD) / São Paulo (GRU),1245,20h45,2,"7:45 PM on Thu, Sep 24","9:30 AM on Fri, Sep 25",+1,True,False,,high,,1955.5
google_flights,2026-10-15,Thu,2026-11-08,Sun,23,BRU,CUZ,1613.0,100,0,1713.0,€1613,"Iberia, LATAM",Madrid (MAD) → Madrid (MAD) / São Paulo (GRU),1245,20h45,2,"7:45 PM on Thu, Oct 15","9:30 AM on Fri, Oct 16",+1,True,False,,typical,,1955.5
google_flights,2026-10-08,Thu,2026-10-31,Sat,22,ORY,AQP,1586.0,70,0,1656.0,€1586,"Air Europa, Sky Airline",Madrid (MAD),1360,22h40,2,"7:25 PM on Thu, Oct 8","11:05 AM on Fri, Oct 9",+1,True,False,,typical,,1956.0
google_flights,2026-10-31,Sat,2026-11-22,Sun,21,AMS,CUZ,1591.0,150,0,1741.0,€1591,"Iberia, LATAM",Madrid (MAD) → Madrid (MAD) / São Paulo (GRU),1190,19h50,2,"7:55 PM on Sat, Oct 31","9:45 AM on Sun, Nov 1",+1,True,False,,,,1956.0
google_flights,2026-10-10,Sat,2026-10-31,Sat,20,ORY,AQP,1586.0,70,0,1656.0,€1586,"Air Europa, Sky Airline",Madrid (MAD),1360,22h40,2,"7:25 PM on Sat, Oct 10","11:05 AM on Sun, Oct 11",+1,True,False,,typical,,1956.0
google_flights,2026-09-19,Sat,2026-10-10,Sat,20,AMS,CUZ,1555.0,150,0,1705.0,€1555,"Iberia, LATAM",Madrid (MAD) → Madrid (MAD) / São Paulo (GRU),1265,21h05,2,"7:25 PM on Sat, Sep 19","9:30 AM on Sun, Sep 20",+1,False,False,,typical,,1957.5
google_flights,2026-09-19,Sat,2026-10-12,Mon,22,AMS,CUZ,1555.0,150,0,1705.0,€1555,"Iberia, LATAM",Madrid (MAD) → Madrid (MAD) / São Paulo (GRU),1265,21h05,2,"7:25 PM on Sat, Sep 19","9:30 AM on Sun, Sep 20",+1,False,False,,typical,,1957.5
google_flights,2026-08-27,Thu,2026-09-20,Sun,23,AMS,AQP,1473.0,150,0,1623.0,€1473,"Air Europa, Sky Airline",Madrid (MAD),1430,23h50,2,"7:00 PM on Thu, Aug 27","11:50 AM on Fri, Aug 28",+1,True,False,,,,1958.0
google_flights,2026-08-28,Fri,2026-09-21,Mon,23,BRU,CUZ,1613.0,100,0,1713.0,€1613,"Iberia, LATAM",Madrid (MAD) → Madrid (MAD) / São Paulo (GRU),1250,20h50,2,"7:40 PM on Fri, Aug 28","9:30 AM on Sat, Aug 29",+1,True,False,,typical,,1958.0
google_flights,2026-08-29,Sat,2026-09-19,Sat,20,BRU,CUZ,1613.0,100,0,1713.0,€1613,"Iberia, LATAM",Madrid (MAD) → Madrid (MAD) / São Paulo (GRU),1250,20h50,2,"7:40 PM on Sat, Aug 29","9:30 AM on Sun, Aug 30",+1,True,False,,typical,,1958.0
google_flights,2026-08-29,Sat,2026-09-20,Sun,21,BRU,CUZ,1613.0,100,0,1713.0,€1613,"Iberia, LATAM",Madrid (MAD) → Madrid (MAD) / São Paulo (GRU),1250,20h50,2,"7:40 PM on Sat, Aug 29","9:30 AM on Sun, Aug 30",+1,True,False,,typical,,1958.0
google_flights,2026-09-11,Fri,2026-10-04,Sun,22,CDG,CUZ,1388.0,60,0,1448.0,€1388,"Air Canada, Avianca",Montréal (YUL) / Toronto (YYZ) → Bogotá (BOG),1780,29h40,2,"12:40 PM on Fri, Sep 11","11:20 AM on Sat, Sep 12",+1,True,False,,high,,1958.0
google_flights,2026-08-15,Sat,2026-09-05,Sat,20,BRU,CUZ,1634.0,100,0,1734.0,€1634,"Air Europa, Sky Airline",Madrid (MAD),1210,20h10,2,"6:55 PM on Sat, Aug 15","8:05 AM on Sun, Aug 16",+1,True,False,,,,1959.0
google_flights,2026-10-23,Fri,2026-11-15,Sun,22,BRU,AQP,1419.0,100,0,1519.0,€1419,"Vueling, Iberia, LATAM",Barcelone (BCN) → Madrid (MAD) → Madrid (MAD) / São Paulo (GRU),1640,27h20,2,"10:25 AM on Fri, Oct 23","6:45 AM on Sat, Oct 24",+1,True,False,,,,1959.0
google_flights,2026-08-15,Sat,2026-09-07,Mon,22,AMS,AQP,1755.0,150,0,1905.0,€1755,"KLM, LATAM",Amsterdam (AMS) → Madrid (MAD) / São Paulo (GRU),1070,17h50,1,"9:55 AM on Sat, Aug 15","8:45 PM on Sat, Aug 15",,True,False,,typical,,1960.0
google_flights,2026-08-08,Sat,2026-08-29,Sat,20,AMS,LIM,1799.0,150,0,1949.0,€1799,Air Europa,Madrid (MAD),985,16h25,1,"7:00 PM on Sat, Aug 8","4:25 AM on Sun, Aug 9",+1,True,False,,high,,1961.5
google_flights,2026-09-17,Thu,2026-10-12,Mon,24,ORY,AQP,1424.0,70,0,1494.0,€1424,"Iberia, LATAM",Madrid (MAD) → Madrid (MAD) / São Paulo (GRU),1695,28h15,2,"12:45 PM on Thu, Sep 17","10:00 AM on Fri, Sep 18",+1,True,False,,,,1961.5
google_flights,2026-08-22,Sat,2026-09-14,Mon,22,AMS,AQP,1477.0,150,0,1627.0,€1477,"Air Europa, Sky Airline",Madrid (MAD),1430,23h50,2,"7:00 PM on Sat, Aug 22","11:50 AM on Sun, Aug 23",+1,True,False,,typical,,1962.0
google_flights,2026-08-28,Fri,2026-09-19,Sat,21,AMS,AQP,1477.0,150,0,1627.0,€1477,"Air Europa, Sky Airline",Madrid (MAD),1430,23h50,2,"7:00 PM on Fri, Aug 28","11:50 AM on Sat, Aug 29",+1,True,False,,typical,,1962.0
google_flights,2026-10-22,Thu,2026-11-15,Sun,23,AMS,AQP,1332.0,150,0,1482.0,€1332,"SWISS, LATAM",Madrid (MAD) / São Paulo (GRU),1520,25h20,3,"8:05 PM on Thu, Oct 22","2:25 PM on Fri, Oct 23",+1,True,False,,,,1962.0
google_flights,2026-09-12,Sat,2026-10-03,Sat,20,BRU,AQP,1300.0,100,0,1400.0,€1300,"SWISS, Edelweiss Air, LATAM",Madrid (MAD) / São Paulo (GRU),1685,28h05,3,"9:40 AM on Sat, Sep 12","6:45 AM on Sun, Sep 13",+1,True,False,,,,1962.5
google_flights,2026-08-22,Sat,2026-09-13,Sun,21,AMS,AQP,1478.0,150,0,1628.0,€1478,"Air Europa, Sky Airline",Madrid (MAD),1430,23h50,2,"7:00 PM on Sat, Aug 22","11:50 AM on Sun, Aug 23",+1,True,False,,,,1963.0
google_flights,2026-09-05,Sat,2026-09-28,Mon,22,BRU,AQP,1603.0,100,0,1703.0,€1603,"Iberia, LATAM",Madrid (MAD) → Madrid (MAD) / São Paulo (GRU),1280,21h20,2,"7:40 PM on Sat, Sep 5","10:00 AM on Sun, Sep 6",+1,True,False,,typical,,1963.0
google_flights,2026-10-22,Thu,2026-11-14,Sat,22,BRU,AQP,1371.0,100,0,1471.0,€1371,"SWISS, LATAM",Madrid (MAD) / São Paulo (GRU),1545,25h45,3,"7:40 PM on Thu, Oct 22","2:25 PM on Fri, Oct 23",+1,True,False,,,,1963.5
google_flights,2026-08-01,Sat,2026-08-24,Mon,22,CDG,LIM,1904.0,60,0,1964.0,€1904,"Air France, KLM",Paris (CDG) → Amsterdam (AMS),915,15h15,1,"7:10 AM on Sat, Aug 1","3:25 PM on Sat, Aug 1",,True,False,,high,,1964.0
google_flights,2026-08-14,Fri,2026-09-05,Sat,21,AMS,AQP,1814.0,150,0,1964.0,€1814,"KLM, LATAM",Amsterdam (AMS) → Madrid (MAD) / São Paulo (GRU),950,15h50,1,"9:55 AM on Fri, Aug 14","6:45 PM on Fri, Aug 14",,True,False,,typical,,1964.0
google_flights,2026-10-09,Fri,2026-10-31,Sat,21,AMS,AQP,1503.0,150,0,1653.0,€1503,"Air Europa, Sky Airline",Madrid (MAD),1385,23h05,2,"7:00 PM on Fri, Oct 9","11:05 AM on Sat, Oct 10",+1,True,False,,,,1965.5
google_flights,2026-08-01,Sat,2026-08-24,Mon,22,AMS,LIM,1791.0,150,0,1941.0,€1791,"KLM, COPA",Amsterdam (AMS) → Panama (PTY),1010,16h50,1,"12:55 PM on Sat, Aug 1","10:45 PM on Sat, Aug 1",,True,False,,high,,1966.0
google_flights,2026-09-05,Sat,2026-09-26,Sat,20,ORY,AQP,1506.0,70,0,1576.0,€1506,"Air Europa, Sky Airline",Madrid (MAD),1540,25h40,2,"5:10 PM on Sat, Sep 5","11:50 AM on Sun, Sep 6",+1,True,False,,,,1966.0
google_flights,2026-09-11,Fri,2026-10-03,Sat,21,ORY,AQP,1506.0,70,0,1576.0,€1506,"Air Europa, Sky Airline",Madrid (MAD),1540,25h40,2,"5:10 PM on Fri, Sep 11","11:50 AM on Sat, Sep 12",+1,True,False,,,,1966.0
google_flights,2026-10-24,Sat,2026-11-16,Mon,22,BRU,AQP,1665.0,100,0,1765.0,€1665,"KLM, LATAM",Amsterdam (AMS) → Madrid (MAD) / São Paulo (GRU),1165,19h25,2,"6:20 AM on Sat, Oct 24","6:45 PM on Sat, Oct 24",,True,False,,,,1967.5
google_flights,2026-10-08,Thu,2026-11-01,Sun,23,BRU,CUZ,1613.0,100,0,1713.0,€1613,"Iberia, LATAM",Madrid (MAD) → Madrid (MAD) / São Paulo (GRU),1275,21h15,2,"7:45 PM on Thu, Oct 8","10:00 AM on Fri, Oct 9",+1,True,False,,high,,1970.5
google_flights,2026-10-22,Thu,2026-11-16,Mon,24,BRU,CUZ,1613.0,100,0,1713.0,€1613,"Iberia, LATAM",Madrid (MAD) → Madrid (MAD) / São Paulo (GRU),1275,21h15,2,"7:45 PM on Thu, Oct 22","10:00 AM on Fri, Oct 23",+1,True,False,,high,,1970.5
google_flights,2026-08-20,Thu,2026-09-12,Sat,22,BRU,AQP,1614.0,100,0,1714.0,€1614,"Iberia, LATAM",Madrid (MAD) → Madrid (MAD) / São Paulo (GRU),1275,21h15,2,"7:45 PM on Thu, Aug 20","10:00 AM on Fri, Aug 21",+1,True,False,,typical,,1971.5
google_flights,2026-08-27,Thu,2026-09-19,Sat,22,BRU,AQP,1614.0,100,0,1714.0,€1614,"Iberia, LATAM",Madrid (MAD) → Madrid (MAD) / São Paulo (GRU),1275,21h15,2,"7:45 PM on Thu, Aug 27","10:00 AM on Fri, Aug 28",+1,True,False,,typical,,1971.5
google_flights,2026-08-27,Thu,2026-09-20,Sun,23,BRU,AQP,1614.0,100,0,1714.0,€1614,"Iberia, LATAM",Madrid (MAD) → Madrid (MAD) / São Paulo (GRU),1275,21h15,2,"7:45 PM on Thu, Aug 27","10:00 AM on Fri, Aug 28",+1,True,False,,typical,,1971.5
google_flights,2026-10-15,Thu,2026-11-07,Sat,22,BRU,AQP,1614.0,100,0,1714.0,€1614,"Iberia, LATAM",Madrid (MAD) → Madrid (MAD) / São Paulo (GRU),1275,21h15,2,"7:45 PM on Thu, Oct 15","10:00 AM on Fri, Oct 16",+1,True,False,,,,1971.5
google_flights,2026-09-05,Sat,2026-09-28,Mon,22,BRU,CUZ,1613.0,100,0,1713.0,€1613,"Iberia, LATAM",Madrid (MAD) → Madrid (MAD) / São Paulo (GRU),1280,21h20,2,"7:40 PM on Sat, Sep 5","10:00 AM on Sun, Sep 6",+1,True,False,,high,,1973.0
google_flights,2026-09-19,Sat,2026-10-11,Sun,21,AMS,AQP,1556.0,150,0,1706.0,€1556,"Iberia, LATAM",Madrid (MAD) → Madrid (MAD) / São Paulo (GRU),1295,21h35,2,"7:25 PM on Sat, Sep 19","10:00 AM on Sun, Sep 20",+1,True,False,,typical,,1973.5
google_flights,2026-09-26,Sat,2026-10-18,Sun,21,AMS,CUZ,1496.0,150,0,1646.0,€1496,"Air Europa, Sky Airline",Madrid (MAD),1415,23h35,2,"7:00 PM on Sat, Sep 26","11:35 AM on Sun, Sep 27",+1,True,False,,,,1973.5
google_flights,2026-10-17,Sat,2026-11-09,Mon,22,AMS,AQP,1466.0,150,0,1616.0,€1466,LATAM,Madrid (MAD) / São Paulo (GRU),1475,24h35,2,"1:10 PM on Sat, Oct 17","6:45 AM on Sun, Oct 18",+1,True,False,,,,1973.5
google_flights,2026-07-18,Sat,2026-08-08,Sat,20,BRU,LIM,1872.0,100,0,1972.0,€1872,KLM,Amsterdam (AMS),965,16h05,1,"6:20 AM on Sat, Jul 18","3:25 PM on Sat, Jul 18",,True,False,,typical,,1974.5
google_flights,2026-08-13,Thu,2026-09-06,Sun,23,AMS,CUZ,1802.0,150,0,1952.0,€1802,"KLM, LATAM",Amsterdam (AMS) → Madrid (MAD) / São Paulo (GRU),1005,16h45,1,"9:55 AM on Thu, Aug 13","7:40 PM on Thu, Aug 13",,True,False,,typical,,1974.5
google_flights,2026-09-17,Thu,2026-10-11,Sun,23,AMS,AQP,1557.0,150,0,1707.0,€1557,"Iberia, LATAM",Madrid (MAD) → Madrid (MAD) / São Paulo (GRU),1295,21h35,2,"7:25 PM on Thu, Sep 17","10:00 AM on Fri, Sep 18",+1,True,False,,,,1974.5
google_flights,2026-07-31,Fri,2026-08-23,Sun,22,AMS,LIM,1825.0,150,0,1975.0,€1825,KLM,Amsterdam (AMS),750,12h30,0,"9:55 AM on Fri, Jul 31","3:25 PM on Fri, Jul 31",,True,False,,high,,1975.0
google_flights,2026-09-11,Fri,2026-10-05,Mon,23,BRU,CUZ,1598.0,100,0,1698.0,€1598,"Iberia, LATAM",Madrid (MAD) → Madrid (MAD) / São Paulo (GRU),1315,21h55,2,"7:05 AM on Fri, Sep 11","10:00 PM on Fri, Sep 11",,True,False,,high,,1975.5
google_flights,2026-09-05,Sat,2026-09-26,Sat,20,BRU,AQP,1540.0,100,0,1640.0,€1540,"Air Europa, Sky Airline",Madrid (MAD),1435,23h55,2,"6:55 PM on Sat, Sep 5","11:50 AM on Sun, Sep 6",+1,True,False,,typical,,1977.5
google_flights,2026-09-17,Thu,2026-10-11,Sun,23,ORY,AQP,1440.0,70,0,1510.0,€1440,"Iberia, LATAM",Madrid (MAD) → Madrid (MAD) / São Paulo (GRU),1695,28h15,2,"12:45 PM on Thu, Sep 17","10:00 AM on Fri, Sep 18",+1,True,False,,,,1977.5
google_flights,2026-09-24,Thu,2026-10-17,Sat,22,BRU,AQP,1540.0,100,0,1640.0,€1540,"Air Europa, Sky Airline",Madrid (MAD),1435,23h55,2,"6:55 PM on Thu, Sep 24","11:50 AM on Fri, Sep 25",+1,True,False,,,,1977.5
google_flights,2026-08-21,Fri,2026-09-12,Sat,21,ORY,AQP,1586.0,70,0,1656.0,€1586,"Air Europa, Sky Airline",Madrid (MAD),1405,23h25,2,"7:25 PM on Fri, Aug 21","11:50 AM on Sat, Aug 22",+1,True,False,,,,1978.5
google_flights,2026-09-05,Sat,2026-09-26,Sat,20,ORY,AQP,1586.0,70,0,1656.0,€1586,"Air Europa, Sky Airline",Madrid (MAD),1405,23h25,2,"7:25 PM on Sat, Sep 5","11:50 AM on Sun, Sep 6",+1,True,False,,,,1978.5
google_flights,2026-10-10,Sat,2026-11-02,Mon,22,AMS,AQP,1561.0,150,0,1711.0,€1561,"Iberia, LATAM",Madrid (MAD) → Madrid (MAD) / São Paulo (GRU),1295,21h35,2,"7:25 PM on Sat, Oct 10","10:00 AM on Sun, Oct 11",+1,True,False,,typical,,1978.5
google_flights,2026-09-03,Thu,2026-09-28,Mon,24,ORY,CUZ,1444.0,70,0,1514.0,€1444,"Air Europa, Sky Airline",Madrid (MAD),1690,28h10,2,"10:55 AM on Thu, Sep 3","8:05 AM on Fri, Sep 4",+1,True,False,,,,1979.0
google_flights,2026-10-16,Fri,2026-11-08,Sun,22,AMS,AQP,1794.0,150,0,1944.0,€1794,"KLM, LATAM",Amsterdam (AMS) → Madrid (MAD) / São Paulo (GRU),1030,17h10,1,"9:55 AM on Fri, Oct 16","8:05 PM on Fri, Oct 16",,True,False,,typical,,1979.0
google_flights,2026-10-23,Fri,2026-11-16,Mon,23,AMS,AQP,1774.0,150,0,1924.0,€1774,"KLM, LATAM",Amsterdam (AMS) → Madrid (MAD) / São Paulo (GRU),1070,17h50,1,"9:55 AM on Fri, Oct 23","8:45 PM on Fri, Oct 23",,True,False,,low,,1979.0
google_flights,2026-08-15,Sat,2026-09-06,Sun,21,AMS,AQP,1775.0,150,0,1925.0,€1775,"KLM, LATAM",Amsterdam (AMS) → Madrid (MAD) / São Paulo (GRU),1070,17h50,1,"9:55 AM on Sat, Aug 15","8:45 PM on Sat, Aug 15",,True,False,,typical,,1980.0
google_flights,2026-09-03,Thu,2026-09-28,Mon,24,AMS,CUZ,1560.0,150,0,1710.0,€1560,"Iberia, LATAM",Madrid (MAD) → Madrid (MAD) / São Paulo (GRU),1300,21h40,2,"7:20 AM on Thu, Sep 3","10:00 PM on Thu, Sep 3",,True,False,,high,,1980.0
google_flights,2026-09-26,Sat,2026-10-18,Sun,21,AMS,CUZ,1578.0,150,0,1728.0,€1578,"Iberia, LATAM",Madrid (MAD) → Madrid (MAD) / São Paulo (GRU),1265,21h05,2,"7:25 PM on Sat, Sep 26","9:30 AM on Sun, Sep 27",+1,False,False,,,,1980.5
google_flights,2026-10-09,Fri,2026-10-31,Sat,21,AMS,AQP,1456.0,150,0,1606.0,€1456,LATAM,Madrid (MAD) / São Paulo (GRU),1510,25h10,2,"1:10 PM on Fri, Oct 9","7:20 AM on Sat, Oct 10",+1,True,False,,,,1981.0
google_flights,2026-07-30,Thu,2026-08-24,Mon,24,ORY,LIM,1912.0,70,0,1982.0,€1912,Air Europa,Madrid (MAD),960,16h,1,"7:25 PM on Thu, Jul 30","4:25 AM on Fri, Jul 31",+1,True,False,,high,,1982.0
google_flights,2026-10-08,Thu,2026-11-02,Mon,24,CDG,CUZ,1655.0,60,0,1715.0,€1655,"Iberia, LATAM",Madrid (MAD) → Madrid (MAD) / São Paulo (GRU),1295,21h35,2,"6:55 PM on Thu, Oct 8","9:30 AM on Fri, Oct 9",+1,True,False,,high,,1982.5
google_flights,2026-10-15,Thu,2026-11-09,Mon,24,CDG,CUZ,1655.0,60,0,1715.0,€1655,"Iberia, LATAM",Madrid (MAD) → Madrid (MAD) / São Paulo (GRU),1295,21h35,2,"6:55 PM on Thu, Oct 15","9:30 AM on Fri, Oct 16",+1,True,False,,high,,1982.5
google_flights,2026-10-16,Fri,2026-11-08,Sun,22,ORY,AQP,1690.0,70,0,1760.0,€1690,"Iberia, LATAM",Madrid (MAD) → Madrid (MAD) / São Paulo (GRU),1205,20h05,2,"8:55 PM on Fri, Oct 16","10:00 AM on Sat, Oct 17",+1,True,False,,typical,,1982.5
google_flights,2026-10-17,Sat,2026-11-07,Sat,20,CDG,AQP,1641.0,60,0,1701.0,€1641,"Iberia, LATAM",Madrid (MAD) → Madrid (MAD) / São Paulo (GRU),1325,22h05,2,"6:55 PM on Sat, Oct 17","10:00 AM on Sun, Oct 18",+1,True,False,,,,1983.5
google_flights,2026-08-22,Sat,2026-09-12,Sat,20,CDG,CUZ,1655.0,60,0,1715.0,€1655,"Iberia, LATAM",Madrid (MAD) → Madrid (MAD) / São Paulo (GRU),1300,21h40,2,"6:50 PM on Sat, Aug 22","9:30 AM on Sun, Aug 23",+1,True,False,,typical,,1985.0
google_flights,2026-10-08,Thu,2026-11-01,Sun,23,CDG,AQP,1506.0,60,0,1566.0,€1506,"Iberia, LATAM",Madrid (MAD) → Madrid (MAD) / São Paulo (GRU),1600,26h40,2,"2:20 PM on Thu, Oct 8","10:00 AM on Fri, Oct 9",+1,True,False,,,,1986.0
google_flights,2026-08-27,Thu,2026-09-19,Sat,22,AMS,AQP,1502.0,150,0,1652.0,€1502,"Air Europa, Sky Airline",Madrid (MAD),1430,23h50,2,"7:00 PM on Thu, Aug 27","11:50 AM on Fri, Aug 28",+1,True,False,,typical,,1987.0
google_flights,2026-09-18,Fri,2026-10-10,Sat,21,AMS,CUZ,1787.0,150,0,1937.0,€1787,"KLM, LATAM",Amsterdam (AMS) → Madrid (MAD) / São Paulo (GRU),1065,17h45,1,"9:55 AM on Fri, Sep 18","8:40 PM on Fri, Sep 18",,True,False,,high,,1989.5
google_flights,2026-09-18,Fri,2026-10-11,Sun,22,AMS,CUZ,1787.0,150,0,1937.0,€1787,"KLM, LATAM",Amsterdam (AMS) → Madrid (MAD) / São Paulo (GRU),1065,17h45,1,"9:55 AM on Fri, Sep 18","8:40 PM on Fri, Sep 18",,True,False,,high,,1989.5
google_flights,2026-09-19,Sat,2026-10-11,Sun,21,ORY,AQP,1590.0,70,0,1660.0,€1590,"Iberia, LATAM",Madrid (MAD) → Madrid (MAD) / São Paulo (GRU),1420,23h40,2,"5:20 PM on Sat, Sep 19","10:00 AM on Sun, Sep 20",+1,True,False,,typical,,1990.0
google_flights,2026-09-19,Sat,2026-10-12,Mon,22,ORY,AQP,1590.0,70,0,1660.0,€1590,"Iberia, LATAM",Madrid (MAD) → Madrid (MAD) / São Paulo (GRU),1420,23h40,2,"5:20 PM on Sat, Sep 19","10:00 AM on Sun, Sep 20",+1,True,False,,typical,,1990.0
google_flights,2026-10-03,Sat,2026-10-25,Sun,21,AMS,AQP,1785.0,150,0,1935.0,€1785,"KLM, LATAM",Amsterdam (AMS) → Madrid (MAD) / São Paulo (GRU),1070,17h50,1,"9:55 AM on Sat, Oct 3","8:45 PM on Sat, Oct 3",,True,False,,,,1990.0
google_flights,2026-10-03,Sat,2026-10-25,Sun,21,AMS,AQP,1528.0,150,0,1678.0,€1528,"Air Europa, Sky Airline",Madrid (MAD),1385,23h05,2,"7:00 PM on Sat, Oct 3","11:05 AM on Sun, Oct 4",+1,True,False,,,,1990.5
google_flights,2026-08-20,Thu,2026-09-14,Mon,24,AMS,CUZ,1555.0,150,0,1705.0,€1555,"Iberia, LATAM",Madrid (MAD) → Madrid (MAD) / São Paulo (GRU),1335,22h15,2,"7:20 AM on Thu, Aug 20","10:35 PM on Thu, Aug 20",,True,False,,typical,,1992.5
google_flights,2026-10-23,Fri,2026-11-16,Mon,23,ORY,AQP,1700.0,70,0,1770.0,€1700,"Iberia, LATAM",Madrid (MAD) → Madrid (MAD) / São Paulo (GRU),1205,20h05,2,"8:55 PM on Fri, Oct 23","10:00 AM on Sat, Oct 24",+1,True,False,,typical,,1992.5
google_flights,2026-10-01,Thu,2026-10-24,Sat,22,ORY,CUZ,1738.0,70,0,1808.0,€1738,"Iberia, LATAM",Madrid (MAD) → Madrid (MAD) / São Paulo (GRU),1130,18h50,2,"10:10 AM on Thu, Oct 1","10:00 PM on Thu, Oct 1",,True,False,,high,,1993.0
google_flights,2026-10-01,Thu,2026-10-26,Mon,24,ORY,CUZ,1738.0,70,0,1808.0,€1738,"Iberia, LATAM",Madrid (MAD) → Madrid (MAD) / São Paulo (GRU),1130,18h50,2,"10:10 AM on Thu, Oct 1","10:00 PM on Thu, Oct 1",,True,False,,,,1993.0
google_flights,2026-10-16,Fri,2026-11-08,Sun,22,ORY,CUZ,1738.0,70,0,1808.0,€1738,"Iberia, LATAM",Madrid (MAD) → Madrid (MAD) / São Paulo (GRU),1130,18h50,2,"10:10 AM on Fri, Oct 16","10:00 PM on Fri, Oct 16",,True,False,,high,,1993.0
google_flights,2026-10-22,Thu,2026-11-14,Sat,22,ORY,CUZ,1738.0,70,0,1808.0,€1738,"Iberia, LATAM",Madrid (MAD) → Madrid (MAD) / São Paulo (GRU),1130,18h50,2,"10:10 AM on Thu, Oct 22","10:00 PM on Thu, Oct 22",,False,False,,,,1993.0
google_flights,2026-10-01,Thu,2026-10-25,Sun,23,ORY,CUZ,1738.0,70,0,1808.0,€1738,"Iberia, LATAM",Madrid (MAD) → Madrid (MAD) / São Paulo (GRU),1130,18h50,2,"10:10 AM on Thu, Oct 1","10:00 PM on Thu, Oct 1",,True,False,,typical,,1993.0
google_flights,2026-08-14,Fri,2026-09-05,Sat,21,CDG,AQP,1936.0,60,0,1996.0,€1936,"Air France, LATAM",Paris (CDG) → Madrid (MAD) / São Paulo (GRU),935,15h35,1,"10:10 AM on Fri, Aug 14","6:45 PM on Fri, Aug 14",,True,False,,,,1996.0
google_flights,2026-08-22,Sat,2026-09-12,Sat,20,CDG,AQP,1651.0,60,0,1711.0,€1651,"Iberia, LATAM",Madrid (MAD) → Madrid (MAD) / São Paulo (GRU),1330,22h10,2,"6:50 PM on Sat, Aug 22","10:00 AM on Sun, Aug 23",+1,True,False,,typical,,1996.0
google_flights,2026-08-29,Sat,2026-09-19,Sat,20,CDG,AQP,1651.0,60,0,1711.0,€1651,"Iberia, LATAM",Madrid (MAD) → Madrid (MAD) / São Paulo (GRU),1330,22h10,2,"6:50 PM on Sat, Aug 29","10:00 AM on Sun, Aug 30",+1,True,False,,typical,,1996.0
google_flights,2026-08-27,Thu,2026-09-21,Mon,24,BRU,AQP,1614.0,100,0,1714.0,€1614,"Iberia, LATAM",Madrid (MAD) → Madrid (MAD) / São Paulo (GRU),1325,22h05,2,"7:45 PM on Thu, Aug 27","10:50 AM on Fri, Aug 28",+1,True,False,,typical,,1996.5
google_flights,2026-09-24,Thu,2026-10-18,Sun,23,BRU,AQP,1614.0,100,0,1714.0,€1614,"Iberia, LATAM",Madrid (MAD) → Madrid (MAD) / São Paulo (GRU),1325,22h05,2,"7:45 PM on Thu, Sep 24","10:50 AM on Fri, Sep 25",+1,True,False,,typical,,1996.5
google_flights,2026-09-18,Fri,2026-10-10,Sat,21,BRU,AQP,1614.0,100,0,1714.0,€1614,"Iberia, LATAM",Madrid (MAD) → Madrid (MAD) / São Paulo (GRU),1325,22h05,2,"7:45 PM on Fri, Sep 18","10:50 AM on Sat, Sep 19",+1,True,False,,typical,,1996.5
google_flights,2026-10-08,Thu,2026-11-01,Sun,23,CDG,AQP,1655.0,60,0,1715.0,€1655,"Iberia, LATAM",Madrid (MAD) → Madrid (MAD) / São Paulo (GRU),1325,22h05,2,"6:55 PM on Thu, Oct 8","10:00 AM on Fri, Oct 9",+1,True,False,,,,1997.5
google_flights,2026-08-21,Fri,2026-09-14,Mon,23,CDG,AQP,1691.0,60,0,1751.0,€1691,"Iberia, LATAM",Madrid (MAD) → Madrid (MAD) / São Paulo (GRU),1255,20h55,2,"8:55 PM on Fri, Aug 21","10:50 AM on Sat, Aug 22",+1,True,False,,typical,,1998.5
google_flights,2026-09-24,Thu,2026-10-18,Sun,23,CDG,AQP,1656.0,60,0,1716.0,€1656,"Iberia, LATAM",Madrid (MAD) → Madrid (MAD) / São Paulo (GRU),1325,22h05,2,"6:55 PM on Thu, Sep 24","10:00 AM on Fri, Sep 25",+1,True,False,,typical,,1998.5
google_flights,2026-10-15,Thu,2026-11-07,Sat,22,CDG,AQP,1656.0,60,0,1716.0,€1656,"Iberia, LATAM",Madrid (MAD) → Madrid (MAD) / São Paulo (GRU),1325,22h05,2,"6:55 PM on Thu, Oct 15","10:00 AM on Fri, Oct 16",+1,True,False,,typical,,1998.5
google_flights,2026-08-28,Fri,2026-09-20,Sun,22,BRU,AQP,1614.0,100,0,1714.0,€1614,"Iberia, LATAM",Madrid (MAD) → Madrid (MAD) / São Paulo (GRU),1330,22h10,2,"7:40 PM on Fri, Aug 28","10:50 AM on Sat, Aug 29",+1,True,False,,typical,,1999.0
google_flights,2026-08-29,Sat,2026-09-20,Sun,21,CDG,CUZ,1654.0,60,0,1714.0,€1654,"Iberia, LATAM",Madrid (MAD) → Madrid (MAD) / São Paulo (GRU),1330,22h10,2,"6:50 AM on Sat, Aug 29","10:00 PM on Sat, Aug 29",,True,False,,,,1999.0
google_flights,2026-10-03,Sat,2026-10-24,Sat,20,AMS,AQP,1794.0,150,0,1944.0,€1794,"KLM, LATAM",Amsterdam (AMS) → Madrid (MAD) / São Paulo (GRU),1070,17h50,1,"9:55 AM on Sat, Oct 3","8:45 PM on Sat, Oct 3",,True,False,,,,1999.0
google_flights,2026-10-23,Fri,2026-11-14,Sat,21,AMS,AQP,1794.0,150,0,1944.0,€1794,"KLM, LATAM",Amsterdam (AMS) → Madrid (MAD) / São Paulo (GRU),1070,17h50,1,"9:55 AM on Fri, Oct 23","8:45 PM on Fri, Oct 23",,True,False,,low,,1999.0
google_flights,2026-10-23,Fri,2026-11-15,Sun,22,AMS,AQP,1794.0,150,0,1944.0,€1794,"KLM, LATAM",Amsterdam (AMS) → Madrid (MAD) / São Paulo (GRU),1070,17h50,1,"9:55 AM on Fri, Oct 23","8:45 PM on Fri, Oct 23",,True,False,,,,1999.0
google_flights,2026-10-01,Thu,2026-10-25,Sun,23,CDG,CUZ,1655.0,60,0,1715.0,€1655,"Iberia, LATAM",Madrid (MAD) → Madrid (MAD) / São Paulo (GRU),1330,22h10,2,"6:50 AM on Thu, Oct 1","10:00 PM on Thu, Oct 1",,True,False,,high,,2000.0
google_flights,2026-10-01,Thu,2026-10-26,Mon,24,CDG,CUZ,1655.0,60,0,1715.0,€1655,"Iberia, LATAM",Madrid (MAD) → Madrid (MAD) / São Paulo (GRU),1330,22h10,2,"6:50 AM on Thu, Oct 1","10:00 PM on Thu, Oct 1",,True,False,,typical,,2000.0
google_flights,2026-09-19,Sat,2026-10-10,Sat,20,CDG,AQP,1656.0,60,0,1716.0,€1656,"Iberia, LATAM",Madrid (MAD) → Madrid (MAD) / São Paulo (GRU),1330,22h10,2,"6:50 PM on Sat, Sep 19","10:00 AM on Sun, Sep 20",+1,True,False,,typical,,2001.0
google_flights,2026-10-03,Sat,2026-10-26,Mon,22,CDG,AQP,1656.0,60,0,1716.0,€1656,"Iberia, LATAM",Madrid (MAD) → Madrid (MAD) / São Paulo (GRU),1330,22h10,2,"6:50 PM on Sat, Oct 3","10:00 AM on Sun, Oct 4",+1,True,False,,typical,,2001.0
google_flights,2026-08-15,Sat,2026-09-07,Mon,22,ORY,CUZ,1654.0,70,0,1724.0,€1654,"Air Europa, Sky Airline",Madrid (MAD),1315,21h55,2,"5:10 PM on Sat, Aug 15","8:05 AM on Sun, Aug 16",+1,True,False,,typical,,2001.5
google_flights,2026-07-31,Fri,2026-08-23,Sun,22,BRU,LIM,1591.0,100,0,1691.0,€1591,"Iberia, American",Madrid (MAD) → Miami (MIA) / Dallas (DFW),1385,23h05,2,"12:05 PM on Fri, Jul 31","4:10 AM on Sat, Aug 1",+1,True,False,,typical,,2003.5
google_flights,2026-07-31,Fri,2026-08-22,Sat,21,AMS,LIM,1831.0,150,0,1981.0,€1831,"KLM, COPA",Amsterdam (AMS) → Panama (PTY),1010,16h50,1,"12:55 PM on Fri, Jul 31","10:45 PM on Fri, Jul 31",,True,False,,high,,2006.0
google_flights,2026-08-27,Thu,2026-09-19,Sat,22,AMS,CUZ,1570.0,150,0,1720.0,€1570,"Iberia, LATAM",Madrid (MAD) → Madrid (MAD) / São Paulo (GRU),1335,22h15,2,"7:20 AM on Thu, Aug 27","10:35 PM on Thu, Aug 27",,True,False,,typical,,2007.5
google_flights,2026-09-10,Thu,2026-10-04,Sun,23,ORY,AQP,1690.0,70,0,1760.0,€1690,"Iberia, LATAM",Madrid (MAD) → Madrid (MAD) / São Paulo (GRU),1255,20h55,2,"8:55 PM on Thu, Sep 10","10:50 AM on Fri, Sep 11",+1,True,False,,,,2007.5
google_flights,2026-10-02,Fri,2026-10-25,Sun,22,CDG,CUZ,1740.0,60,0,1800.0,€1740,"Iberia, LATAM",Madrid (MAD) → Madrid (MAD) / São Paulo (GRU),1175,19h35,2,"8:55 PM on Fri, Oct 2","9:30 AM on Sat, Oct 3",+1,True,False,,high,,2007.5
google_flights,2026-09-25,Fri,2026-10-19,Mon,23,AMS,AQP,1523.0,150,0,1673.0,€1523,"Air Europa, Sky Airline",Madrid (MAD),1430,23h50,2,"7:00 PM on Fri, Sep 25","11:50 AM on Sat, Sep 26",+1,True,False,,,,2008.0
google_flights,2026-10-08,Thu,2026-10-31,Sat,22,ORY,CUZ,1753.0,70,0,1823.0,€1753,"Iberia, LATAM",Madrid (MAD) → Madrid (MAD) / São Paulo (GRU),1130,18h50,2,"10:10 AM on Thu, Oct 8","10:00 PM on Thu, Oct 8",,True,False,,high,,2008.0
google_flights,2026-08-14,Fri,2026-09-05,Sat,21,AMS,CUZ,1807.0,150,0,1957.0,€1807,"KLM, LATAM",Amsterdam (AMS) → Madrid (MAD) / São Paulo (GRU),1065,17h45,1,"9:55 AM on Fri, Aug 14","8:40 PM on Fri, Aug 14",,True,False,,typical,,2009.5
google_flights,2026-10-16,Fri,2026-11-09,Mon,23,BRU,AQP,1654.0,100,0,1754.0,€1654,"Iberia, LATAM",Madrid (MAD) → Madrid (MAD) / São Paulo (GRU),1275,21h15,2,"7:45 PM on Fri, Oct 16","10:00 AM on Sat, Oct 17",+1,True,False,,,,2011.5
google_flights,2026-10-01,Thu,2026-10-25,Sun,23,ORY,AQP,1720.0,70,0,1790.0,€1720,"Iberia, LATAM",Madrid (MAD) → Madrid (MAD) / São Paulo (GRU),1205,20h05,2,"8:55 PM on Thu, Oct 1","10:00 AM on Fri, Oct 2",+1,True,False,,,,2012.5
google_flights,2026-09-12,Sat,2026-10-05,Mon,22,ORY,AQP,1495.0,70,0,1565.0,€1495,"Iberia, LATAM",Madrid (MAD) → Madrid (MAD) / São Paulo (GRU),1655,27h35,2,"10:10 AM on Sat, Sep 12","6:45 AM on Sun, Sep 13",+1,True,False,,typical,,2012.5
google_flights,2026-10-30,Fri,2026-11-22,Sun,22,AMS,CUZ,1571.0,150,0,1721.0,€1571,"Air Europa, Sky Airline",Madrid (MAD),1345,22h25,2,"7:00 PM on Fri, Oct 30","11:25 AM on Sat, Oct 31",+1,True,False,,,,2013.5
google_flights,2026-10-02,Fri,2026-10-25,Sun,22,AMS,AQP,1552.0,150,0,1702.0,€1552,"Air Europa, Sky Airline",Madrid (MAD),1385,23h05,2,"7:00 PM on Fri, Oct 2","11:05 AM on Sat, Oct 3",+1,True,False,,typical,,2014.5
google_flights,2026-10-16,Fri,2026-11-09,Mon,23,BRU,CUZ,1672.0,100,0,1772.0,€1672,"Iberia, LATAM",Madrid (MAD) → Madrid (MAD) / São Paulo (GRU),1245,20h45,2,"7:45 PM on Fri, Oct 16","9:30 AM on Sat, Oct 17",+1,True,False,,typical,,2014.5
google_flights,2026-09-11,Fri,2026-10-04,Sun,22,CDG,CUZ,1391.0,60,0,1451.0,€1391,"Air Canada, Avianca",Montréal (YUL) / Toronto (YYZ) → Bogotá (BOG),1690,28h10,3,"2:10 PM on Fri, Sep 11","11:20 AM on Sat, Sep 12",+1,True,False,,high,,2016.0
google_flights,2026-08-21,Fri,2026-09-14,Mon,23,BRU,AQP,1580.0,100,0,1680.0,€1580,"Air Europa, Sky Airline",Madrid (MAD),1435,23h55,2,"6:55 PM on Fri, Aug 21","11:50 AM on Sat, Aug 22",+1,True,False,,typical,,2017.5
google_flights,2026-08-21,Fri,2026-09-14,Mon,23,AMS,CUZ,1615.0,150,0,1765.0,€1615,"Iberia, LATAM",Madrid (MAD) → Madrid (MAD) / São Paulo (GRU),1265,21h05,2,"7:25 PM on Fri, Aug 21","9:30 AM on Sat, Aug 22",+1,True,False,,typical,,2017.5
google_flights,2026-08-29,Sat,2026-09-21,Mon,22,AMS,CUZ,1615.0,150,0,1765.0,€1615,"Iberia, LATAM",Madrid (MAD) → Madrid (MAD) / São Paulo (GRU),1265,21h05,2,"7:25 PM on Sat, Aug 29","9:30 AM on Sun, Aug 30",+1,True,False,,typical,,2017.5
google_flights,2026-09-04,Fri,2026-09-26,Sat,21,BRU,AQP,1580.0,100,0,1680.0,€1580,"Air Europa, Sky Airline",Madrid (MAD),1435,23h55,2,"6:55 PM on Fri, Sep 4","11:50 AM on Sat, Sep 5",+1,True,False,,,,2017.5
google_flights,2026-09-17,Thu,2026-10-10,Sat,22,CDG,CUZ,1690.0,60,0,1750.0,€1690,"Iberia, LATAM",Madrid (MAD) → Madrid (MAD) / São Paulo (GRU),1295,21h35,2,"6:55 PM on Thu, Sep 17","9:30 AM on Fri, Sep 18",+1,True,False,,high,,2017.5
google_flights,2026-10-30,Fri,2026-11-22,Sun,22,CDG,CUZ,1720.0,60,0,1780.0,€1720,"Iberia, LATAM",Madrid (MAD) → Madrid (MAD) / São Paulo (GRU),1235,20h35,2,"6:45 PM on Fri, Oct 30","9:20 AM on Sat, Oct 31",+1,True,False,,high,,2017.5
google_flights,2026-09-05,Sat,2026-09-28,Mon,22,BRU,CUZ,1677.0,100,0,1777.0,€1677,"Iberia, LATAM",Madrid (MAD) → Madrid (MAD) / São Paulo (GRU),1250,20h50,2,"7:40 PM on Sat, Sep 5","9:30 AM on Sun, Sep 6",+1,False,False,,high,,2022.0
google_flights,2026-08-08,Sat,2026-08-30,Sun,21,AMS,LIM,1796.0,150,0,1946.0,€1796,LATAM,Madrid (MAD) / São Paulo (GRU),1115,18h35,1,"1:10 PM on Sat, Aug 8","12:45 AM on Sun, Aug 9",+1,True,False,,high,,2023.5
google_flights,2026-08-15,Sat,2026-09-06,Sun,21,ORY,AQP,1631.0,70,0,1701.0,€1631,"Air Europa, Sky Airline",Madrid (MAD),1405,23h25,2,"7:25 PM on Sat, Aug 15","11:50 AM on Sun, Aug 16",+1,True,False,,typical,,2023.5
google_flights,2026-08-15,Sat,2026-09-07,Mon,22,ORY,AQP,1631.0,70,0,1701.0,€1631,"Air Europa, Sky Airline",Madrid (MAD),1405,23h25,2,"7:25 PM on Sat, Aug 15","11:50 AM on Sun, Aug 16",+1,True,False,,typical,,2023.5
google_flights,2026-09-03,Thu,2026-09-27,Sun,23,CDG,AQP,1741.0,60,0,1801.0,€1741,"Iberia, LATAM",Madrid (MAD) → Madrid (MAD) / São Paulo (GRU),1205,20h05,2,"8:55 PM on Thu, Sep 3","10:00 AM on Fri, Sep 4",+1,True,False,,typical,,2023.5
google_flights,2026-10-02,Fri,2026-10-25,Sun,22,CDG,AQP,1741.0,60,0,1801.0,€1741,"Iberia, LATAM",Madrid (MAD) → Madrid (MAD) / São Paulo (GRU),1205,20h05,2,"8:55 PM on Fri, Oct 2","10:00 AM on Sat, Oct 3",+1,True,False,,,,2023.5
google_flights,2026-10-02,Fri,2026-10-26,Mon,23,CDG,AQP,1741.0,60,0,1801.0,€1741,"Iberia, LATAM",Madrid (MAD) → Madrid (MAD) / São Paulo (GRU),1205,20h05,2,"8:55 PM on Fri, Oct 2","10:00 AM on Sat, Oct 3",+1,True,False,,typical,,2023.5
google_flights,2026-08-01,Sat,2026-08-23,Sun,21,CDG,LIM,1885.0,60,0,1945.0,€1885,United,Houston (IAH) / Newark (EWR),1120,18h40,1,"9:45 AM on Sat, Aug 1","9:25 PM on Sat, Aug 1",,True,False,,high,,2025.0
google_flights,2026-09-11,Fri,2026-10-04,Sun,22,BRU,CUZ,1459.0,100,0,1559.0,€1459,"Air Europa, Sky Airline",Madrid (MAD),1700,28h20,2,"10:45 AM on Fri, Sep 11","8:05 AM on Sat, Sep 12",+1,True,False,,,,2029.0
google_flights,2026-08-15,Sat,2026-09-06,Sun,21,AMS,CUZ,1822.0,150,0,1972.0,€1822,"KLM, LATAM",Amsterdam (AMS) → Madrid (MAD) / São Paulo (GRU),1075,17h55,1,"9:55 AM on Sat, Aug 15","8:50 PM on Sat, Aug 15",,True,False,,,,2029.5
google_flights,2026-09-11,Fri,2026-10-05,Mon,23,AMS,CUZ,1610.0,150,0,1760.0,€1610,"Iberia, LATAM",Madrid (MAD) → Madrid (MAD) / São Paulo (GRU),1300,21h40,2,"7:20 AM on Fri, Sep 11","10:00 PM on Fri, Sep 11",,True,False,,typical,,2030.0
google_flights,2026-10-08,Thu,2026-11-01,Sun,23,BRU,CUZ,1688.0,100,0,1788.0,€1688,"Iberia, LATAM",Madrid (MAD) → Madrid (MAD) / São Paulo (GRU),1245,20h45,2,"7:45 PM on Thu, Oct 8","9:30 AM on Fri, Oct 9",+1,True,False,,high,,2030.5
google_flights,2026-08-01,Sat,2026-08-22,Sat,20,CDG,LIM,1972.0,60,0,2032.0,€1972,"Air France, KLM",Paris (CDG) → Amsterdam (AMS),915,15h15,1,"7:10 AM on Sat, Aug 1","3:25 PM on Sat, Aug 1",,True,False,,high,,2032.0
google_flights,2026-09-12,Sat,2026-10-03,Sat,20,AMS,CUZ,1615.0,150,0,1765.0,€1615,"Iberia, LATAM",Madrid (MAD) → Madrid (MAD) / São Paulo (GRU),1295,21h35,2,"7:25 PM on Sat, Sep 12","10:00 AM on Sun, Sep 13",+1,True,False,,high,,2032.5
google_flights,2026-10-01,Thu,2026-10-26,Mon,24,ORY,AQP,1740.0,70,0,1810.0,€1740,"Iberia, LATAM",Madrid (MAD) → Madrid (MAD) / São Paulo (GRU),1205,20h05,2,"8:55 PM on Thu, Oct 1","10:00 AM on Fri, Oct 2",+1,True,False,,,,2032.5
google_flights,2026-08-27,Thu,2026-09-21,Mon,24,AMS,AQP,1616.0,150,0,1766.0,€1616,"Iberia, LATAM",Madrid (MAD) → Madrid (MAD) / São Paulo (GRU),1295,21h35,2,"7:25 PM on Thu, Aug 27","10:00 AM on Fri, Aug 28",+1,True,False,,typical,,2033.5
google_flights,2026-09-12,Sat,2026-10-03,Sat,20,AMS,AQP,1616.0,150,0,1766.0,€1616,"Iberia, LATAM",Madrid (MAD) → Madrid (MAD) / São Paulo (GRU),1295,21h35,2,"7:25 PM on Sat, Sep 12","10:00 AM on Sun, Sep 13",+1,True,False,,typical,,2033.5
google_flights,2026-09-17,Thu,2026-10-10,Sat,22,AMS,AQP,1616.0,150,0,1766.0,€1616,"Iberia, LATAM",Madrid (MAD) → Madrid (MAD) / São Paulo (GRU),1295,21h35,2,"7:25 PM on Thu, Sep 17","10:00 AM on Fri, Sep 18",+1,True,False,,typical,,2033.5
google_flights,2026-09-17,Thu,2026-10-12,Mon,24,AMS,AQP,1616.0,150,0,1766.0,€1616,"Iberia, LATAM",Madrid (MAD) → Madrid (MAD) / São Paulo (GRU),1295,21h35,2,"7:25 PM on Thu, Sep 17","10:00 AM on Fri, Sep 18",+1,True,False,,typical,,2033.5
google_flights,2026-09-19,Sat,2026-10-10,Sat,20,AMS,AQP,1616.0,150,0,1766.0,€1616,"Iberia, LATAM",Madrid (MAD) → Madrid (MAD) / São Paulo (GRU),1295,21h35,2,"7:25 PM on Sat, Sep 19","10:00 AM on Sun, Sep 20",+1,True,False,,typical,,2033.5
google_flights,2026-09-19,Sat,2026-10-12,Mon,22,AMS,AQP,1616.0,150,0,1766.0,€1616,"Iberia, LATAM",Madrid (MAD) → Madrid (MAD) / São Paulo (GRU),1295,21h35,2,"7:25 PM on Sat, Sep 19","10:00 AM on Sun, Sep 20",+1,True,False,,typical,,2033.5
google_flights,2026-10-10,Sat,2026-11-01,Sun,21,AMS,AQP,1481.0,150,0,1631.0,€1481,LATAM,Madrid (MAD) / São Paulo (GRU),1565,26h05,2,"1:10 PM on Sat, Oct 10","8:15 AM on Sun, Oct 11",+1,True,False,,,,2033.5
google_flights,2026-10-17,Sat,2026-11-07,Sat,20,AMS,AQP,1616.0,150,0,1766.0,€1616,"Iberia, LATAM",Madrid (MAD) → Madrid (MAD) / São Paulo (GRU),1295,21h35,2,"7:25 PM on Sat, Oct 17","10:00 AM on Sun, Oct 18",+1,True,False,,typical,,2033.5
google_flights,2026-10-02,Fri,2026-10-26,Mon,23,AMS,AQP,1829.0,150,0,1979.0,€1829,"KLM, LATAM",Amsterdam (AMS) → Madrid (MAD) / São Paulo (GRU),1070,17h50,1,"9:55 AM on Fri, Oct 2","8:45 PM on Fri, Oct 2",,True,False,,typical,,2034.0
google_flights,2026-08-28,Fri,2026-09-21,Mon,23,AMS,CUZ,1615.0,150,0,1765.0,€1615,"Iberia, LATAM",Madrid (MAD) → Madrid (MAD) / São Paulo (GRU),1300,21h40,2,"7:20 AM on Fri, Aug 28","10:00 PM on Fri, Aug 28",,True,False,,typical,,2035.0
google_flights,2026-09-03,Thu,2026-09-26,Sat,22,BRU,CUZ,1693.0,100,0,1793.0,€1693,"Iberia, LATAM",Madrid (MAD) → Madrid (MAD) / São Paulo (GRU),1245,20h45,2,"7:45 PM on Thu, Sep 3","9:30 AM on Fri, Sep 4",+1,True,False,,,,2035.5
google_flights,2026-09-25,Fri,2026-10-18,Sun,22,BRU,AQP,1678.0,100,0,1778.0,€1678,"Iberia, LATAM",Madrid (MAD) → Madrid (MAD) / São Paulo (GRU),1275,21h15,2,"7:45 PM on Fri, Sep 25","10:00 AM on Sat, Sep 26",+1,True,False,,typical,,2035.5
google_flights,2026-08-20,Thu,2026-09-13,Sun,23,AMS,AQP,1553.0,150,0,1703.0,€1553,"Air Europa, Sky Airline",Madrid (MAD),1430,23h50,2,"7:00 PM on Thu, Aug 20","11:50 AM on Fri, Aug 21",+1,True,False,,,,2038.0
google_flights,2026-07-02,Thu,2026-07-26,Sun,23,ORY,CUZ,1759.0,70,0,1829.0,€1759,"Air Europa, Sky Airline",Madrid (MAD),1180,19h40,2,"7:25 PM on Thu, Jul 2","8:05 AM on Fri, Jul 3",+1,True,False,,high,,2039.0
google_flights,2026-07-02,Thu,2026-07-27,Mon,24,ORY,CUZ,1759.0,70,0,1829.0,€1759,"Air Europa, Sky Airline",Madrid (MAD),1180,19h40,2,"7:25 PM on Thu, Jul 2","8:05 AM on Fri, Jul 3",+1,True,False,,high,,2039.0
google_flights,2026-07-11,Sat,2026-08-02,Sun,21,ORY,CUZ,1759.0,70,0,1829.0,€1759,"Air Europa, Sky Airline",Madrid (MAD),1180,19h40,2,"7:25 PM on Sat, Jul 11","8:05 AM on Sun, Jul 12",+1,True,False,,high,,2039.0
google_flights,2026-07-11,Sat,2026-08-03,Mon,22,ORY,CUZ,1759.0,70,0,1829.0,€1759,"Air Europa, Sky Airline",Madrid (MAD),1180,19h40,2,"7:25 PM on Sat, Jul 11","8:05 AM on Sun, Jul 12",+1,True,False,,high,,2039.0
google_flights,2026-07-16,Thu,2026-08-10,Mon,24,ORY,CUZ,1759.0,70,0,1829.0,€1759,"Air Europa, Sky Airline",Madrid (MAD),1180,19h40,2,"7:25 PM on Thu, Jul 16","8:05 AM on Fri, Jul 17",+1,True,False,,high,,2039.0
google_flights,2026-07-30,Thu,2026-08-22,Sat,22,ORY,LIM,1972.0,70,0,2042.0,€1972,Air Europa,Madrid (MAD),960,16h,1,"7:25 PM on Thu, Jul 30","4:25 AM on Fri, Jul 31",+1,True,False,,high,,2042.0
google_flights,2026-07-30,Thu,2026-08-23,Sun,23,ORY,LIM,1972.0,70,0,2042.0,€1972,Air Europa,Madrid (MAD),960,16h,1,"7:25 PM on Thu, Jul 30","4:25 AM on Fri, Jul 31",+1,True,False,,high,,2042.0
google_flights,2026-07-31,Fri,2026-08-24,Mon,23,ORY,LIM,1972.0,70,0,2042.0,€1972,Air Europa,Madrid (MAD),960,16h,1,"7:25 PM on Fri, Jul 31","4:25 AM on Sat, Aug 1",+1,True,False,,high,,2042.0
google_flights,2026-09-10,Thu,2026-10-05,Mon,24,AMS,AQP,1625.0,150,0,1775.0,€1625,"Iberia, LATAM",Madrid (MAD) → Madrid (MAD) / São Paulo (GRU),1295,21h35,2,"7:25 PM on Thu, Sep 10","10:00 AM on Fri, Sep 11",+1,True,False,,typical,,2042.5
google_flights,2026-10-03,Sat,2026-10-26,Mon,22,BRU,AQP,1660.0,100,0,1760.0,€1660,"Iberia, LATAM",Madrid (MAD) → Madrid (MAD) / São Paulo (GRU),1325,22h05,2,"7:45 PM on Sat, Oct 3","10:50 AM on Sun, Oct 4",+1,True,False,,,,2042.5
google_flights,2026-09-25,Fri,2026-10-18,Sun,22,BRU,CUZ,1688.0,100,0,1788.0,€1688,"Iberia, LATAM",Madrid (MAD) → Madrid (MAD) / São Paulo (GRU),1275,21h15,2,"7:45 PM on Fri, Sep 25","10:00 AM on Sat, Sep 26",+1,True,False,,high,,2045.5
google_flights,2026-10-17,Sat,2026-11-07,Sat,20,BRU,CUZ,1688.0,100,0,1788.0,€1688,"Iberia, LATAM",Madrid (MAD) → Madrid (MAD) / São Paulo (GRU),1275,21h15,2,"7:45 PM on Sat, Oct 17","10:00 AM on Sun, Oct 18",+1,True,False,,high,,2045.5
google_flights,2026-08-27,Thu,2026-09-20,Sun,23,AMS,AQP,1629.0,150,0,1779.0,€1629,"Iberia, LATAM",Madrid (MAD) → Madrid (MAD) / São Paulo (GRU),1295,21h35,2,"7:25 PM on Thu, Aug 27","10:00 AM on Fri, Aug 28",+1,True,False,,,,2046.5
google_flights,2026-10-10,Sat,2026-11-01,Sun,21,BRU,AQP,1689.0,100,0,1789.0,€1689,"Iberia, LATAM",Madrid (MAD) → Madrid (MAD) / São Paulo (GRU),1275,21h15,2,"7:45 PM on Sat, Oct 10","10:00 AM on Sun, Oct 11",+1,True,False,,typical,,2046.5
google_flights,2026-08-20,Thu,2026-09-13,Sun,23,ORY,AQP,1755.0,70,0,1825.0,€1755,"Iberia, LATAM",Madrid (MAD) → Madrid (MAD) / São Paulo (GRU),1205,20h05,2,"8:55 PM on Thu, Aug 20","10:00 AM on Fri, Aug 21",+1,True,False,,typical,,2047.5
google_flights,2026-08-20,Thu,2026-09-14,Mon,24,ORY,AQP,1755.0,70,0,1825.0,€1755,"Iberia, LATAM",Madrid (MAD) → Madrid (MAD) / São Paulo (GRU),1205,20h05,2,"8:55 PM on Thu, Aug 20","10:00 AM on Fri, Aug 21",+1,True,False,,,,2047.5
google_flights,2026-09-24,Thu,2026-10-18,Sun,23,ORY,AQP,1755.0,70,0,1825.0,€1755,"Iberia, LATAM",Madrid (MAD) → Madrid (MAD) / São Paulo (GRU),1205,20h05,2,"8:55 PM on Thu, Sep 24","10:00 AM on Fri, Sep 25",+1,True,False,,high,,2047.5
google_flights,2026-09-17,Thu,2026-10-10,Sat,22,ORY,AQP,1511.0,70,0,1581.0,€1511,"Iberia, LATAM",Madrid (MAD) → Madrid (MAD) / São Paulo (GRU),1695,28h15,2,"12:45 PM on Thu, Sep 17","10:00 AM on Fri, Sep 18",+1,False,False,,,,2048.5
google_flights,2026-08-13,Thu,2026-09-05,Sat,22,BRU,CUZ,1724.0,100,0,1824.0,€1724,"Air Europa, Sky Airline",Madrid (MAD),1210,20h10,2,"6:55 PM on Thu, Aug 13","8:05 AM on Fri, Aug 14",+1,True,False,,typical,,2049.0
google_flights,2026-09-04,Fri,2026-09-27,Sun,22,BRU,AQP,1689.0,100,0,1789.0,€1689,"Iberia, LATAM",Madrid (MAD) → Madrid (MAD) / São Paulo (GRU),1280,21h20,2,"7:40 PM on Fri, Sep 4","10:00 AM on Sat, Sep 5",+1,True,False,,typical,,2049.0
google_flights,2026-07-17,Fri,2026-08-10,Mon,23,CDG,AQP,1773.0,60,0,1833.0,€1773,"Air France, KLM, LATAM",Paris (CDG) → Amsterdam (AMS) → Madrid (MAD) / São Paulo (GRU),1195,19h55,2,"7:10 AM on Fri, Jul 17","8:05 PM on Fri, Jul 17",,True,False,,,,2050.5
google_flights,2026-07-31,Fri,2026-08-23,Sun,22,AMS,LIM,1876.0,150,0,2026.0,€1876,"KLM, COPA",Amsterdam (AMS) → Panama (PTY),1010,16h50,1,"12:55 PM on Fri, Jul 31","10:45 PM on Fri, Jul 31",,True,False,,high,,2051.0
google_flights,2026-08-01,Sat,2026-08-23,Sun,21,CDG,LIM,1992.0,60,0,2052.0,€1992,"Air France, KLM",Paris (CDG) → Amsterdam (AMS),915,15h15,1,"7:10 AM on Sat, Aug 1","3:25 PM on Sat, Aug 1",,True,False,,high,,2052.0
google_flights,2026-09-25,Fri,2026-10-17,Sat,21,AMS,AQP,1849.0,150,0,1999.0,€1849,"KLM, LATAM",Amsterdam (AMS) → Madrid (MAD) / São Paulo (GRU),1070,17h50,1,"9:55 AM on Fri, Sep 25","8:45 PM on Fri, Sep 25",,True,False,,typical,,2054.0
google_flights,2026-10-02,Fri,2026-10-25,Sun,22,AMS,AQP,1849.0,150,0,1999.0,€1849,"KLM, LATAM",Amsterdam (AMS) → Madrid (MAD) / São Paulo (GRU),1070,17h50,1,"9:55 AM on Fri, Oct 2","8:45 PM on Fri, Oct 2",,True,False,,typical,,2054.0
google_flights,2026-07-17,Fri,2026-08-10,Mon,23,CDG,AQP,1817.0,60,0,1877.0,€1817,"Air France, KLM, LATAM",Paris (CDG) → Amsterdam (AMS) → Madrid (MAD) / São Paulo (GRU),1115,18h35,2,"7:10 AM on Fri, Jul 17","6:45 PM on Fri, Jul 17",,True,False,,,,2054.5
google_flights,2026-09-26,Sat,2026-10-18,Sun,21,ORY,AQP,1655.0,70,0,1725.0,€1655,"Iberia, LATAM",Madrid (MAD) → Madrid (MAD) / São Paulo (GRU),1420,23h40,2,"5:20 PM on Sat, Sep 26","10:00 AM on Sun, Sep 27",+1,True,False,,typical,,2055.0
google_flights,2026-08-21,Fri,2026-09-13,Sun,22,BRU,CUZ,1713.0,100,0,1813.0,€1713,"Iberia, LATAM",Madrid (MAD) → Madrid (MAD) / São Paulo (GRU),1250,20h50,2,"7:40 PM on Fri, Aug 21","9:30 AM on Sat, Aug 22",+1,True,False,,,,2058.0
google_flights,2026-08-21,Fri,2026-09-12,Sat,21,AMS,AQP,1616.0,150,0,1766.0,€1616,"Iberia, LATAM",Madrid (MAD) → Madrid (MAD) / São Paulo (GRU),1345,22h25,2,"7:25 PM on Fri, Aug 21","10:50 AM on Sat, Aug 22",+1,True,False,,typical,,2058.5
google_flights,2026-08-21,Fri,2026-09-14,Mon,23,AMS,AQP,1616.0,150,0,1766.0,€1616,"Iberia, LATAM",Madrid (MAD) → Madrid (MAD) / São Paulo (GRU),1345,22h25,2,"7:25 PM on Fri, Aug 21","10:50 AM on Sat, Aug 22",+1,True,False,,typical,,2058.5
google_flights,2026-08-28,Fri,2026-09-21,Mon,23,AMS,AQP,1616.0,150,0,1766.0,€1616,"Iberia, LATAM",Madrid (MAD) → Madrid (MAD) / São Paulo (GRU),1345,22h25,2,"7:25 PM on Fri, Aug 28","10:50 AM on Sat, Aug 29",+1,True,False,,typical,,2058.5
google_flights,2026-07-16,Thu,2026-08-08,Sat,22,AMS,AQP,1909.0,150,0,2059.0,€1909,"KLM, LATAM",Amsterdam (AMS) → Madrid (MAD) / São Paulo (GRU),950,15h50,1,"9:55 AM on Thu, Jul 16","6:45 PM on Thu, Jul 16",,True,False,,typical,,2059.0
google_flights,2026-07-18,Sat,2026-08-10,Mon,22,AMS,AQP,1909.0,150,0,2059.0,€1909,"KLM, LATAM",Amsterdam (AMS) → Madrid (MAD) / São Paulo (GRU),950,15h50,1,"9:55 AM on Sat, Jul 18","6:45 PM on Sat, Jul 18",,True,False,,typical,,2059.0
google_flights,2026-08-07,Fri,2026-08-31,Mon,23,BRU,CUZ,1753.0,100,0,1853.0,€1753,"KLM, LATAM",Amsterdam (AMS) → Madrid (MAD) / São Paulo (GRU),1175,19h35,2,"8:05 AM on Fri, Aug 7","8:40 PM on Fri, Aug 7",,True,False,,typical,,2060.5
google_flights,2026-09-25,Fri,2026-10-18,Sun,22,AMS,CUZ,1398.0,150,0,1548.0,€1398,"Air Canada, Avianca",Montréal (YUL) / Toronto (YYZ) → Bogotá (BOG),1785,29h45,2,"12:35 PM on Fri, Sep 25","11:20 AM on Sat, Sep 26",+1,True,False,,typical,,2060.5
google_flights,2026-08-20,Thu,2026-09-13,Sun,23,BRU,AQP,1706.0,100,0,1806.0,€1706,"Iberia, LATAM",Madrid (MAD) → Madrid (MAD) / São Paulo (GRU),1275,21h15,2,"7:45 PM on Thu, Aug 20","10:00 AM on Fri, Aug 21",+1,True,False,,,,2063.5
google_flights,2026-08-01,Sat,2026-08-22,Sat,20,AMS,LIM,1889.0,150,0,2039.0,€1889,"KLM, COPA",Amsterdam (AMS) → Panama (PTY),1010,16h50,1,"12:55 PM on Sat, Aug 1","10:45 PM on Sat, Aug 1",,True,False,,high,,2064.0
google_flights,2026-09-12,Sat,2026-10-04,Sun,21,BRU,CUZ,1688.0,100,0,1788.0,€1688,"Iberia, LATAM",Madrid (MAD) → Madrid (MAD) / São Paulo (GRU),1315,21h55,2,"7:05 AM on Sat, Sep 12","10:00 PM on Sat, Sep 12",,True,False,,high,,2065.5
google_flights,2026-10-01,Thu,2026-10-24,Sat,22,BRU,CUZ,1688.0,100,0,1788.0,€1688,"Iberia, LATAM",Madrid (MAD) → Madrid (MAD) / São Paulo (GRU),1315,21h55,2,"7:05 AM on Thu, Oct 1","10:00 PM on Thu, Oct 1",,True,False,,high,,2065.5
google_flights,2026-10-01,Thu,2026-10-26,Mon,24,BRU,CUZ,1688.0,100,0,1788.0,€1688,"Iberia, LATAM",Madrid (MAD) → Madrid (MAD) / São Paulo (GRU),1315,21h55,2,"7:05 AM on Thu, Oct 1","10:00 PM on Thu, Oct 1",,True,False,,high,,2065.5
google_flights,2026-10-09,Fri,2026-11-01,Sun,22,BRU,CUZ,1688.0,100,0,1788.0,€1688,"Iberia, LATAM",Madrid (MAD) → Madrid (MAD) / São Paulo (GRU),1315,21h55,2,"7:05 AM on Fri, Oct 9","10:00 PM on Fri, Oct 9",,True,False,,high,,2065.5
google_flights,2026-10-16,Fri,2026-11-07,Sat,21,BRU,CUZ,1688.0,100,0,1788.0,€1688,"Iberia, LATAM",Madrid (MAD) → Madrid (MAD) / São Paulo (GRU),1315,21h55,2,"7:05 AM on Fri, Oct 16","10:00 PM on Fri, Oct 16",,True,False,,,,2065.5
google_flights,2026-10-01,Thu,2026-10-25,Sun,23,CDG,CUZ,1740.0,60,0,1800.0,€1740,"Iberia, LATAM",Madrid (MAD) → Madrid (MAD) / São Paulo (GRU),1295,21h35,2,"6:55 PM on Thu, Oct 1","9:30 AM on Fri, Oct 2",+1,True,False,,high,,2067.5
google_flights,2026-10-15,Thu,2026-11-08,Sun,23,CDG,CUZ,1740.0,60,0,1800.0,€1740,"Iberia, LATAM",Madrid (MAD) → Madrid (MAD) / São Paulo (GRU),1295,21h35,2,"6:55 PM on Thu, Oct 15","9:30 AM on Fri, Oct 16",+1,True,False,,high,,2067.5
google_flights,2026-07-02,Thu,2026-07-26,Sun,23,BRU,CUZ,1744.0,100,0,1844.0,€1744,"Air Europa, Sky Airline",Madrid (MAD),1210,20h10,2,"6:55 PM on Thu, Jul 2","8:05 AM on Fri, Jul 3",+1,True,False,,typical,,2069.0
google_flights,2026-08-15,Sat,2026-09-07,Mon,22,ORY,CUZ,1684.0,70,0,1754.0,€1684,"Air Europa, Sky Airline",Madrid (MAD),1390,23h10,2,"7:25 PM on Sat, Aug 15","11:35 AM on Sun, Aug 16",+1,True,False,,typical,,2069.0
google_flights,2026-10-03,Sat,2026-10-25,Sun,21,CDG,CUZ,1740.0,60,0,1800.0,€1740,"Iberia, LATAM",Madrid (MAD) → Madrid (MAD) / São Paulo (GRU),1300,21h40,2,"6:50 PM on Sat, Oct 3","9:30 AM on Sun, Oct 4",+1,True,False,,high,,2070.0
google_flights,2026-10-03,Sat,2026-10-26,Mon,22,CDG,CUZ,1740.0,60,0,1800.0,€1740,"Iberia, LATAM",Madrid (MAD) → Madrid (MAD) / São Paulo (GRU),1300,21h40,2,"6:50 PM on Sat, Oct 3","9:30 AM on Sun, Oct 4",+1,True,False,,high,,2070.0
google_flights,2026-10-08,Thu,2026-10-31,Sat,22,BRU,CUZ,1713.0,100,0,1813.0,€1713,"Iberia, LATAM",Madrid (MAD) → Madrid (MAD) / São Paulo (GRU),1275,21h15,2,"7:45 PM on Thu, Oct 8","10:00 AM on Fri, Oct 9",+1,True,False,,,,2070.5
google_flights,2026-08-27,Thu,2026-09-19,Sat,22,BRU,AQP,1689.0,100,0,1789.0,€1689,"Iberia, LATAM",Madrid (MAD) → Madrid (MAD) / São Paulo (GRU),1325,22h05,2,"7:45 PM on Thu, Aug 27","10:50 AM on Fri, Aug 28",+1,True,False,,typical,,2071.5
google_flights,2026-08-27,Thu,2026-09-20,Sun,23,BRU,AQP,1689.0,100,0,1789.0,€1689,"Iberia, LATAM",Madrid (MAD) → Madrid (MAD) / São Paulo (GRU),1325,22h05,2,"7:45 PM on Thu, Aug 27","10:50 AM on Fri, Aug 28",+1,True,False,,typical,,2071.5
google_flights,2026-10-03,Sat,2026-10-25,Sun,21,BRU,AQP,1689.0,100,0,1789.0,€1689,"Iberia, LATAM",Madrid (MAD) → Madrid (MAD) / São Paulo (GRU),1325,22h05,2,"7:45 PM on Sat, Oct 3","10:50 AM on Sun, Oct 4",+1,True,False,,typical,,2071.5
google_flights,2026-10-16,Fri,2026-11-08,Sun,22,BRU,AQP,1714.0,100,0,1814.0,€1714,"Iberia, LATAM",Madrid (MAD) → Madrid (MAD) / São Paulo (GRU),1275,21h15,2,"7:45 PM on Fri, Oct 16","10:00 AM on Sat, Oct 17",+1,True,False,,typical,,2071.5
google_flights,2026-08-15,Sat,2026-09-05,Sat,20,BRU,AQP,1635.0,100,0,1735.0,€1635,"Air Europa, Sky Airline",Madrid (MAD),1435,23h55,2,"6:55 PM on Sat, Aug 15","11:50 AM on Sun, Aug 16",+1,True,False,,,,2072.5
google_flights,2026-08-28,Fri,2026-09-19,Sat,21,BRU,AQP,1689.0,100,0,1789.0,€1689,"Iberia, LATAM",Madrid (MAD) → Madrid (MAD) / São Paulo (GRU),1330,22h10,2,"7:40 PM on Fri, Aug 28","10:50 AM on Sat, Aug 29",+1,False,False,,,,2074.0
google_flights,2026-10-01,Thu,2026-10-24,Sat,22,AMS,AQP,1869.0,150,0,2019.0,€1869,"KLM, LATAM",Amsterdam (AMS) → Madrid (MAD) / São Paulo (GRU),1070,17h50,1,"9:55 AM on Thu, Oct 1","8:45 PM on Thu, Oct 1",,True,False,,typical,,2074.0
google_flights,2026-10-29,Thu,2026-11-22,Sun,23,BRU,AQP,1499.0,100,0,1599.0,€1499,"Brussels Airlines, SWISS, LATAM",Bruxelles (BRU) → Madrid (MAD) / São Paulo (GRU),1510,25h10,3,"8:10 PM on Thu, Oct 29","3:20 PM on Fri, Oct 30",+1,True,False,,,,2074.0
google_flights,2026-08-01,Sat,2026-08-24,Mon,22,CDG,LIM,1935.0,60,0,1995.0,€1935,United,Houston (IAH) / Newark (EWR),1120,18h40,1,"9:45 AM on Sat, Aug 1","9:25 PM on Sat, Aug 1",,True,False,,high,,2075.0
google_flights,2026-09-26,Sat,2026-10-17,Sat,20,ORY,CUZ,1738.0,70,0,1808.0,€1738,"Iberia, LATAM",Madrid (MAD) → Madrid (MAD) / São Paulo (GRU),1295,21h35,2,"7:25 AM on Sat, Sep 26","10:00 PM on Sat, Sep 26",,True,False,,typical,,2075.5
google_flights,2026-10-02,Fri,2026-10-25,Sun,22,ORY,CUZ,1738.0,70,0,1808.0,€1738,"Iberia, LATAM",Madrid (MAD) → Madrid (MAD) / São Paulo (GRU),1295,21h35,2,"7:25 AM on Fri, Oct 2","10:00 PM on Fri, Oct 2",,True,False,,,,2075.5
google_flights,2026-09-12,Sat,2026-10-03,Sat,20,AMS,CUZ,1675.0,150,0,1825.0,€1675,"Iberia, LATAM",Madrid (MAD) → Madrid (MAD) / São Paulo (GRU),1265,21h05,2,"7:25 PM on Sat, Sep 12","9:30 AM on Sun, Sep 13",+1,False,False,,high,,2077.5
google_flights,2026-09-05,Sat,2026-09-28,Mon,22,AMS,CUZ,1675.0,150,0,1825.0,€1675,"Iberia, LATAM",Madrid (MAD) → Madrid (MAD) / São Paulo (GRU),1265,21h05,2,"7:25 PM on Sat, Sep 5","9:30 AM on Sun, Sep 6",+1,True,False,,typical,,2077.5
google_flights,2026-08-15,Sat,2026-09-05,Sat,20,ORY,AQP,1686.0,70,0,1756.0,€1686,"Air Europa, Sky Airline",Madrid (MAD),1405,23h25,2,"7:25 PM on Sat, Aug 15","11:50 AM on Sun, Aug 16",+1,True,False,,typical,,2078.5
google_flights,2026-07-16,Thu,2026-08-08,Sat,22,ORY,CUZ,1799.0,70,0,1869.0,€1799,"Air Europa, Sky Airline",Madrid (MAD),1180,19h40,2,"7:25 PM on Thu, Jul 16","8:05 AM on Fri, Jul 17",+1,True,False,,,,2079.0
google_flights,2026-07-16,Thu,2026-08-09,Sun,23,ORY,CUZ,1799.0,70,0,1869.0,€1799,"Air Europa, Sky Airline",Madrid (MAD),1180,19h40,2,"7:25 PM on Thu, Jul 16","8:05 AM on Fri, Jul 17",+1,True,False,,high,,2079.0
google_flights,2026-08-22,Sat,2026-09-12,Sat,20,AMS,CUZ,1660.0,150,0,1810.0,€1660,"Iberia, LATAM",Madrid (MAD) → Madrid (MAD) / São Paulo (GRU),1300,21h40,2,"7:20 AM on Sat, Aug 22","10:00 PM on Sat, Aug 22",,True,False,,typical,,2080.0
google_flights,2026-08-22,Sat,2026-09-13,Sun,21,AMS,CUZ,1660.0,150,0,1810.0,€1660,"Iberia, LATAM",Madrid (MAD) → Madrid (MAD) / São Paulo (GRU),1300,21h40,2,"7:20 AM on Sat, Aug 22","10:00 PM on Sat, Aug 22",,True,False,,typical,,2080.0
google_flights,2026-09-03,Thu,2026-09-27,Sun,23,AMS,CUZ,1660.0,150,0,1810.0,€1660,"Iberia, LATAM",Madrid (MAD) → Madrid (MAD) / São Paulo (GRU),1300,21h40,2,"7:20 AM on Thu, Sep 3","10:00 PM on Thu, Sep 3",,True,False,,high,,2080.0
google_flights,2026-08-01,Sat,2026-08-22,Sat,20,CDG,LIM,1765.0,60,0,1825.0,€1765,American,Miami (MIA) / Dallas (DFW),1275,21h15,2,"1:55 PM on Sat, Aug 1","4:10 AM on Sun, Aug 2",+1,True,False,,high,,2082.5
google_flights,2026-10-03,Sat,2026-10-25,Sun,21,AMS,CUZ,1611.0,150,0,1761.0,€1611,"Air Europa, Sky Airline",Madrid (MAD),1405,23h25,2,"7:00 PM on Sat, Oct 3","11:25 AM on Sun, Oct 4",+1,True,False,,,,2083.5
google_flights,2026-10-10,Sat,2026-11-01,Sun,21,AMS,CUZ,1882.0,150,0,2032.0,€1882,"KLM, LATAM",Amsterdam (AMS) → Madrid (MAD) / São Paulo (GRU),1065,17h45,1,"9:55 AM on Sat, Oct 10","8:40 PM on Sat, Oct 10",,True,False,,high,,2084.5
google_flights,2026-09-12,Sat,2026-10-03,Sat,20,CDG,CUZ,1740.0,60,0,1800.0,€1740,"Iberia, LATAM",Madrid (MAD) → Madrid (MAD) / São Paulo (GRU),1330,22h10,2,"6:50 AM on Sat, Sep 12","10:00 PM on Sat, Sep 12",,True,False,,high,,2085.0
google_flights,2026-10-24,Sat,2026-11-15,Sun,21,CDG,CUZ,1740.0,60,0,1800.0,€1740,"Iberia, LATAM",Madrid (MAD) → Madrid (MAD) / São Paulo (GRU),1330,22h10,2,"6:50 AM on Sat, Oct 24","10:00 PM on Sat, Oct 24",,True,False,,high,,2085.0
google_flights,2026-07-04,Sat,2026-07-26,Sun,21,AMS,AQP,1579.0,150,0,1729.0,€1579,LATAM,Madrid (MAD) / São Paulo (GRU),1475,24h35,2,"1:10 PM on Sat, Jul 4","6:45 AM on Sun, Jul 5",+1,True,False,,,,2086.5
google_flights,2026-10-02,Fri,2026-10-25,Sun,22,ORY,CUZ,1741.0,70,0,1811.0,€1741,"Vueling, Iberia, LATAM",Barcelone (BCN) → Madrid (MAD) → Madrid (MAD) / São Paulo (GRU),1315,21h55,2,"8:30 AM on Fri, Oct 2","11:25 PM on Fri, Oct 2",,False,False,,,,2088.5
google_flights,2026-08-13,Thu,2026-09-06,Sun,23,BRU,CUZ,1764.0,100,0,1864.0,€1764,"Air Europa, Sky Airline",Madrid (MAD),1210,20h10,2,"6:55 PM on Thu, Aug 13","8:05 AM on Fri, Aug 14",+1,True,False,,typical,,2089.0
google_flights,2026-08-15,Sat,2026-09-06,Sun,21,BRU,CUZ,1659.0,100,0,1759.0,€1659,"Air Europa, Sky Airline",Madrid (MAD),1420,23h40,2,"6:55 PM on Sat, Aug 15","11:35 AM on Sun, Aug 16",+1,False,False,,,,2089.0
google_flights,2026-08-14,Fri,2026-09-06,Sun,22,AMS,CUZ,1887.0,150,0,2037.0,€1887,"KLM, LATAM",Amsterdam (AMS) → Madrid (MAD) / São Paulo (GRU),1065,17h45,1,"9:55 AM on Fri, Aug 14","8:40 PM on Fri, Aug 14",,True,False,,typical,,2089.5
google_flights,2026-09-10,Thu,2026-10-05,Mon,24,BRU,CUZ,1748.0,100,0,1848.0,€1748,"Iberia, LATAM",Madrid (MAD) → Madrid (MAD) / São Paulo (GRU),1245,20h45,2,"7:45 PM on Thu, Sep 10","9:30 AM on Fri, Sep 11",+1,False,False,,typical,,2090.5
google_flights,2026-10-09,Fri,2026-10-31,Sat,21,ORY,CUZ,1753.0,70,0,1823.0,€1753,"Iberia, LATAM",Madrid (MAD) → Madrid (MAD) / São Paulo (GRU),1295,21h35,2,"7:25 AM on Fri, Oct 9","10:00 PM on Fri, Oct 9",,True,False,,,,2090.5
google_flights,2026-08-29,Sat,2026-09-21,Mon,22,AMS,CUZ,1675.0,150,0,1825.0,€1675,"Iberia, LATAM",Madrid (MAD) → Madrid (MAD) / São Paulo (GRU),1295,21h35,2,"7:25 PM on Sat, Aug 29","10:00 AM on Sun, Aug 30",+1,False,False,,typical,,2092.5
google_flights,2026-10-09,Fri,2026-10-31,Sat,21,ORY,CUZ,1838.0,70,0,1908.0,€1838,"Iberia, LATAM",Madrid (MAD) → Madrid (MAD) / São Paulo (GRU),1130,18h50,2,"10:10 AM on Fri, Oct 9","10:00 PM on Fri, Oct 9",,True,False,,,,2093.0
google_flights,2026-10-23,Fri,2026-11-14,Sat,21,ORY,CUZ,1838.0,70,0,1908.0,€1838,"Iberia, LATAM",Madrid (MAD) → Madrid (MAD) / São Paulo (GRU),1130,18h50,2,"10:10 AM on Fri, Oct 23","10:00 PM on Fri, Oct 23",,True,False,,high,,2093.0
google_flights,2026-10-10,Sat,2026-10-31,Sat,20,ORY,CUZ,1838.0,70,0,1908.0,€1838,"Iberia, LATAM",Madrid (MAD) → Madrid (MAD) / São Paulo (GRU),1130,18h50,2,"10:10 AM on Sat, Oct 10","10:00 PM on Sat, Oct 10",,True,False,,high,,2093.0
google_flights,2026-08-13,Thu,2026-09-06,Sun,23,ORY,AQP,1701.0,70,0,1771.0,€1701,"Air Europa, Sky Airline",Madrid (MAD),1405,23h25,2,"7:25 PM on Thu, Aug 13","11:50 AM on Fri, Aug 14",+1,True,False,,,,2093.5
google_flights,2026-09-04,Fri,2026-09-28,Mon,23,AMS,AQP,1676.0,150,0,1826.0,€1676,"Iberia, LATAM",Madrid (MAD) → Madrid (MAD) / São Paulo (GRU),1295,21h35,2,"7:25 PM on Fri, Sep 4","10:00 AM on Sat, Sep 5",+1,True,False,,typical,,2093.5
google_flights,2026-09-26,Sat,2026-10-19,Mon,22,AMS,AQP,1676.0,150,0,1826.0,€1676,"Iberia, LATAM",Madrid (MAD) → Madrid (MAD) / São Paulo (GRU),1295,21h35,2,"7:25 PM on Sat, Sep 26","10:00 AM on Sun, Sep 27",+1,True,False,,typical,,2093.5
google_flights,2026-08-13,Thu,2026-09-07,Mon,24,BRU,AQP,1804.0,100,0,1904.0,€1804,"KLM, LATAM",Amsterdam (AMS) → Madrid (MAD) / São Paulo (GRU),1140,19h,2,"8:05 AM on Thu, Aug 13","8:05 PM on Thu, Aug 13",,True,False,,typical,,2094.0
google_flights,2026-09-10,Thu,2026-10-04,Sun,23,AMS,AQP,1889.0,150,0,2039.0,€1889,"KLM, LATAM",Amsterdam (AMS) → Madrid (MAD) / São Paulo (GRU),1070,17h50,1,"9:55 AM on Thu, Sep 10","8:45 PM on Thu, Sep 10",,True,False,,typical,,2094.0
google_flights,2026-09-24,Thu,2026-10-19,Mon,24,AMS,AQP,1677.0,150,0,1827.0,€1677,"Iberia, LATAM",Madrid (MAD) → Madrid (MAD) / São Paulo (GRU),1295,21h35,2,"7:25 PM on Thu, Sep 24","10:00 AM on Fri, Sep 25",+1,True,False,,,,2094.5
google_flights,2026-08-20,Thu,2026-09-13,Sun,23,CDG,CUZ,1691.0,60,0,1751.0,€1691,LATAM,Madrid (MAD) / São Paulo (GRU),1450,24h10,2,"1:00 PM on Thu, Aug 20","6:10 AM on Fri, Aug 21",+1,True,False,,,,2096.0
google_flights,2026-08-21,Fri,2026-09-14,Mon,23,AMS,AQP,1612.0,150,0,1762.0,€1612,"Air Europa, Sky Airline",Madrid (MAD),1430,23h50,2,"7:00 PM on Fri, Aug 21","11:50 AM on Sat, Aug 22",+1,True,False,,typical,,2097.0
google_flights,2026-09-05,Sat,2026-09-26,Sat,20,AMS,AQP,1612.0,150,0,1762.0,€1612,"Air Europa, Sky Airline",Madrid (MAD),1430,23h50,2,"7:00 PM on Sat, Sep 5","11:50 AM on Sun, Sep 6",+1,True,False,,typical,,2097.0
google_flights,2026-09-11,Fri,2026-10-04,Sun,22,BRU,AQP,1560.0,100,0,1660.0,€1560,"Vueling, Iberia, LATAM",Barcelone (BCN) → Madrid (MAD) → Madrid (MAD) / São Paulo (GRU),1635,27h15,2,"10:30 AM on Fri, Sep 11","6:45 AM on Sat, Sep 12",+1,True,False,,,,2097.5
google_flights,2026-08-21,Fri,2026-09-13,Sun,22,AMS,AQP,1613.0,150,0,1763.0,€1613,"Air Europa, Sky Airline",Madrid (MAD),1430,23h50,2,"7:00 PM on Fri, Aug 21","11:50 AM on Sat, Aug 22",+1,True,False,,,,2098.0
google_flights,2026-08-20,Thu,2026-09-13,Sun,23,CDG,AQP,1756.0,60,0,1816.0,€1756,"Iberia, LATAM",Madrid (MAD) → Madrid (MAD) / São Paulo (GRU),1325,22h05,2,"6:55 PM on Thu, Aug 20","10:00 AM on Fri, Aug 21",+1,True,False,,typical,,2098.5
google_flights,2026-08-20,Thu,2026-09-14,Mon,24,CDG,AQP,1756.0,60,0,1816.0,€1756,"Iberia, LATAM",Madrid (MAD) → Madrid (MAD) / São Paulo (GRU),1325,22h05,2,"6:55 PM on Thu, Aug 20","10:00 AM on Fri, Aug 21",+1,True,False,,typical,,2098.5
google_flights,2026-10-10,Sat,2026-10-31,Sat,20,CDG,AQP,1756.0,60,0,1816.0,€1756,"Iberia, LATAM",Madrid (MAD) → Madrid (MAD) / São Paulo (GRU),1325,22h05,2,"6:55 PM on Sat, Oct 10","10:00 AM on Sun, Oct 11",+1,True,False,,typical,,2098.5
google_flights,2026-07-03,Fri,2026-07-26,Sun,22,ORY,CUZ,1819.0,70,0,1889.0,€1819,"Air Europa, Sky Airline",Madrid (MAD),1180,19h40,2,"7:25 PM on Fri, Jul 3","8:05 AM on Sat, Jul 4",+1,True,False,,,,2099.0
google_flights,2026-07-03,Fri,2026-07-27,Mon,23,ORY,CUZ,1819.0,70,0,1889.0,€1819,"Air Europa, Sky Airline",Madrid (MAD),1180,19h40,2,"7:25 PM on Fri, Jul 3","8:05 AM on Sat, Jul 4",+1,True,False,,high,,2099.0
google_flights,2026-07-09,Thu,2026-08-02,Sun,23,ORY,CUZ,1819.0,70,0,1889.0,€1819,"Air Europa, Sky Airline",Madrid (MAD),1180,19h40,2,"7:25 PM on Thu, Jul 9","8:05 AM on Fri, Jul 10",+1,True,False,,high,,2099.0
google_flights,2026-07-09,Thu,2026-08-03,Mon,24,ORY,CUZ,1819.0,70,0,1889.0,€1819,"Air Europa, Sky Airline",Madrid (MAD),1180,19h40,2,"7:25 PM on Thu, Jul 9","8:05 AM on Fri, Jul 10",+1,True,False,,high,,2099.0
google_flights,2026-07-10,Fri,2026-08-02,Sun,22,ORY,CUZ,1819.0,70,0,1889.0,€1819,"Air Europa, Sky Airline",Madrid (MAD),1180,19h40,2,"7:25 PM on Fri, Jul 10","8:05 AM on Sat, Jul 11",+1,True,False,,high,,2099.0
google_flights,2026-07-10,Fri,2026-08-03,Mon,23,ORY,CUZ,1819.0,70,0,1889.0,€1819,"Air Europa, Sky Airline",Madrid (MAD),1180,19h40,2,"7:25 PM on Fri, Jul 10","8:05 AM on Sat, Jul 11",+1,True,False,,,,2099.0
google_flights,2026-07-18,Sat,2026-08-10,Mon,22,ORY,CUZ,1819.0,70,0,1889.0,€1819,"Air Europa, Sky Airline",Madrid (MAD),1180,19h40,2,"7:25 PM on Sat, Jul 18","8:05 AM on Sun, Jul 19",+1,True,False,,high,,2099.0
google_flights,2026-08-22,Sat,2026-09-14,Mon,22,CDG,AQP,1756.0,60,0,1816.0,€1756,"Iberia, LATAM",Madrid (MAD) → Madrid (MAD) / São Paulo (GRU),1330,22h10,2,"6:50 PM on Sat, Aug 22","10:00 AM on Sun, Aug 23",+1,True,False,,typical,,2101.0
google_flights,2026-08-15,Sat,2026-09-06,Sun,21,CDG,AQP,1864.0,60,0,1924.0,€1864,"Air France, KLM, LATAM",Paris (CDG) → Amsterdam (AMS) → Madrid (MAD) / São Paulo (GRU),1115,18h35,2,"7:10 AM on Sat, Aug 15","6:45 PM on Sat, Aug 15",,True,False,,typical,,2101.5
google_flights,2026-07-31,Fri,2026-08-22,Sat,21,ORY,LIM,2032.0,70,0,2102.0,€2032,Air Europa,Madrid (MAD),960,16h,1,"7:25 PM on Fri, Jul 31","4:25 AM on Sat, Aug 1",+1,True,False,,high,,2102.0
google_flights,2026-07-31,Fri,2026-08-23,Sun,22,ORY,LIM,2032.0,70,0,2102.0,€2032,Air Europa,Madrid (MAD),960,16h,1,"7:25 PM on Fri, Jul 31","4:25 AM on Sat, Aug 1",+1,True,False,,high,,2102.0
google_flights,2026-08-20,Thu,2026-09-14,Mon,24,CDG,CUZ,1580.0,60,0,1640.0,€1580,"Air Canada, Avianca",Montréal (YUL) / Toronto (YYZ) → Bogotá (BOG),1690,28h10,2,"2:10 PM on Thu, Aug 20","11:20 AM on Fri, Aug 21",+1,True,False,,typical,,2105.0
google_flights,2026-10-01,Thu,2026-10-24,Sat,22,BRU,CUZ,1763.0,100,0,1863.0,€1763,"Iberia, LATAM",Madrid (MAD) → Madrid (MAD) / São Paulo (GRU),1245,20h45,2,"7:45 PM on Thu, Oct 1","9:30 AM on Fri, Oct 2",+1,True,False,,high,,2105.5
google_flights,2026-10-01,Thu,2026-10-26,Mon,24,BRU,CUZ,1763.0,100,0,1863.0,€1763,"Iberia, LATAM",Madrid (MAD) → Madrid (MAD) / São Paulo (GRU),1245,20h45,2,"7:45 PM on Thu, Oct 1","9:30 AM on Fri, Oct 2",+1,True,False,,high,,2105.5
google_flights,2026-10-02,Fri,2026-10-24,Sat,21,BRU,CUZ,1763.0,100,0,1863.0,€1763,"Iberia, LATAM",Madrid (MAD) → Madrid (MAD) / São Paulo (GRU),1245,20h45,2,"7:45 PM on Fri, Oct 2","9:30 AM on Sat, Oct 3",+1,True,False,,high,,2105.5
google_flights,2026-10-09,Fri,2026-11-01,Sun,22,BRU,CUZ,1763.0,100,0,1863.0,€1763,"Iberia, LATAM",Madrid (MAD) → Madrid (MAD) / São Paulo (GRU),1245,20h45,2,"7:45 PM on Fri, Oct 9","9:30 AM on Sat, Oct 10",+1,True,False,,high,,2105.5
google_flights,2026-07-04,Sat,2026-07-26,Sun,21,ORY,CUZ,1759.0,70,0,1829.0,€1759,"Air Europa, Sky Airline",Madrid (MAD),1315,21h55,2,"5:10 PM on Sat, Jul 4","8:05 AM on Sun, Jul 5",+1,True,False,,high,,2106.5
google_flights,2026-07-04,Sat,2026-07-27,Mon,22,ORY,CUZ,1759.0,70,0,1829.0,€1759,"Air Europa, Sky Airline",Madrid (MAD),1315,21h55,2,"5:10 PM on Sat, Jul 4","8:05 AM on Sun, Jul 5",+1,True,False,,,,2106.5
google_flights,2026-07-10,Fri,2026-08-02,Sun,22,ORY,CUZ,1759.0,70,0,1829.0,€1759,"Air Europa, Sky Airline",Madrid (MAD),1315,21h55,2,"5:10 PM on Fri, Jul 10","8:05 AM on Sat, Jul 11",+1,True,False,,high,,2106.5
google_flights,2026-07-10,Fri,2026-08-03,Mon,23,ORY,CUZ,1759.0,70,0,1829.0,€1759,"Air Europa, Sky Airline",Madrid (MAD),1315,21h55,2,"5:10 PM on Fri, Jul 10","8:05 AM on Sat, Jul 11",+1,True,False,,,,2106.5
google_flights,2026-08-15,Sat,2026-09-07,Mon,22,BRU,AQP,1804.0,100,0,1904.0,€1804,"KLM, LATAM",Amsterdam (AMS) → Madrid (MAD) / São Paulo (GRU),1165,19h25,2,"6:20 AM on Sat, Aug 15","6:45 PM on Sat, Aug 15",,True,False,,typical,,2106.5
google_flights,2026-08-01,Sat,2026-08-23,Sun,21,AMS,LIM,1933.0,150,0,2083.0,€1933,"KLM, COPA",Amsterdam (AMS) → Panama (PTY),1010,16h50,1,"12:55 PM on Sat, Aug 1","10:45 PM on Sat, Aug 1",,True,False,,high,,2108.0
google_flights,2026-08-13,Thu,2026-09-07,Mon,24,ORY,CUZ,1724.0,70,0,1794.0,€1724,"Air Europa, Sky Airline",Madrid (MAD),1390,23h10,2,"7:25 PM on Thu, Aug 13","11:35 AM on Fri, Aug 14",+1,True,False,,typical,,2109.0
google_flights,2026-09-12,Sat,2026-10-03,Sat,20,BRU,CUZ,1539.0,100,0,1639.0,€1539,"Air Europa, Sky Airline",Madrid (MAD),1700,28h20,2,"10:45 AM on Sat, Sep 12","8:05 AM on Sun, Sep 13",+1,False,False,,,,2109.0
google_flights,2026-10-01,Thu,2026-10-26,Mon,24,AMS,AQP,1904.0,150,0,2054.0,€1904,"KLM, LATAM",Amsterdam (AMS) → Madrid (MAD) / São Paulo (GRU),1070,17h50,1,"9:55 AM on Thu, Oct 1","8:45 PM on Thu, Oct 1",,True,False,,typical,,2109.0
google_flights,2026-07-02,Thu,2026-07-27,Mon,24,BRU,CUZ,1784.0,100,0,1884.0,€1784,"Air Europa, Sky Airline",Madrid (MAD),1210,20h10,2,"6:55 PM on Thu, Jul 2","8:05 AM on Fri, Jul 3",+1,True,False,,typical,,2109.0
google_flights,2026-09-10,Thu,2026-10-03,Sat,22,BRU,AQP,1800.0,100,0,1900.0,€1800,"KLM, LATAM",Amsterdam (AMS) → Madrid (MAD) / São Paulo (GRU),1180,19h40,2,"8:05 AM on Thu, Sep 10","8:45 PM on Thu, Sep 10",,True,False,,,,2110.0
google_flights,2026-09-05,Sat,2026-09-27,Sun,21,BRU,CUZ,1768.0,100,0,1868.0,€1768,"Iberia, LATAM",Madrid (MAD) → Madrid (MAD) / São Paulo (GRU),1250,20h50,2,"7:40 PM on Sat, Sep 5","9:30 AM on Sun, Sep 6",+1,True,False,,typical,,2113.0
google_flights,2026-08-08,Sat,2026-08-31,Mon,22,BRU,CUZ,1789.0,100,0,1889.0,€1789,"Air Europa, Sky Airline",Madrid (MAD),1210,20h10,2,"6:55 PM on Sat, Aug 8","8:05 AM on Sun, Aug 9",+1,True,False,,,,2114.0
google_flights,2026-08-15,Sat,2026-09-05,Sat,20,BRU,CUZ,1684.0,100,0,1784.0,€1684,"Air Europa, Sky Airline",Madrid (MAD),1420,23h40,2,"6:55 PM on Sat, Aug 15","11:35 AM on Sun, Aug 16",+1,False,False,,,,2114.0
google_flights,2026-08-29,Sat,2026-09-20,Sun,21,AMS,CUZ,1715.0,150,0,1865.0,€1715,"Iberia, LATAM",Madrid (MAD) → Madrid (MAD) / São Paulo (GRU),1265,21h05,2,"7:25 PM on Sat, Aug 29","9:30 AM on Sun, Aug 30",+1,True,False,,typical,,2117.5
google_flights,2026-10-23,Fri,2026-11-14,Sat,21,CDG,AQP,1695.0,60,0,1755.0,€1695,LATAM,Madrid (MAD) / São Paulo (GRU),1485,24h45,2,"1:00 PM on Fri, Oct 23","6:45 AM on Sat, Oct 24",+1,True,False,,,,2117.5
google_flights,2026-08-29,Sat,2026-09-19,Sat,20,AMS,CUZ,1715.0,150,0,1865.0,€1715,"Iberia, LATAM",Madrid (MAD) → Madrid (MAD) / São Paulo (GRU),1265,21h05,2,"7:25 PM on Sat, Aug 29","9:30 AM on Sun, Aug 30",+1,True,False,,typical,,2117.5
google_flights,2026-07-11,Sat,2026-08-01,Sat,20,ORY,CUZ,1839.0,70,0,1909.0,€1839,"Air Europa, Sky Airline",Madrid (MAD),1180,19h40,2,"7:25 PM on Sat, Jul 11","8:05 AM on Sun, Jul 12",+1,True,False,,high,,2119.0
google_flights,2026-08-20,Thu,2026-09-14,Mon,24,BRU,CUZ,1777.0,100,0,1877.0,€1777,"Iberia, LATAM",Madrid (MAD) → Madrid (MAD) / São Paulo (GRU),1245,20h45,2,"7:45 PM on Thu, Aug 20","9:30 AM on Fri, Aug 21",+1,False,False,,low,,2119.5
google_flights,2026-10-02,Fri,2026-10-25,Sun,22,BRU,AQP,1764.0,100,0,1864.0,€1764,"Iberia, LATAM",Madrid (MAD) → Madrid (MAD) / São Paulo (GRU),1275,21h15,2,"7:45 PM on Fri, Oct 2","10:00 AM on Sat, Oct 3",+1,True,False,,typical,,2121.5
google_flights,2026-10-02,Fri,2026-10-26,Mon,23,BRU,AQP,1764.0,100,0,1864.0,€1764,"Iberia, LATAM",Madrid (MAD) → Madrid (MAD) / São Paulo (GRU),1275,21h15,2,"7:45 PM on Fri, Oct 2","10:00 AM on Sat, Oct 3",+1,True,False,,typical,,2121.5
google_flights,2026-08-28,Fri,2026-09-21,Mon,23,AMS,CUZ,1751.0,150,0,1901.0,€1751,"Air Europa, Sky Airline",Madrid (MAD),1205,20h05,2,"7:00 PM on Fri, Aug 28","8:05 AM on Sat, Aug 29",+1,True,False,,typical,,2123.5
google_flights,2026-10-02,Fri,2026-10-24,Sat,21,CDG,AQP,1841.0,60,0,1901.0,€1841,"Iberia, LATAM",Madrid (MAD) → Madrid (MAD) / São Paulo (GRU),1205,20h05,2,"8:55 PM on Fri, Oct 2","10:00 AM on Sat, Oct 3",+1,True,False,,typical,,2123.5
google_flights,2026-10-09,Fri,2026-10-31,Sat,21,CDG,AQP,1841.0,60,0,1901.0,€1841,"Iberia, LATAM",Madrid (MAD) → Madrid (MAD) / São Paulo (GRU),1205,20h05,2,"8:55 PM on Fri, Oct 9","10:00 AM on Sat, Oct 10",+1,True,False,,,,2123.5
google_flights,2026-09-10,Thu,2026-10-05,Mon,24,CDG,CUZ,1782.0,60,0,1842.0,€1782,"Iberia, LATAM",Madrid (MAD) → Madrid (MAD) / São Paulo (GRU),1325,22h05,2,"6:55 PM on Thu, Sep 10","10:00 AM on Fri, Sep 11",+1,True,False,,,,2124.5
google_flights,2026-09-05,Sat,2026-09-28,Mon,22,CDG,AQP,1888.0,60,0,1948.0,€1888,"Air France, KLM, LATAM",Paris (CDG) → Amsterdam (AMS) → Madrid (MAD) / São Paulo (GRU),1115,18h35,2,"7:10 AM on Sat, Sep 5","6:45 PM on Sat, Sep 5",,True,False,,high,,2125.5
google_flights,2026-08-21,Fri,2026-09-12,Sat,21,AMS,AQP,1642.0,150,0,1792.0,€1642,"Air Europa, Sky Airline",Madrid (MAD),1430,23h50,2,"7:00 PM on Fri, Aug 21","11:50 AM on Sat, Aug 22",+1,True,False,,typical,,2127.0
google_flights,2026-10-08,Thu,2026-10-31,Sat,22,BRU,CUZ,1788.0,100,0,1888.0,€1788,"Iberia, LATAM",Madrid (MAD) → Madrid (MAD) / São Paulo (GRU),1245,20h45,2,"7:45 PM on Thu, Oct 8","9:30 AM on Fri, Oct 9",+1,True,False,,,,2130.5
google_flights,2026-10-10,Sat,2026-10-31,Sat,20,BRU,CUZ,1788.0,100,0,1888.0,€1788,"Iberia, LATAM",Madrid (MAD) → Madrid (MAD) / São Paulo (GRU),1245,20h45,2,"7:45 PM on Sat, Oct 10","9:30 AM on Sun, Oct 11",+1,True,False,,high,,2130.5
google_flights,2026-09-24,Thu,2026-10-17,Sat,22,ORY,AQP,1840.0,70,0,1910.0,€1840,"Iberia, LATAM",Madrid (MAD) → Madrid (MAD) / São Paulo (GRU),1205,20h05,2,"8:55 PM on Thu, Sep 24","10:00 AM on Fri, Sep 25",+1,True,False,,high,,2132.5
google_flights,2026-10-01,Thu,2026-10-24,Sat,22,ORY,AQP,1840.0,70,0,1910.0,€1840,"Iberia, LATAM",Madrid (MAD) → Madrid (MAD) / São Paulo (GRU),1205,20h05,2,"8:55 PM on Thu, Oct 1","10:00 AM on Fri, Oct 2",+1,True,False,,typical,,2132.5
google_flights,2026-10-08,Thu,2026-10-31,Sat,22,ORY,AQP,1840.0,70,0,1910.0,€1840,"Iberia, LATAM",Madrid (MAD) → Madrid (MAD) / São Paulo (GRU),1205,20h05,2,"8:55 PM on Thu, Oct 8","10:00 AM on Fri, Oct 9",+1,True,False,,typical,,2132.5
google_flights,2026-10-22,Thu,2026-11-15,Sun,23,ORY,AQP,1840.0,70,0,1910.0,€1840,"Iberia, LATAM",Madrid (MAD) → Madrid (MAD) / São Paulo (GRU),1205,20h05,2,"8:55 PM on Thu, Oct 22","10:00 AM on Fri, Oct 23",+1,True,False,,typical,,2132.5
google_flights,2026-10-23,Fri,2026-11-15,Sun,22,ORY,AQP,1840.0,70,0,1910.0,€1840,"Iberia, LATAM",Madrid (MAD) → Madrid (MAD) / São Paulo (GRU),1205,20h05,2,"8:55 PM on Fri, Oct 23","10:00 AM on Sat, Oct 24",+1,True,False,,typical,,2132.5
google_flights,2026-08-14,Fri,2026-09-05,Sat,21,CDG,CUZ,1563.0,60,0,1623.0,€1563,"Air Canada, Avianca",Montréal (YUL) / Toronto (YYZ) → Bogotá (BOG),1780,29h40,2,"12:40 PM on Fri, Aug 14","11:20 AM on Sat, Aug 15",+1,True,False,,typical,,2133.0
google_flights,2026-07-02,Thu,2026-07-26,Sun,23,AMS,CUZ,1761.0,150,0,1911.0,€1761,"Air Europa, Sky Airline",Madrid (MAD),1205,20h05,2,"7:00 PM on Thu, Jul 2","8:05 AM on Fri, Jul 3",+1,True,False,,typical,,2133.5
google_flights,2026-07-04,Sat,2026-07-26,Sun,21,AMS,CUZ,1761.0,150,0,1911.0,€1761,"Air Europa, Sky Airline",Madrid (MAD),1205,20h05,2,"7:00 PM on Sat, Jul 4","8:05 AM on Sun, Jul 5",+1,True,False,,,,2133.5
google_flights,2026-08-14,Fri,2026-09-06,Sun,22,ORY,AQP,1741.0,70,0,1811.0,€1741,"Air Europa, Sky Airline",Madrid (MAD),1405,23h25,2,"7:25 PM on Fri, Aug 14","11:50 AM on Sat, Aug 15",+1,True,False,,typical,,2133.5
google_flights,2026-09-05,Sat,2026-09-26,Sat,20,AMS,AQP,1716.0,150,0,1866.0,€1716,"Iberia, LATAM",Madrid (MAD) → Madrid (MAD) / São Paulo (GRU),1295,21h35,2,"7:25 PM on Sat, Sep 5","10:00 AM on Sun, Sep 6",+1,True,False,,typical,,2133.5
google_flights,2026-08-28,Fri,2026-09-19,Sat,21,AMS,CUZ,1715.0,150,0,1865.0,€1715,"Iberia, LATAM",Madrid (MAD) → Madrid (MAD) / São Paulo (GRU),1300,21h40,2,"7:20 AM on Fri, Aug 28","10:00 PM on Fri, Aug 28",,True,False,,typical,,2135.0
google_flights,2026-08-28,Fri,2026-09-20,Sun,22,AMS,CUZ,1715.0,150,0,1865.0,€1715,"Iberia, LATAM",Madrid (MAD) → Madrid (MAD) / São Paulo (GRU),1300,21h40,2,"7:20 AM on Fri, Aug 28","10:00 PM on Fri, Aug 28",,True,False,,typical,,2135.0
google_flights,2026-09-25,Fri,2026-10-19,Mon,23,AMS,CUZ,1715.0,150,0,1865.0,€1715,"Iberia, LATAM",Madrid (MAD) → Madrid (MAD) / São Paulo (GRU),1300,21h40,2,"7:20 AM on Fri, Sep 25","10:00 PM on Fri, Sep 25",,True,False,,,,2135.0
google_flights,2026-08-21,Fri,2026-09-14,Mon,23,BRU,AQP,1714.0,100,0,1814.0,€1714,"Iberia, LATAM",Madrid (MAD) → Madrid (MAD) / São Paulo (GRU),1405,23h25,2,"7:40 PM on Fri, Aug 21","12:05 PM on Sat, Aug 22",+1,True,False,,typical,,2136.5
google_flights,2026-08-13,Thu,2026-09-06,Sun,23,BRU,AQP,1700.0,100,0,1800.0,€1700,"Air Europa, Sky Airline",Madrid (MAD),1435,23h55,2,"6:55 PM on Thu, Aug 13","11:50 AM on Fri, Aug 14",+1,True,False,,,,2137.5
google_flights,2026-09-11,Fri,2026-10-03,Sat,21,AMS,CUZ,1735.0,150,0,1885.0,€1735,"Iberia, LATAM",Madrid (MAD) → Madrid (MAD) / São Paulo (GRU),1265,21h05,2,"7:25 PM on Fri, Sep 11","9:30 AM on Sat, Sep 12",+1,True,False,,high,,2137.5
google_flights,2026-07-16,Thu,2026-08-10,Mon,24,CDG,AQP,1901.0,60,0,1961.0,€1901,"Air France, KLM, LATAM",Paris (CDG) → Amsterdam (AMS) → Madrid (MAD) / São Paulo (GRU),1115,18h35,2,"7:10 AM on Thu, Jul 16","6:45 PM on Thu, Jul 16",,True,False,,high,,2138.5
google_flights,2026-07-18,Sat,2026-08-08,Sat,20,ORY,CUZ,1859.0,70,0,1929.0,€1859,"Air Europa, Sky Airline",Madrid (MAD),1180,19h40,2,"7:25 PM on Sat, Jul 18","8:05 AM on Sun, Jul 19",+1,True,False,,,,2139.0
google_flights,2026-07-18,Sat,2026-08-09,Sun,21,ORY,CUZ,1859.0,70,0,1929.0,€1859,"Air Europa, Sky Airline",Madrid (MAD),1180,19h40,2,"7:25 PM on Sat, Jul 18","8:05 AM on Sun, Jul 19",+1,True,False,,,,2139.0
google_flights,2026-09-25,Fri,2026-10-17,Sat,21,ORY,AQP,1740.0,70,0,1810.0,€1740,"Iberia, LATAM",Madrid (MAD) → Madrid (MAD) / São Paulo (GRU),1420,23h40,2,"5:20 PM on Fri, Sep 25","10:00 AM on Sat, Sep 26",+1,True,False,,typical,,2140.0
google_flights,2026-08-20,Thu,2026-09-13,Sun,23,AMS,AQP,1723.0,150,0,1873.0,€1723,"Iberia, LATAM",Madrid (MAD) → Madrid (MAD) / São Paulo (GRU),1295,21h35,2,"7:25 PM on Thu, Aug 20","10:00 AM on Fri, Aug 21",+1,True,False,,,,2140.5
google_flights,2026-08-21,Fri,2026-09-13,Sun,22,AMS,AQP,1991.0,150,0,2141.0,€1991,"KLM, LATAM",Amsterdam (AMS) → Madrid (MAD) / São Paulo (GRU),950,15h50,1,"9:55 AM on Fri, Aug 21","6:45 PM on Fri, Aug 21",,True,False,,,,2141.0
google_flights,2026-08-01,Sat,2026-08-24,Mon,22,ORY,LIM,2072.0,70,0,2142.0,€2072,Air Europa,Madrid (MAD),960,16h,1,"7:25 PM on Sat, Aug 1","4:25 AM on Sun, Aug 2",+1,True,False,,high,,2142.0
google_flights,2026-08-13,Thu,2026-09-07,Mon,24,ORY,CUZ,1864.0,70,0,1934.0,€1864,"Air Europa, Sky Airline",Madrid (MAD),1180,19h40,2,"7:25 PM on Thu, Aug 13","8:05 AM on Fri, Aug 14",+1,False,False,,typical,,2144.0
google_flights,2026-07-25,Sat,2026-08-16,Sun,21,ORY,CUZ,1799.0,70,0,1869.0,€1799,"Air Europa, Sky Airline",Madrid (MAD),1315,21h55,2,"5:10 PM on Sat, Jul 25","8:05 AM on Sun, Jul 26",+1,True,False,,high,,2146.5
google_flights,2026-08-20,Thu,2026-09-14,Mon,24,BRU,AQP,1789.0,100,0,1889.0,€1789,"Iberia, LATAM",Madrid (MAD) → Madrid (MAD) / São Paulo (GRU),1275,21h15,2,"7:45 PM on Thu, Aug 20","10:00 AM on Fri, Aug 21",+1,True,False,,typical,,2146.5
google_flights,2026-10-30,Fri,2026-11-21,Sat,21,AMS,CUZ,1795.0,150,0,1945.0,€1795,"Iberia, LATAM",Madrid (MAD) → Madrid (MAD) / São Paulo (GRU),1165,19h25,2,"7:55 PM on Fri, Oct 30","9:20 AM on Sat, Oct 31",+1,True,False,,typical,,2147.5
google_flights,2026-08-13,Thu,2026-09-05,Sat,22,ORY,AQP,1756.0,70,0,1826.0,€1756,"Air Europa, Sky Airline",Madrid (MAD),1405,23h25,2,"7:25 PM on Thu, Aug 13","11:50 AM on Fri, Aug 14",+1,True,False,,typical,,2148.5
google_flights,2026-07-04,Sat,2026-07-26,Sun,21,BRU,CUZ,1824.0,100,0,1924.0,€1824,"Air Europa, Sky Airline",Madrid (MAD),1210,20h10,2,"6:55 PM on Sat, Jul 4","8:05 AM on Sun, Jul 5",+1,True,False,,typical,,2149.0
google_flights,2026-07-09,Thu,2026-08-02,Sun,23,BRU,CUZ,1824.0,100,0,1924.0,€1824,"Air Europa, Sky Airline",Madrid (MAD),1210,20h10,2,"6:55 PM on Thu, Jul 9","8:05 AM on Fri, Jul 10",+1,True,False,,typical,,2149.0
google_flights,2026-07-09,Thu,2026-08-03,Mon,24,BRU,CUZ,1824.0,100,0,1924.0,€1824,"Air Europa, Sky Airline",Madrid (MAD),1210,20h10,2,"6:55 PM on Thu, Jul 9","8:05 AM on Fri, Jul 10",+1,True,False,,typical,,2149.0
google_flights,2026-08-14,Fri,2026-09-07,Mon,23,ORY,CUZ,1764.0,70,0,1834.0,€1764,"Air Europa, Sky Airline",Madrid (MAD),1390,23h10,2,"7:25 PM on Fri, Aug 14","11:35 AM on Sat, Aug 15",+1,True,False,,typical,,2149.0
google_flights,2026-09-04,Fri,2026-09-26,Sat,21,BRU,AQP,1789.0,100,0,1889.0,€1789,"Iberia, LATAM",Madrid (MAD) → Madrid (MAD) / São Paulo (GRU),1280,21h20,2,"7:40 PM on Fri, Sep 4","10:00 AM on Sat, Sep 5",+1,True,False,,,,2149.0
google_flights,2026-09-12,Sat,2026-10-04,Sun,21,BRU,AQP,1789.0,100,0,1889.0,€1789,"Iberia, LATAM",Madrid (MAD) → Madrid (MAD) / São Paulo (GRU),1280,21h20,2,"7:40 PM on Sat, Sep 12","10:00 AM on Sun, Sep 13",+1,True,False,,typical,,2149.0
google_flights,2026-10-24,Sat,2026-11-14,Sat,20,CDG,CUZ,1744.0,60,0,1804.0,€1744,LATAM,Madrid (MAD) / São Paulo (GRU),1450,24h10,2,"1:00 PM on Sat, Oct 24","6:10 AM on Sun, Oct 25",+1,True,False,,,,2149.0
google_flights,2026-09-10,Thu,2026-10-03,Sat,22,AMS,CUZ,1615.0,150,0,1765.0,€1615,"Iberia, LATAM",Madrid (MAD) → Madrid (MAD) / São Paulo (GRU),1530,25h30,2,"3:00 PM on Thu, Sep 10","9:30 AM on Fri, Sep 11",+1,False,False,,,,2150.0
google_flights,2026-08-20,Thu,2026-09-13,Sun,23,AMS,CUZ,1715.0,150,0,1865.0,€1715,"Iberia, LATAM",Madrid (MAD) → Madrid (MAD) / São Paulo (GRU),1335,22h15,2,"7:20 AM on Thu, Aug 20","10:35 PM on Thu, Aug 20",,True,False,,typical,,2152.5
google_flights,2026-10-17,Sat,2026-11-07,Sat,20,AMS,CUZ,1735.0,150,0,1885.0,€1735,"Iberia, LATAM",Madrid (MAD) → Madrid (MAD) / São Paulo (GRU),1295,21h35,2,"7:25 PM on Sat, Oct 17","10:00 AM on Sun, Oct 18",+1,True,False,,high,,2152.5
google_flights,2026-07-02,Thu,2026-07-27,Mon,24,ORY,AQP,1761.0,70,0,1831.0,€1761,"Air Europa, Sky Airline",Madrid (MAD),1405,23h25,2,"7:25 PM on Thu, Jul 2","11:50 AM on Fri, Jul 3",+1,True,False,,,,2153.5
google_flights,2026-07-04,Sat,2026-07-27,Mon,22,ORY,AQP,1761.0,70,0,1831.0,€1761,"Air Europa, Sky Airline",Madrid (MAD),1405,23h25,2,"7:25 PM on Sat, Jul 4","11:50 AM on Sun, Jul 5",+1,True,False,,,,2153.5
google_flights,2026-08-27,Thu,2026-09-19,Sat,22,AMS,AQP,1736.0,150,0,1886.0,€1736,"Iberia, LATAM",Madrid (MAD) → Madrid (MAD) / São Paulo (GRU),1295,21h35,2,"7:25 PM on Thu, Aug 27","10:00 AM on Fri, Aug 28",+1,True,False,,typical,,2153.5
google_flights,2026-09-11,Fri,2026-10-03,Sat,21,AMS,AQP,1736.0,150,0,1886.0,€1736,"Iberia, LATAM",Madrid (MAD) → Madrid (MAD) / São Paulo (GRU),1295,21h35,2,"7:25 PM on Fri, Sep 11","10:00 AM on Sat, Sep 12",+1,True,False,,typical,,2153.5
google_flights,2026-09-10,Thu,2026-10-05,Mon,24,AMS,AQP,1949.0,150,0,2099.0,€1949,"KLM, LATAM",Amsterdam (AMS) → Madrid (MAD) / São Paulo (GRU),1070,17h50,1,"9:55 AM on Thu, Sep 10","8:45 PM on Thu, Sep 10",,True,False,,typical,,2154.0
google_flights,2026-09-10,Thu,2026-10-03,Sat,22,AMS,CUZ,1735.0,150,0,1885.0,€1735,"Iberia, LATAM",Madrid (MAD) → Madrid (MAD) / São Paulo (GRU),1300,21h40,2,"7:20 AM on Thu, Sep 10","10:00 PM on Thu, Sep 10",,True,False,,,,2155.0
google_flights,2026-10-01,Thu,2026-10-26,Mon,24,BRU,AQP,1735.0,100,0,1835.0,€1735,"Iberia, LATAM",Madrid (MAD) → Madrid (MAD) / São Paulo (GRU),1400,23h20,2,"7:45 PM on Thu, Oct 1","12:05 PM on Fri, Oct 2",+1,False,False,,,,2155.0
google_flights,2026-09-11,Fri,2026-10-05,Mon,23,BRU,CUZ,1812.0,100,0,1912.0,€1812,"Iberia, LATAM",Madrid (MAD) → Madrid (MAD) / São Paulo (GRU),1250,20h50,2,"7:40 PM on Fri, Sep 11","9:30 AM on Sat, Sep 12",+1,False,False,,high,,2157.0
google_flights,2026-08-21,Fri,2026-09-13,Sun,22,CDG,CUZ,1890.0,60,0,1950.0,€1890,"Iberia, LATAM",Madrid (MAD) → Madrid (MAD) / São Paulo (GRU),1175,19h35,2,"8:55 PM on Fri, Aug 21","9:30 AM on Sat, Aug 22",+1,True,False,,high,,2157.5
google_flights,2026-09-10,Thu,2026-10-04,Sun,23,AMS,AQP,1740.0,150,0,1890.0,€1740,"Iberia, LATAM",Madrid (MAD) → Madrid (MAD) / São Paulo (GRU),1295,21h35,2,"7:25 PM on Thu, Sep 10","10:00 AM on Fri, Sep 11",+1,True,False,,typical,,2157.5
google_flights,2026-07-04,Sat,2026-07-26,Sun,21,ORY,CUZ,1879.0,70,0,1949.0,€1879,"Air Europa, Sky Airline",Madrid (MAD),1180,19h40,2,"7:25 PM on Sat, Jul 4","8:05 AM on Sun, Jul 5",+1,True,False,,high,,2159.0
google_flights,2026-07-04,Sat,2026-07-26,Sun,21,AMS,AQP,1634.0,150,0,1784.0,€1634,LATAM,Madrid (MAD) / São Paulo (GRU),1510,25h10,2,"1:10 PM on Sat, Jul 4","7:20 AM on Sun, Jul 5",+1,False,False,,,,2159.0
google_flights,2026-07-04,Sat,2026-07-27,Mon,22,ORY,CUZ,1879.0,70,0,1949.0,€1879,"Air Europa, Sky Airline",Madrid (MAD),1180,19h40,2,"7:25 PM on Sat, Jul 4","8:05 AM on Sun, Jul 5",+1,True,False,,,,2159.0
google_flights,2026-07-17,Fri,2026-08-10,Mon,23,ORY,CUZ,1879.0,70,0,1949.0,€1879,"Air Europa, Sky Airline",Madrid (MAD),1180,19h40,2,"7:25 PM on Fri, Jul 17","8:05 AM on Sat, Jul 18",+1,True,False,,,,2159.0
google_flights,2026-07-04,Sat,2026-07-25,Sat,20,AMS,CUZ,1657.0,150,0,1807.0,€1657,LATAM,Madrid (MAD) / São Paulo (GRU),1465,24h25,2,"1:10 PM on Sat, Jul 4","6:35 AM on Sun, Jul 5",+1,True,False,,,,2159.5
google_flights,2026-08-07,Fri,2026-08-31,Mon,23,ORY,CUZ,1814.0,70,0,1884.0,€1814,"Air Europa, Sky Airline",Madrid (MAD),1315,21h55,2,"5:10 PM on Fri, Aug 7","8:05 AM on Sat, Aug 8",+1,True,False,,typical,,2161.5
google_flights,2026-09-12,Sat,2026-10-04,Sun,21,AMS,CUZ,1902.0,150,0,2052.0,€1902,"KLM, LATAM",Amsterdam (AMS) → Madrid (MAD) / São Paulo (GRU),1180,19h40,1,"9:55 AM on Sat, Sep 12","10:35 PM on Sat, Sep 12",,False,False,,high,,2162.0
google_flights,2026-10-24,Sat,2026-11-15,Sun,21,CDG,CUZ,1840.0,60,0,1900.0,€1840,"Iberia, LATAM",Madrid (MAD) → Madrid (MAD) / São Paulo (GRU),1285,21h25,2,"6:55 PM on Sat, Oct 24","9:20 AM on Sun, Oct 25",+1,True,False,,high,,2162.5
google_flights,2026-08-27,Thu,2026-09-19,Sat,22,ORY,AQP,1871.0,70,0,1941.0,€1871,"Iberia, LATAM",Madrid (MAD) → Madrid (MAD) / São Paulo (GRU),1205,20h05,2,"8:55 PM on Thu, Aug 27","10:00 AM on Fri, Aug 28",+1,True,False,,,,2163.5
google_flights,2026-07-17,Fri,2026-08-10,Mon,23,ORY,CUZ,1819.0,70,0,1889.0,€1819,"Air Europa, Sky Airline",Madrid (MAD),1315,21h55,2,"5:10 PM on Fri, Jul 17","8:05 AM on Sat, Jul 18",+1,True,False,,,,2166.5
google_flights,2026-08-06,Thu,2026-08-31,Mon,24,BRU,CUZ,1859.0,100,0,1959.0,€1859,"KLM, LATAM",Amsterdam (AMS) → Madrid (MAD) / São Paulo (GRU),1175,19h35,2,"8:05 AM on Thu, Aug 6","8:40 PM on Thu, Aug 6",,True,False,,,,2166.5
google_flights,2026-08-14,Fri,2026-09-06,Sun,22,BRU,CUZ,1859.0,100,0,1959.0,€1859,"KLM, LATAM",Amsterdam (AMS) → Madrid (MAD) / São Paulo (GRU),1175,19h35,2,"8:05 AM on Fri, Aug 14","8:40 PM on Fri, Aug 14",,True,False,,,,2166.5
google_flights,2026-10-22,Thu,2026-11-16,Mon,24,BRU,AQP,1809.0,100,0,1909.0,€1809,"Iberia, LATAM",Madrid (MAD) → Madrid (MAD) / São Paulo (GRU),1275,21h15,2,"7:45 PM on Thu, Oct 22","10:00 AM on Fri, Oct 23",+1,True,False,,typical,,2166.5
google_flights,2026-08-14,Fri,2026-09-06,Sun,22,BRU,CUZ,1739.0,100,0,1839.0,€1739,"Air Europa, Sky Airline",Madrid (MAD),1420,23h40,2,"6:55 PM on Fri, Aug 14","11:35 AM on Sat, Aug 15",+1,True,False,,,,2169.0
google_flights,2026-10-03,Sat,2026-10-24,Sat,20,BRU,AQP,1789.0,100,0,1889.0,€1789,"Iberia, LATAM",Madrid (MAD) → Madrid (MAD) / São Paulo (GRU),1325,22h05,2,"7:45 PM on Sat, Oct 3","10:50 AM on Sun, Oct 4",+1,True,False,,typical,,2171.5
google_flights,2026-07-10,Fri,2026-08-01,Sat,21,BRU,CUZ,1744.0,100,0,1844.0,€1744,"Air Europa, Sky Airline",Madrid (MAD),1420,23h40,2,"6:55 PM on Fri, Jul 10","11:35 AM on Sat, Jul 11",+1,True,False,,,,2174.0
google_flights,2026-07-10,Fri,2026-08-03,Mon,23,BRU,CUZ,1744.0,100,0,1844.0,€1744,"Air Europa, Sky Airline",Madrid (MAD),1420,23h40,2,"6:55 PM on Fri, Jul 10","11:35 AM on Sat, Jul 11",+1,True,False,,,,2174.0
google_flights,2026-08-13,Thu,2026-09-05,Sat,22,AMS,AQP,1989.0,150,0,2139.0,€1989,"KLM, LATAM",Amsterdam (AMS) → Madrid (MAD) / São Paulo (GRU),1030,17h10,1,"9:55 AM on Thu, Aug 13","8:05 PM on Thu, Aug 13",,True,False,,typical,,2174.0
google_flights,2026-07-16,Thu,2026-08-10,Mon,24,BRU,AQP,1926.0,100,0,2026.0,€1926,"KLM, LATAM",Amsterdam (AMS) → Madrid (MAD) / São Paulo (GRU),1060,17h40,2,"8:05 AM on Thu, Jul 16","6:45 PM on Thu, Jul 16",,True,False,,,,2176.0
google_flights,2026-08-14,Fri,2026-09-06,Sun,22,BRU,AQP,1926.0,100,0,2026.0,€1926,"KLM, LATAM",Amsterdam (AMS) → Madrid (MAD) / São Paulo (GRU),1060,17h40,2,"8:05 AM on Fri, Aug 14","6:45 PM on Fri, Aug 14",,True,False,,typical,,2176.0
google_flights,2026-07-09,Thu,2026-08-03,Mon,24,AMS,AQP,1759.0,150,0,1909.0,€1759,"Iberia, LATAM",Madrid (MAD) → Madrid (MAD) / São Paulo (GRU),1295,21h35,2,"7:25 PM on Thu, Jul 9","10:00 AM on Fri, Jul 10",+1,True,False,,,,2176.5
google_flights,2026-08-21,Fri,2026-09-12,Sat,21,AMS,CUZ,1775.0,150,0,1925.0,€1775,"Iberia, LATAM",Madrid (MAD) → Madrid (MAD) / São Paulo (GRU),1265,21h05,2,"7:25 PM on Fri, Aug 21","9:30 AM on Sat, Aug 22",+1,True,False,,typical,,2177.5
google_flights,2026-09-04,Fri,2026-09-27,Sun,22,AMS,CUZ,1775.0,150,0,1925.0,€1775,"Iberia, LATAM",Madrid (MAD) → Madrid (MAD) / São Paulo (GRU),1265,21h05,2,"7:25 PM on Fri, Sep 4","9:30 AM on Sat, Sep 5",+1,True,False,,high,,2177.5
google_flights,2026-09-05,Sat,2026-09-27,Sun,21,AMS,CUZ,1775.0,150,0,1925.0,€1775,"Iberia, LATAM",Madrid (MAD) → Madrid (MAD) / São Paulo (GRU),1265,21h05,2,"7:25 PM on Sat, Sep 5","9:30 AM on Sun, Sep 6",+1,True,False,,high,,2177.5
google_flights,2026-08-28,Fri,2026-09-19,Sat,21,AMS,AQP,1736.0,150,0,1886.0,€1736,"Iberia, LATAM",Madrid (MAD) → Madrid (MAD) / São Paulo (GRU),1345,22h25,2,"7:25 PM on Fri, Aug 28","10:50 AM on Sat, Aug 29",+1,True,False,,typical,,2178.5
google_flights,2026-07-09,Thu,2026-08-01,Sat,22,ORY,CUZ,1899.0,70,0,1969.0,€1899,"Air Europa, Sky Airline",Madrid (MAD),1180,19h40,2,"7:25 PM on Thu, Jul 9","8:05 AM on Fri, Jul 10",+1,True,False,,high,,2179.0
google_flights,2026-07-25,Sat,2026-08-16,Sun,21,ORY,CUZ,1899.0,70,0,1969.0,€1899,"Air Europa, Sky Airline",Madrid (MAD),1180,19h40,2,"7:25 PM on Sat, Jul 25","8:05 AM on Sun, Jul 26",+1,True,False,,high,,2179.0
google_flights,2026-07-10,Fri,2026-08-01,Sat,21,ORY,CUZ,1899.0,70,0,1969.0,€1899,"Air Europa, Sky Airline",Madrid (MAD),1180,19h40,2,"7:25 PM on Fri, Jul 10","8:05 AM on Sat, Jul 11",+1,True,False,,high,,2179.0
google_flights,2026-07-02,Thu,2026-07-26,Sun,23,BRU,AQP,1745.0,100,0,1845.0,€1745,"Air Europa, Sky Airline",Madrid (MAD),1435,23h55,2,"6:55 PM on Thu, Jul 2","11:50 AM on Fri, Jul 3",+1,True,False,,,,2182.5
google_flights,2026-07-10,Fri,2026-08-01,Sat,21,BRU,AQP,1745.0,100,0,1845.0,€1745,"Air Europa, Sky Airline",Madrid (MAD),1435,23h55,2,"6:55 PM on Fri, Jul 10","11:50 AM on Sat, Jul 11",+1,True,False,,,,2182.5
google_flights,2026-07-10,Fri,2026-08-02,Sun,22,BRU,AQP,1745.0,100,0,1845.0,€1745,"Air Europa, Sky Airline",Madrid (MAD),1435,23h55,2,"6:55 PM on Fri, Jul 10","11:50 AM on Sat, Jul 11",+1,True,False,,,,2182.5
google_flights,2026-07-10,Fri,2026-08-03,Mon,23,BRU,AQP,1745.0,100,0,1845.0,€1745,"Air Europa, Sky Airline",Madrid (MAD),1435,23h55,2,"6:55 PM on Fri, Jul 10","11:50 AM on Sat, Jul 11",+1,True,False,,typical,,2182.5
google_flights,2026-07-11,Sat,2026-08-01,Sat,20,BRU,AQP,1745.0,100,0,1845.0,€1745,"Air Europa, Sky Airline",Madrid (MAD),1435,23h55,2,"6:55 PM on Sat, Jul 11","11:50 AM on Sun, Jul 12",+1,True,False,,,,2182.5
google_flights,2026-07-11,Sat,2026-08-02,Sun,21,BRU,AQP,1745.0,100,0,1845.0,€1745,"Air Europa, Sky Airline",Madrid (MAD),1435,23h55,2,"6:55 PM on Sat, Jul 11","11:50 AM on Sun, Jul 12",+1,True,False,,typical,,2182.5
google_flights,2026-07-11,Sat,2026-08-03,Mon,22,BRU,AQP,1745.0,100,0,1845.0,€1745,"Air Europa, Sky Airline",Madrid (MAD),1435,23h55,2,"6:55 PM on Sat, Jul 11","11:50 AM on Sun, Jul 12",+1,True,False,,typical,,2182.5
google_flights,2026-10-01,Thu,2026-10-26,Mon,24,CDG,AQP,1841.0,60,0,1901.0,€1841,"Iberia, LATAM",Madrid (MAD) → Madrid (MAD) / São Paulo (GRU),1325,22h05,2,"6:55 PM on Thu, Oct 1","10:00 AM on Fri, Oct 2",+1,True,False,,typical,,2183.5
google_flights,2026-09-19,Sat,2026-10-12,Mon,22,CDG,AQP,1841.0,60,0,1901.0,€1841,"Iberia, LATAM",Madrid (MAD) → Madrid (MAD) / São Paulo (GRU),1330,22h10,2,"6:50 PM on Sat, Sep 19","10:00 AM on Sun, Sep 20",+1,True,False,,high,,2186.0
google_flights,2026-07-10,Fri,2026-08-01,Sat,21,ORY,CUZ,1839.0,70,0,1909.0,€1839,"Air Europa, Sky Airline",Madrid (MAD),1315,21h55,2,"5:10 PM on Fri, Jul 10","8:05 AM on Sat, Jul 11",+1,True,False,,high,,2186.5
google_flights,2026-07-25,Sat,2026-08-16,Sun,21,BRU,CUZ,1864.0,100,0,1964.0,€1864,"Air Europa, Sky Airline",Madrid (MAD),1210,20h10,2,"6:55 PM on Sat, Jul 25","8:05 AM on Sun, Jul 26",+1,True,False,,typical,,2189.0
google_flights,2026-09-25,Fri,2026-10-19,Mon,23,AMS,CUZ,1775.0,150,0,1925.0,€1775,"Iberia, LATAM",Madrid (MAD) → Madrid (MAD) / São Paulo (GRU),1295,21h35,2,"7:25 PM on Fri, Sep 25","10:00 AM on Sat, Sep 26",+1,True,False,,,,2192.5
google_flights,2026-07-09,Thu,2026-08-01,Sat,22,AMS,CUZ,1821.0,150,0,1971.0,€1821,"Air Europa, Sky Airline",Madrid (MAD),1205,20h05,2,"7:00 PM on Thu, Jul 9","8:05 AM on Fri, Jul 10",+1,True,False,,,,2193.5
google_flights,2026-07-18,Sat,2026-08-10,Mon,22,AMS,CUZ,1821.0,150,0,1971.0,€1821,"Air Europa, Sky Airline",Madrid (MAD),1205,20h05,2,"7:00 PM on Sat, Jul 18","8:05 AM on Sun, Jul 19",+1,True,False,,,,2193.5
google_flights,2026-09-24,Thu,2026-10-18,Sun,23,AMS,AQP,1776.0,150,0,1926.0,€1776,"Iberia, LATAM",Madrid (MAD) → Madrid (MAD) / São Paulo (GRU),1295,21h35,2,"7:25 PM on Thu, Sep 24","10:00 AM on Fri, Sep 25",+1,True,False,,typical,,2193.5
google_flights,2026-09-25,Fri,2026-10-18,Sun,22,AMS,AQP,1776.0,150,0,1926.0,€1776,"Iberia, LATAM",Madrid (MAD) → Madrid (MAD) / São Paulo (GRU),1295,21h35,2,"7:25 PM on Fri, Sep 25","10:00 AM on Sat, Sep 26",+1,True,False,,typical,,2193.5
google_flights,2026-09-26,Sat,2026-10-18,Sun,21,AMS,AQP,1776.0,150,0,1926.0,€1776,"Iberia, LATAM",Madrid (MAD) → Madrid (MAD) / São Paulo (GRU),1295,21h35,2,"7:25 PM on Sat, Sep 26","10:00 AM on Sun, Sep 27",+1,True,False,,typical,,2193.5
google_flights,2026-10-22,Thu,2026-11-15,Sun,23,CDG,AQP,1856.0,60,0,1916.0,€1856,"Iberia, LATAM",Madrid (MAD) → Madrid (MAD) / São Paulo (GRU),1325,22h05,2,"6:55 PM on Thu, Oct 22","10:00 AM on Fri, Oct 23",+1,True,False,,high,,2198.5
google_flights,2026-07-17,Fri,2026-08-09,Sun,22,ORY,CUZ,1919.0,70,0,1989.0,€1919,"Air Europa, Sky Airline",Madrid (MAD),1180,19h40,2,"7:25 PM on Fri, Jul 17","8:05 AM on Sat, Jul 18",+1,True,False,,,,2199.0
google_flights,2026-07-04,Sat,2026-07-25,Sat,20,AMS,CUZ,1712.0,150,0,1862.0,€1712,LATAM,Madrid (MAD) / São Paulo (GRU),1440,24h,2,"1:10 PM on Sat, Jul 4","6:10 AM on Sun, Jul 5",+1,True,False,,,,2202.0
google_flights,2026-08-01,Sat,2026-08-22,Sat,20,ORY,LIM,2132.0,70,0,2202.0,€2132,Air Europa,Madrid (MAD),960,16h,1,"7:25 PM on Sat, Aug 1","4:25 AM on Sun, Aug 2",+1,True,False,,high,,2202.0
google_flights,2026-08-01,Sat,2026-08-23,Sun,21,ORY,LIM,2132.0,70,0,2202.0,€2132,Air Europa,Madrid (MAD),960,16h,1,"7:25 PM on Sat, Aug 1","4:25 AM on Sun, Aug 2",+1,True,False,,high,,2202.0
google_flights,2026-08-14,Fri,2026-09-05,Sat,21,BRU,AQP,1765.0,100,0,1865.0,€1765,"Air Europa, Sky Airline",Madrid (MAD),1435,23h55,2,"6:55 PM on Fri, Aug 14","11:50 AM on Sat, Aug 15",+1,True,False,,typical,,2202.5
google_flights,2026-08-14,Fri,2026-09-06,Sun,22,BRU,AQP,1765.0,100,0,1865.0,€1765,"Air Europa, Sky Airline",Madrid (MAD),1435,23h55,2,"6:55 PM on Fri, Aug 14","11:50 AM on Sat, Aug 15",+1,True,False,,typical,,2202.5
google_flights,2026-07-17,Fri,2026-08-09,Sun,22,ORY,CUZ,1859.0,70,0,1929.0,€1859,"Air Europa, Sky Airline",Madrid (MAD),1315,21h55,2,"5:10 PM on Fri, Jul 17","8:05 AM on Sat, Jul 18",+1,True,False,,,,2206.5
google_flights,2026-07-25,Sat,2026-08-15,Sat,20,ORY,CUZ,1859.0,70,0,1929.0,€1859,"Air Europa, Sky Airline",Madrid (MAD),1315,21h55,2,"5:10 PM on Sat, Jul 25","8:05 AM on Sun, Jul 26",+1,True,False,,,,2206.5
google_flights,2026-09-04,Fri,2026-09-26,Sat,21,BRU,CUZ,1863.0,100,0,1963.0,€1863,"Iberia, LATAM",Madrid (MAD) → Madrid (MAD) / São Paulo (GRU),1250,20h50,2,"7:40 PM on Fri, Sep 4","9:30 AM on Sat, Sep 5",+1,True,False,,high,,2208.0
google_flights,2026-09-25,Fri,2026-10-17,Sat,21,CDG,CUZ,1638.0,60,0,1698.0,€1638,"Air Canada, Avianca",Montréal (YUL) / Toronto (YYZ) → Bogotá (BOG),1780,29h40,2,"12:40 PM on Fri, Sep 25","11:20 AM on Sat, Sep 26",+1,False,False,,high,,2208.0
google_flights,2026-08-13,Thu,2026-09-06,Sun,23,CDG,CUZ,1684.0,60,0,1744.0,€1684,"Air Canada, Avianca",Montréal (YUL) / Toronto (YYZ) → Bogotá (BOG),1690,28h10,2,"2:10 PM on Thu, Aug 13","11:20 AM on Fri, Aug 14",+1,True,False,,,,2209.0
google_flights,2026-09-05,Sat,2026-09-26,Sat,20,BRU,AQP,1853.0,100,0,1953.0,€1853,"Iberia, LATAM",Madrid (MAD) → Madrid (MAD) / São Paulo (GRU),1280,21h20,2,"7:40 PM on Sat, Sep 5","10:00 AM on Sun, Sep 6",+1,True,False,,typical,,2213.0
google_flights,2026-07-17,Fri,2026-08-09,Sun,22,ORY,AQP,1821.0,70,0,1891.0,€1821,"Air Europa, Sky Airline",Madrid (MAD),1405,23h25,2,"7:25 PM on Fri, Jul 17","11:50 AM on Sat, Jul 18",+1,True,False,,,,2213.5
google_flights,2026-07-17,Fri,2026-08-10,Mon,23,ORY,AQP,1821.0,70,0,1891.0,€1821,"Air Europa, Sky Airline",Madrid (MAD),1405,23h25,2,"7:25 PM on Fri, Jul 17","11:50 AM on Sat, Jul 18",+1,True,False,,,,2213.5
google_flights,2026-07-18,Sat,2026-08-09,Sun,21,ORY,AQP,1821.0,70,0,1891.0,€1821,"Air Europa, Sky Airline",Madrid (MAD),1405,23h25,2,"7:25 PM on Sat, Jul 18","11:50 AM on Sun, Jul 19",+1,True,False,,,,2213.5
google_flights,2026-07-18,Sat,2026-08-10,Mon,22,ORY,AQP,1821.0,70,0,1891.0,€1821,"Air Europa, Sky Airline",Madrid (MAD),1405,23h25,2,"7:25 PM on Sat, Jul 18","11:50 AM on Sun, Jul 19",+1,True,False,,,,2213.5
google_flights,2026-08-15,Sat,2026-09-05,Sat,20,AMS,AQP,2009.0,150,0,2159.0,€2009,"KLM, LATAM",Amsterdam (AMS) → Madrid (MAD) / São Paulo (GRU),1070,17h50,1,"9:55 AM on Sat, Aug 15","8:45 PM on Sat, Aug 15",,True,False,,typical,,2214.0
google_flights,2026-08-13,Thu,2026-09-06,Sun,23,BRU,AQP,1926.0,100,0,2026.0,€1926,"KLM, LATAM",Amsterdam (AMS) → Madrid (MAD) / São Paulo (GRU),1140,19h,2,"8:05 AM on Thu, Aug 13","8:05 PM on Thu, Aug 13",,True,False,,,,2216.0
google_flights,2026-07-10,Fri,2026-08-03,Mon,23,BRU,CUZ,1858.0,100,0,1958.0,€1858,"Brussels Airlines, Avianca",Bruxelles (BRU) → Bogotá (BOG),1285,21h25,2,"8:55 PM on Fri, Jul 10","11:20 AM on Sat, Jul 11",+1,True,False,,,,2220.5
google_flights,2026-10-02,Fri,2026-10-24,Sat,21,BRU,AQP,1864.0,100,0,1964.0,€1864,"Iberia, LATAM",Madrid (MAD) → Madrid (MAD) / São Paulo (GRU),1275,21h15,2,"7:45 PM on Fri, Oct 2","10:00 AM on Sat, Oct 3",+1,True,False,,typical,,2221.5
google_flights,2026-10-03,Sat,2026-10-24,Sat,20,BRU,AQP,1864.0,100,0,1964.0,€1864,"Iberia, LATAM",Madrid (MAD) → Madrid (MAD) / São Paulo (GRU),1275,21h15,2,"7:45 PM on Sat, Oct 3","10:00 AM on Sun, Oct 4",+1,True,False,,typical,,2221.5
google_flights,2026-10-17,Sat,2026-11-07,Sat,20,ORY,CUZ,1953.0,70,0,2023.0,€1953,"Iberia, LATAM",Madrid (MAD) → Madrid (MAD) / São Paulo (GRU),1165,19h25,2,"10:10 AM on Sat, Oct 17","10:35 PM on Sat, Oct 17",,True,False,,high,,2225.5
google_flights,2026-07-16,Thu,2026-08-10,Mon,24,ORY,CUZ,1879.0,70,0,1949.0,€1879,"Air Europa, Sky Airline",Madrid (MAD),1315,21h55,2,"5:10 PM on Thu, Jul 16","8:05 AM on Fri, Jul 17",+1,True,False,,high,,2226.5
google_flights,2026-09-11,Fri,2026-10-05,Mon,23,BRU,AQP,1868.0,100,0,1968.0,€1868,"Iberia, LATAM",Madrid (MAD) → Madrid (MAD) / São Paulo (GRU),1280,21h20,2,"7:40 PM on Fri, Sep 11","10:00 AM on Sat, Sep 12",+1,True,False,,typical,,2228.0
google_flights,2026-07-09,Thu,2026-08-01,Sat,22,BRU,CUZ,1904.0,100,0,2004.0,€1904,"Air Europa, Sky Airline",Madrid (MAD),1210,20h10,2,"6:55 PM on Thu, Jul 9","8:05 AM on Fri, Jul 10",+1,True,False,,high,,2229.0
google_flights,2026-09-03,Thu,2026-09-26,Sat,22,AMS,CUZ,1810.0,150,0,1960.0,€1810,"Iberia, LATAM",Madrid (MAD) → Madrid (MAD) / São Paulo (GRU),1300,21h40,2,"7:20 AM on Thu, Sep 3","10:00 PM on Thu, Sep 3",,True,False,,high,,2230.0
google_flights,2026-07-04,Sat,2026-07-25,Sat,20,ORY,AQP,1841.0,70,0,1911.0,€1841,"Air Europa, Sky Airline",Madrid (MAD),1405,23h25,2,"7:25 PM on Sat, Jul 4","11:50 AM on Sun, Jul 5",+1,True,False,,high,,2233.5
google_flights,2026-08-07,Fri,2026-08-30,Sun,22,BRU,CUZ,1909.0,100,0,2009.0,€1909,"Air Europa, Sky Airline",Madrid (MAD),1210,20h10,2,"6:55 PM on Fri, Aug 7","8:05 AM on Sat, Aug 8",+1,True,False,,high,,2234.0
google_flights,2026-08-22,Sat,2026-09-13,Sun,21,CDG,CUZ,1890.0,60,0,1950.0,€1890,"Iberia, LATAM",Madrid (MAD) → Madrid (MAD) / São Paulo (GRU),1330,22h10,2,"6:50 AM on Sat, Aug 22","10:00 PM on Sat, Aug 22",,True,False,,high,,2235.0
google_flights,2026-10-15,Thu,2026-11-07,Sat,22,AMS,CUZ,1835.0,150,0,1985.0,€1835,"Iberia, LATAM",Madrid (MAD) → Madrid (MAD) / São Paulo (GRU),1265,21h05,2,"7:25 PM on Thu, Oct 15","9:30 AM on Fri, Oct 16",+1,True,False,,high,,2237.5
google_flights,2026-07-02,Thu,2026-07-25,Sat,22,ORY,CUZ,1959.0,70,0,2029.0,€1959,"Air Europa, Sky Airline",Madrid (MAD),1180,19h40,2,"7:25 PM on Thu, Jul 2","8:05 AM on Fri, Jul 3",+1,True,False,,high,,2239.0
google_flights,2026-07-23,Thu,2026-08-16,Sun,23,ORY,CUZ,1959.0,70,0,2029.0,€1959,"Air Europa, Sky Airline",Madrid (MAD),1180,19h40,2,"7:25 PM on Thu, Jul 23","8:05 AM on Fri, Jul 24",+1,True,False,,high,,2239.0
google_flights,2026-07-25,Sat,2026-08-15,Sat,20,ORY,CUZ,1959.0,70,0,2029.0,€1959,"Air Europa, Sky Airline",Madrid (MAD),1180,19h40,2,"7:25 PM on Sat, Jul 25","8:05 AM on Sun, Jul 26",+1,True,False,,,,2239.0
google_flights,2026-08-13,Thu,2026-09-06,Sun,23,ORY,CUZ,1854.0,70,0,1924.0,€1854,"Air Europa, Sky Airline",Madrid (MAD),1390,23h10,2,"7:25 PM on Thu, Aug 13","11:35 AM on Fri, Aug 14",+1,True,False,,typical,,2239.0
google_flights,2026-09-11,Fri,2026-10-03,Sat,21,BRU,CUZ,1863.0,100,0,1963.0,€1863,"Iberia, LATAM",Madrid (MAD) → Madrid (MAD) / São Paulo (GRU),1315,21h55,2,"7:05 AM on Fri, Sep 11","10:00 PM on Fri, Sep 11",,True,False,,typical,,2240.5
google_flights,2026-08-20,Thu,2026-09-12,Sat,22,ORY,AQP,1955.0,70,0,2025.0,€1955,"Iberia, LATAM",Madrid (MAD) → Madrid (MAD) / São Paulo (GRU),1205,20h05,2,"8:55 PM on Thu, Aug 20","10:00 AM on Fri, Aug 21",+1,True,False,,typical,,2247.5
google_flights,2026-08-07,Fri,2026-08-31,Mon,23,AMS,AQP,2100.0,150,0,2250.0,€2100,"KLM, LATAM",Amsterdam (AMS) → Madrid (MAD) / São Paulo (GRU),950,15h50,1,"9:55 AM on Fri, Aug 7","6:45 PM on Fri, Aug 7",,True,False,,typical,,2250.0
google_flights,2026-07-03,Fri,2026-07-26,Sun,22,CDG,AQP,1828.0,60,0,1888.0,€1828,LATAM,Madrid (MAD) / São Paulo (GRU),1485,24h45,2,"1:00 PM on Fri, Jul 3","6:45 AM on Sat, Jul 4",+1,True,False,,,,2250.5
google_flights,2026-10-23,Fri,2026-11-14,Sat,21,AMS,CUZ,2078.0,150,0,2228.0,€2078,"KLM, LATAM",Amsterdam (AMS) → Madrid (MAD) / São Paulo (GRU),1005,16h45,1,"9:55 AM on Fri, Oct 23","7:40 PM on Fri, Oct 23",,True,False,,high,,2250.5
google_flights,2026-07-09,Thu,2026-08-01,Sat,22,ORY,AQP,1960.0,70,0,2030.0,€1960,"Iberia, LATAM",Madrid (MAD) → Madrid (MAD) / São Paulo (GRU),1205,20h05,2,"8:55 PM on Thu, Jul 9","10:00 AM on Fri, Jul 10",+1,True,False,,high,,2252.5
google_flights,2026-07-09,Thu,2026-08-02,Sun,23,ORY,AQP,1960.0,70,0,2030.0,€1960,"Iberia, LATAM",Madrid (MAD) → Madrid (MAD) / São Paulo (GRU),1205,20h05,2,"8:55 PM on Thu, Jul 9","10:00 AM on Fri, Jul 10",+1,True,False,,high,,2252.5
google_flights,2026-07-09,Thu,2026-08-03,Mon,24,ORY,AQP,1960.0,70,0,2030.0,€1960,"Iberia, LATAM",Madrid (MAD) → Madrid (MAD) / São Paulo (GRU),1205,20h05,2,"8:55 PM on Thu, Jul 9","10:00 AM on Fri, Jul 10",+1,True,False,,high,,2252.5
google_flights,2026-10-08,Thu,2026-11-02,Mon,24,AMS,CUZ,1835.0,150,0,1985.0,€1835,"Iberia, LATAM",Madrid (MAD) → Madrid (MAD) / São Paulo (GRU),1295,21h35,2,"7:25 PM on Thu, Oct 8","10:00 AM on Fri, Oct 9",+1,True,False,,high,,2252.5
google_flights,2026-10-17,Sat,2026-11-08,Sun,21,AMS,CUZ,1835.0,150,0,1985.0,€1835,"Iberia, LATAM",Madrid (MAD) → Madrid (MAD) / São Paulo (GRU),1295,21h35,2,"7:25 PM on Sat, Oct 17","10:00 AM on Sun, Oct 18",+1,True,False,,high,,2252.5
google_flights,2026-09-11,Fri,2026-10-03,Sat,21,AMS,CUZ,1835.0,150,0,1985.0,€1835,"Iberia, LATAM",Madrid (MAD) → Madrid (MAD) / São Paulo (GRU),1300,21h40,2,"7:20 AM on Fri, Sep 11","10:00 PM on Fri, Sep 11",,False,False,,high,,2255.0
google_flights,2026-10-16,Fri,2026-11-07,Sat,21,AMS,CUZ,1835.0,150,0,1985.0,€1835,"Iberia, LATAM",Madrid (MAD) → Madrid (MAD) / São Paulo (GRU),1300,21h40,2,"7:20 AM on Fri, Oct 16","10:00 PM on Fri, Oct 16",,True,False,,high,,2255.0
google_flights,2026-07-04,Sat,2026-07-26,Sun,21,AMS,CUZ,1753.0,150,0,1903.0,€1753,LATAM,Madrid (MAD) / São Paulo (GRU),1465,24h25,2,"1:10 PM on Sat, Jul 4","6:35 AM on Sun, Jul 5",+1,True,False,,,,2255.5
google_flights,2026-08-13,Thu,2026-09-05,Sat,22,AMS,CUZ,1886.0,150,0,2036.0,€1886,"Air Europa, Sky Airline",Madrid (MAD),1205,20h05,2,"7:00 PM on Thu, Aug 13","8:05 AM on Fri, Aug 14",+1,True,False,,,,2258.5
google_flights,2026-07-30,Thu,2026-08-23,Sun,23,AMS,CUZ,2017.0,150,0,2167.0,€2017,"KLM, LATAM",Amsterdam (AMS) → Madrid (MAD) / São Paulo (GRU),1145,19h05,1,"9:55 AM on Thu, Jul 30","10:00 PM on Thu, Jul 30",,True,False,,high,,2259.5
google_flights,2026-07-04,Sat,2026-07-26,Sun,21,BRU,AQP,1825.0,100,0,1925.0,€1825,"Air Europa, Sky Airline",Madrid (MAD),1435,23h55,2,"6:55 PM on Sat, Jul 4","11:50 AM on Sun, Jul 5",+1,True,False,,typical,,2262.5
google_flights,2026-07-09,Thu,2026-08-02,Sun,23,BRU,AQP,1825.0,100,0,1925.0,€1825,"Air Europa, Sky Airline",Madrid (MAD),1435,23h55,2,"6:55 PM on Thu, Jul 9","11:50 AM on Fri, Jul 10",+1,True,False,,,,2262.5
google_flights,2026-07-17,Fri,2026-08-09,Sun,22,BRU,AQP,1825.0,100,0,1925.0,€1825,"Air Europa, Sky Airline",Madrid (MAD),1435,23h55,2,"6:55 PM on Fri, Jul 17","11:50 AM on Sat, Jul 18",+1,True,False,,typical,,2262.5
google_flights,2026-07-18,Sat,2026-08-09,Sun,21,BRU,AQP,1825.0,100,0,1925.0,€1825,"Air Europa, Sky Airline",Madrid (MAD),1435,23h55,2,"6:55 PM on Sat, Jul 18","11:50 AM on Sun, Jul 19",+1,True,False,,,,2262.5
google_flights,2026-07-09,Thu,2026-08-03,Mon,24,AMS,CUZ,1891.0,150,0,2041.0,€1891,"Air Europa, Sky Airline",Madrid (MAD),1205,20h05,2,"7:00 PM on Thu, Jul 9","8:05 AM on Fri, Jul 10",+1,True,False,,high,,2263.5
google_flights,2026-07-11,Sat,2026-08-03,Mon,22,AMS,CUZ,1891.0,150,0,2041.0,€1891,"Air Europa, Sky Airline",Madrid (MAD),1205,20h05,2,"7:00 PM on Sat, Jul 11","8:05 AM on Sun, Jul 12",+1,True,False,,high,,2263.5
google_flights,2026-07-04,Sat,2026-07-27,Mon,22,BRU,AQP,1884.0,100,0,1984.0,€1884,"Iberia, LATAM",Madrid (MAD) → Madrid (MAD) / São Paulo (GRU),1325,22h05,2,"7:45 PM on Sat, Jul 4","10:50 AM on Sun, Jul 5",+1,True,False,,typical,,2266.5
google_flights,2026-07-16,Thu,2026-08-08,Sat,22,ORY,CUZ,1919.0,70,0,1989.0,€1919,"Air Europa, Sky Airline",Madrid (MAD),1315,21h55,2,"5:10 PM on Thu, Jul 16","8:05 AM on Fri, Jul 17",+1,True,False,,,,2266.5
google_flights,2026-07-16,Thu,2026-08-09,Sun,23,ORY,CUZ,1919.0,70,0,1989.0,€1919,"Air Europa, Sky Airline",Madrid (MAD),1315,21h55,2,"5:10 PM on Thu, Jul 16","8:05 AM on Fri, Jul 17",+1,True,False,,high,,2266.5
google_flights,2026-08-08,Sat,2026-08-31,Mon,22,BRU,AQP,1830.0,100,0,1930.0,€1830,"Air Europa, Sky Airline",Madrid (MAD),1435,23h55,2,"6:55 PM on Sat, Aug 8","11:50 AM on Sun, Aug 9",+1,True,False,,typical,,2267.5
google_flights,2026-07-25,Sat,2026-08-15,Sat,20,BRU,CUZ,1944.0,100,0,2044.0,€1944,"Air Europa, Sky Airline",Madrid (MAD),1210,20h10,2,"6:55 PM on Sat, Jul 25","8:05 AM on Sun, Jul 26",+1,True,False,,,,2269.0
google_flights,2026-08-15,Sat,2026-09-05,Sat,20,ORY,CUZ,1924.0,70,0,1994.0,€1924,"Air Europa, Sky Airline",Madrid (MAD),1315,21h55,2,"5:10 PM on Sat, Aug 15","8:05 AM on Sun, Aug 16",+1,True,False,,high,,2271.5
google_flights,2026-07-16,Thu,2026-08-09,Sun,23,ORY,AQP,1881.0,70,0,1951.0,€1881,"Air Europa, Sky Airline",Madrid (MAD),1405,23h25,2,"7:25 PM on Thu, Jul 16","11:50 AM on Fri, Jul 17",+1,True,False,,,,2273.5
google_flights,2026-08-06,Thu,2026-08-31,Mon,24,ORY,CUZ,1994.0,70,0,2064.0,€1994,"Air Europa, Sky Airline",Madrid (MAD),1180,19h40,2,"7:25 PM on Thu, Aug 6","8:05 AM on Fri, Aug 7",+1,True,False,,,,2274.0
google_flights,2026-08-13,Thu,2026-09-06,Sun,23,ORY,CUZ,1994.0,70,0,2064.0,€1994,"Air Europa, Sky Airline",Madrid (MAD),1180,19h40,2,"7:25 PM on Thu, Aug 13","8:05 AM on Fri, Aug 14",+1,False,False,,typical,,2274.0
google_flights,2026-08-07,Fri,2026-08-31,Mon,23,ORY,CUZ,1994.0,70,0,2064.0,€1994,"Air Europa, Sky Airline",Madrid (MAD),1180,19h40,2,"7:25 PM on Fri, Aug 7","8:05 AM on Sat, Aug 8",+1,True,False,,typical,,2274.0
google_flights,2026-08-08,Sat,2026-08-30,Sun,21,BRU,CUZ,1949.0,100,0,2049.0,€1949,"Air Europa, Sky Airline",Madrid (MAD),1210,20h10,2,"6:55 PM on Sat, Aug 8","8:05 AM on Sun, Aug 9",+1,True,False,,high,,2274.0
google_flights,2026-07-03,Fri,2026-07-25,Sat,21,ORY,CUZ,1938.0,70,0,2008.0,€1938,"Iberia, LATAM",Madrid (MAD) → Madrid (MAD) / São Paulo (GRU),1295,21h35,2,"7:25 AM on Fri, Jul 3","10:00 PM on Fri, Jul 3",,True,False,,,,2275.5
google_flights,2026-07-03,Fri,2026-07-27,Mon,23,ORY,CUZ,1938.0,70,0,2008.0,€1938,"Iberia, LATAM",Madrid (MAD) → Madrid (MAD) / São Paulo (GRU),1295,21h35,2,"7:25 AM on Fri, Jul 3","10:00 PM on Fri, Jul 3",,True,False,,high,,2275.5
google_flights,2026-07-16,Thu,2026-08-08,Sat,22,CDG,CUZ,1871.0,60,0,1931.0,€1871,LATAM,Madrid (MAD) / São Paulo (GRU),1450,24h10,2,"1:00 PM on Thu, Jul 16","6:10 AM on Fri, Jul 17",+1,True,False,,,,2276.0
google_flights,2026-10-24,Sat,2026-11-14,Sat,20,CDG,AQP,2217.0,60,0,2277.0,€2217,"Air France, LATAM",Paris (CDG) → Madrid (MAD) / São Paulo (GRU),935,15h35,1,"10:10 AM on Sat, Oct 24","6:45 PM on Sat, Oct 24",,True,False,,high,,2277.0
google_flights,2026-07-10,Fri,2026-08-02,Sun,22,ORY,AQP,1960.0,70,0,2030.0,€1960,"Iberia, LATAM",Madrid (MAD) → Madrid (MAD) / São Paulo (GRU),1255,20h55,2,"8:55 PM on Fri, Jul 10","10:50 AM on Sat, Jul 11",+1,True,False,,high,,2277.5
google_flights,2026-08-14,Fri,2026-09-06,Sun,22,ORY,CUZ,1894.0,70,0,1964.0,€1894,"Air Europa, Sky Airline",Madrid (MAD),1390,23h10,2,"7:25 PM on Fri, Aug 14","11:35 AM on Sat, Aug 15",+1,True,False,,high,,2279.0
google_flights,2026-10-17,Sat,2026-11-07,Sat,20,BRU,CUZ,1938.0,100,0,2038.0,€1938,"Iberia, LATAM",Madrid (MAD) → Madrid (MAD) / São Paulo (GRU),1245,20h45,2,"7:45 PM on Sat, Oct 17","9:30 AM on Sun, Oct 18",+1,True,False,,high,,2280.5
google_flights,2026-07-03,Fri,2026-07-27,Mon,23,CDG,AQP,1860.0,60,0,1920.0,€1860,LATAM,Madrid (MAD) / São Paulo (GRU),1485,24h45,2,"1:00 PM on Fri, Jul 3","6:45 AM on Sat, Jul 4",+1,True,False,,,,2282.5
google_flights,2026-07-04,Sat,2026-07-27,Mon,22,CDG,AQP,1860.0,60,0,1920.0,€1860,LATAM,Madrid (MAD) / São Paulo (GRU),1485,24h45,2,"1:00 PM on Sat, Jul 4","6:45 AM on Sun, Jul 5",+1,True,False,,high,,2282.5
google_flights,2026-10-08,Thu,2026-10-31,Sat,22,AMS,CUZ,2110.0,150,0,2260.0,€2110,"KLM, LATAM",Amsterdam (AMS) → Madrid (MAD) / São Paulo (GRU),1005,16h45,1,"9:55 AM on Thu, Oct 8","7:40 PM on Thu, Oct 8",,True,False,,high,,2282.5
google_flights,2026-09-19,Sat,2026-10-11,Sun,21,AMS,CUZ,2077.0,150,0,2227.0,€2077,"KLM, LATAM",Amsterdam (AMS) → Madrid (MAD) / São Paulo (GRU),1075,17h55,1,"9:55 AM on Sat, Sep 19","8:50 PM on Sat, Sep 19",,True,False,,typical,,2284.5
google_flights,2026-08-22,Sat,2026-09-13,Sun,21,CDG,CUZ,1955.0,60,0,2015.0,€1955,"Iberia, LATAM",Madrid (MAD) → Madrid (MAD) / São Paulo (GRU),1300,21h40,2,"6:50 PM on Sat, Aug 22","9:30 AM on Sun, Aug 23",+1,True,False,,high,,2285.0
google_flights,2026-09-05,Sat,2026-09-26,Sat,20,CDG,AQP,2048.0,60,0,2108.0,€2048,"Air France, KLM, LATAM",Paris (CDG) → Amsterdam (AMS) → Madrid (MAD) / São Paulo (GRU),1115,18h35,2,"7:10 AM on Sat, Sep 5","6:45 PM on Sat, Sep 5",,True,False,,high,,2285.5
google_flights,2026-08-08,Sat,2026-08-31,Mon,22,ORY,AQP,1896.0,70,0,1966.0,€1896,"Air Europa, Sky Airline",Madrid (MAD),1405,23h25,2,"7:25 PM on Sat, Aug 8","11:50 AM on Sun, Aug 9",+1,True,False,,high,,2288.5
google_flights,2026-08-13,Thu,2026-09-06,Sun,23,CDG,CUZ,1871.0,60,0,1931.0,€1871,LATAM,Madrid (MAD) / São Paulo (GRU),1475,24h35,2,"1:00 PM on Thu, Aug 13","6:35 AM on Fri, Aug 14",+1,True,False,,,,2288.5
google_flights,2026-09-03,Thu,2026-09-26,Sat,22,ORY,AQP,1890.0,70,0,1960.0,€1890,"Iberia, LATAM",Madrid (MAD) → Madrid (MAD) / São Paulo (GRU),1420,23h40,2,"5:20 PM on Thu, Sep 3","10:00 AM on Fri, Sep 4",+1,True,False,,typical,,2290.0
google_flights,2026-07-18,Sat,2026-08-08,Sat,20,AMS,CUZ,1921.0,150,0,2071.0,€1921,"Air Europa, Sky Airline",Madrid (MAD),1205,20h05,2,"7:00 PM on Sat, Jul 18","8:05 AM on Sun, Jul 19",+1,True,False,,high,,2293.5
google_flights,2026-07-23,Thu,2026-08-17,Mon,24,AMS,CUZ,1921.0,150,0,2071.0,€1921,"Air Europa, Sky Airline",Madrid (MAD),1205,20h05,2,"7:00 PM on Thu, Jul 23","8:05 AM on Fri, Jul 24",+1,True,False,,high,,2293.5
google_flights,2026-07-25,Sat,2026-08-17,Mon,22,AMS,CUZ,1921.0,150,0,2071.0,€1921,"Air Europa, Sky Airline",Madrid (MAD),1205,20h05,2,"7:00 PM on Sat, Jul 25","8:05 AM on Sun, Jul 26",+1,True,False,,high,,2293.5
google_flights,2026-07-30,Thu,2026-08-22,Sat,22,ORY,CUZ,2014.0,70,0,2084.0,€2014,"Air Europa, Sky Airline",Madrid (MAD),1180,19h40,2,"7:25 PM on Thu, Jul 30","8:05 AM on Fri, Jul 31",+1,True,False,,high,,2294.0
google_flights,2026-07-30,Thu,2026-08-23,Sun,23,ORY,CUZ,2014.0,70,0,2084.0,€2014,"Air Europa, Sky Airline",Madrid (MAD),1180,19h40,2,"7:25 PM on Thu, Jul 30","8:05 AM on Fri, Jul 31",+1,True,False,,high,,2294.0
google_flights,2026-09-05,Sat,2026-09-27,Sun,21,CDG,CUZ,1950.0,60,0,2010.0,€1950,"Iberia, LATAM",Madrid (MAD) → Madrid (MAD) / São Paulo (GRU),1330,22h10,2,"6:50 AM on Sat, Sep 5","10:00 PM on Sat, Sep 5",,True,False,,high,,2295.0
google_flights,2026-10-15,Thu,2026-11-07,Sat,22,AMS,AQP,2145.0,150,0,2295.0,€2145,"KLM, LATAM",Amsterdam (AMS) → Madrid (MAD) / São Paulo (GRU),950,15h50,1,"9:55 AM on Thu, Oct 15","6:45 PM on Thu, Oct 15",,True,False,,typical,,2295.0
google_flights,2026-10-15,Thu,2026-11-08,Sun,23,AMS,AQP,2145.0,150,0,2295.0,€2145,"KLM, LATAM",Amsterdam (AMS) → Madrid (MAD) / São Paulo (GRU),950,15h50,1,"9:55 AM on Thu, Oct 15","6:45 PM on Thu, Oct 15",,True,False,,typical,,2295.0
google_flights,2026-08-06,Thu,2026-08-30,Sun,23,AMS,CUZ,2093.0,150,0,2243.0,€2093,"KLM, LATAM",Amsterdam (AMS) → Madrid (MAD) / São Paulo (GRU),1065,17h45,1,"9:55 AM on Thu, Aug 6","8:40 PM on Thu, Aug 6",,True,False,,high,,2295.5
google_flights,2026-07-16,Thu,2026-08-10,Mon,24,BRU,CUZ,1859.0,100,0,1959.0,€1859,LATAM,Madrid (MAD) / São Paulo (GRU),1440,24h,2,"1:10 PM on Thu, Jul 16","6:10 AM on Fri, Jul 17",+1,True,False,,,,2299.0
google_flights,2026-07-23,Thu,2026-08-17,Mon,24,ORY,CUZ,2019.0,70,0,2089.0,€2019,"Air Europa, Sky Airline",Madrid (MAD),1180,19h40,2,"7:25 PM on Thu, Jul 23","8:05 AM on Fri, Jul 24",+1,True,False,,high,,2299.0
google_flights,2026-09-05,Sat,2026-09-26,Sat,20,CDG,CUZ,1955.0,60,0,2015.0,€1955,"Iberia, LATAM",Madrid (MAD) → Madrid (MAD) / São Paulo (GRU),1330,22h10,2,"6:50 AM on Sat, Sep 5","10:00 PM on Sat, Sep 5",,True,False,,high,,2300.0
google_flights,2026-07-04,Sat,2026-07-26,Sun,21,BRU,CUZ,1958.0,100,0,2058.0,€1958,"Iberia, LATAM",Madrid (MAD) → Madrid (MAD) / São Paulo (GRU),1245,20h45,2,"7:45 PM on Sat, Jul 4","9:30 AM on Sun, Jul 5",+1,True,False,,typical,,2300.5
google_flights,2026-07-04,Sat,2026-07-27,Mon,22,BRU,CUZ,1958.0,100,0,2058.0,€1958,"Iberia, LATAM",Madrid (MAD) → Madrid (MAD) / São Paulo (GRU),1245,20h45,2,"7:45 PM on Sat, Jul 4","9:30 AM on Sun, Jul 5",+1,True,False,,,,2300.5
google_flights,2026-08-07,Fri,2026-08-30,Sun,22,ORY,CUZ,1954.0,70,0,2024.0,€1954,"Air Europa, Sky Airline",Madrid (MAD),1315,21h55,2,"5:10 PM on Fri, Aug 7","8:05 AM on Sat, Aug 8",+1,True,False,,high,,2301.5
google_flights,2026-07-04,Sat,2026-07-25,Sat,20,BRU,AQP,1865.0,100,0,1965.0,€1865,"Air Europa, Sky Airline",Madrid (MAD),1435,23h55,2,"6:55 PM on Sat, Jul 4","11:50 AM on Sun, Jul 5",+1,True,False,,typical,,2302.5
google_flights,2026-07-04,Sat,2026-07-27,Mon,22,BRU,AQP,1865.0,100,0,1965.0,€1865,"Air Europa, Sky Airline",Madrid (MAD),1435,23h55,2,"6:55 PM on Sat, Jul 4","11:50 AM on Sun, Jul 5",+1,True,False,,typical,,2302.5
google_flights,2026-07-02,Thu,2026-07-25,Sat,22,AMS,CUZ,1931.0,150,0,2081.0,€1931,"Air Europa, Sky Airline",Madrid (MAD),1205,20h05,2,"7:00 PM on Thu, Jul 2","8:05 AM on Fri, Jul 3",+1,True,False,,,,2303.5
google_flights,2026-07-03,Fri,2026-07-27,Mon,23,AMS,CUZ,1931.0,150,0,2081.0,€1931,"Air Europa, Sky Airline",Madrid (MAD),1205,20h05,2,"7:00 PM on Fri, Jul 3","8:05 AM on Sat, Jul 4",+1,True,False,,,,2303.5
google_flights,2026-08-13,Thu,2026-09-05,Sat,22,AMS,CUZ,1826.0,150,0,1976.0,€1826,"Air Europa, Sky Airline",Madrid (MAD),1415,23h35,2,"7:00 PM on Thu, Aug 13","11:35 AM on Fri, Aug 14",+1,True,False,,,,2303.5
google_flights,2026-07-09,Thu,2026-08-02,Sun,23,BRU,AQP,1948.0,100,0,2048.0,€1948,"Iberia, LATAM",Madrid (MAD) → Madrid (MAD) / São Paulo (GRU),1275,21h15,2,"7:45 PM on Thu, Jul 9","10:00 AM on Fri, Jul 10",+1,True,False,,,,2305.5
google_flights,2026-07-04,Sat,2026-07-25,Sat,20,ORY,CUZ,1959.0,70,0,2029.0,€1959,"Air Europa, Sky Airline",Madrid (MAD),1315,21h55,2,"5:10 PM on Sat, Jul 4","8:05 AM on Sun, Jul 5",+1,True,False,,high,,2306.5
google_flights,2026-08-13,Thu,2026-09-05,Sat,22,BRU,CUZ,2029.0,100,0,2129.0,€2029,"KLM, LATAM",Amsterdam (AMS) → Madrid (MAD) / São Paulo (GRU),1115,18h35,2,"8:05 AM on Thu, Aug 13","7:40 PM on Thu, Aug 13",,False,False,,typical,,2306.5
google_flights,2026-07-04,Sat,2026-07-27,Mon,22,AMS,AQP,1822.0,150,0,1972.0,€1822,"Air Europa, Sky Airline",Madrid (MAD),1430,23h50,2,"7:00 PM on Sat, Jul 4","11:50 AM on Sun, Jul 5",+1,True,False,,typical,,2307.0
google_flights,2026-07-10,Fri,2026-08-03,Mon,23,AMS,AQP,1822.0,150,0,1972.0,€1822,"Air Europa, Sky Airline",Madrid (MAD),1430,23h50,2,"7:00 PM on Fri, Jul 10","11:50 AM on Sat, Jul 11",+1,True,False,,typical,,2307.0
google_flights,2026-07-11,Sat,2026-08-03,Mon,22,AMS,AQP,1822.0,150,0,1972.0,€1822,"Air Europa, Sky Airline",Madrid (MAD),1430,23h50,2,"7:00 PM on Sat, Jul 11","11:50 AM on Sun, Jul 12",+1,True,False,,typical,,2307.0
google_flights,2026-07-02,Thu,2026-07-25,Sat,22,AMS,AQP,1823.0,150,0,1973.0,€1823,"Air Europa, Sky Airline",Madrid (MAD),1430,23h50,2,"7:00 PM on Thu, Jul 2","11:50 AM on Fri, Jul 3",+1,True,False,,,,2308.0
google_flights,2026-07-04,Sat,2026-07-25,Sat,20,AMS,AQP,1823.0,150,0,1973.0,€1823,"Air Europa, Sky Airline",Madrid (MAD),1430,23h50,2,"7:00 PM on Sat, Jul 4","11:50 AM on Sun, Jul 5",+1,True,False,,,,2308.0
google_flights,2026-07-11,Sat,2026-08-02,Sun,21,AMS,AQP,1823.0,150,0,1973.0,€1823,"Air Europa, Sky Airline",Madrid (MAD),1430,23h50,2,"7:00 PM on Sat, Jul 11","11:50 AM on Sun, Jul 12",+1,True,False,,,,2308.0
google_flights,2026-07-02,Thu,2026-07-25,Sat,22,BRU,CUZ,1984.0,100,0,2084.0,€1984,"Air Europa, Sky Airline",Madrid (MAD),1210,20h10,2,"6:55 PM on Thu, Jul 2","8:05 AM on Fri, Jul 3",+1,True,False,,high,,2309.0
google_flights,2026-07-11,Sat,2026-08-02,Sun,21,BRU,CUZ,1984.0,100,0,2084.0,€1984,"Air Europa, Sky Airline",Madrid (MAD),1210,20h10,2,"6:55 PM on Sat, Jul 11","8:05 AM on Sun, Jul 12",+1,True,False,,high,,2309.0
google_flights,2026-07-11,Sat,2026-08-03,Mon,22,BRU,CUZ,1984.0,100,0,2084.0,€1984,"Air Europa, Sky Airline",Madrid (MAD),1210,20h10,2,"6:55 PM on Sat, Jul 11","8:05 AM on Sun, Jul 12",+1,True,False,,high,,2309.0
google_flights,2026-07-16,Thu,2026-08-09,Sun,23,BRU,CUZ,1984.0,100,0,2084.0,€1984,"Air Europa, Sky Airline",Madrid (MAD),1210,20h10,2,"6:55 PM on Thu, Jul 16","8:05 AM on Fri, Jul 17",+1,True,False,,high,,2309.0
google_flights,2026-07-16,Thu,2026-08-10,Mon,24,BRU,CUZ,1984.0,100,0,2084.0,€1984,"Air Europa, Sky Airline",Madrid (MAD),1210,20h10,2,"6:55 PM on Thu, Jul 16","8:05 AM on Fri, Jul 17",+1,True,False,,,,2309.0
google_flights,2026-08-15,Sat,2026-09-05,Sat,20,CDG,AQP,2072.0,60,0,2132.0,€2072,"Air France, KLM, LATAM",Paris (CDG) → Amsterdam (AMS) → Madrid (MAD) / São Paulo (GRU),1115,18h35,2,"7:10 AM on Sat, Aug 15","6:45 PM on Sat, Aug 15",,True,False,,high,,2309.5
google_flights,2026-08-15,Sat,2026-09-05,Sat,20,BRU,AQP,1650.0,100,0,1750.0,€1650,"SWISS, Edelweiss Air, LATAM",Madrid (MAD) / São Paulo (GRU),1685,28h05,3,"9:40 AM on Sat, Aug 15","6:45 AM on Sun, Aug 16",+1,True,False,,,,2312.5
google_flights,2026-07-30,Thu,2026-08-24,Mon,24,AMS,CUZ,1941.0,150,0,2091.0,€1941,"Air Europa, Sky Airline",Madrid (MAD),1205,20h05,2,"7:00 PM on Thu, Jul 30","8:05 AM on Fri, Jul 31",+1,True,False,,high,,2313.5
google_flights,2026-08-07,Fri,2026-08-29,Sat,21,BRU,CUZ,1989.0,100,0,2089.0,€1989,"Air Europa, Sky Airline",Madrid (MAD),1210,20h10,2,"6:55 PM on Fri, Aug 7","8:05 AM on Sat, Aug 8",+1,True,False,,high,,2314.0
google_flights,2026-10-01,Thu,2026-10-24,Sat,22,BRU,AQP,1964.0,100,0,2064.0,€1964,"Iberia, LATAM",Madrid (MAD) → Madrid (MAD) / São Paulo (GRU),1275,21h15,2,"7:45 PM on Thu, Oct 1","10:00 AM on Fri, Oct 2",+1,True,False,,typical,,2321.5
google_flights,2026-07-03,Fri,2026-07-27,Mon,23,AMS,CUZ,1832.0,150,0,1982.0,€1832,LATAM,Madrid (MAD) / São Paulo (GRU),1440,24h,2,"1:10 PM on Fri, Jul 3","6:10 AM on Sat, Jul 4",+1,True,False,,,,2322.0
google_flights,2026-07-23,Thu,2026-08-15,Sat,22,BRU,CUZ,1882.0,100,0,1982.0,€1882,LATAM,Madrid (MAD) / São Paulo (GRU),1440,24h,2,"1:10 PM on Thu, Jul 23","6:10 AM on Fri, Jul 24",+1,True,False,,,,2322.0
google_flights,2026-07-23,Thu,2026-08-17,Mon,24,BRU,CUZ,1882.0,100,0,1982.0,€1882,LATAM,Madrid (MAD) / São Paulo (GRU),1440,24h,2,"1:10 PM on Thu, Jul 23","6:10 AM on Fri, Jul 24",+1,True,False,,,,2322.0
google_flights,2026-09-12,Sat,2026-10-04,Sun,21,BRU,AQP,1939.0,100,0,2039.0,€1939,"Iberia, LATAM",Madrid (MAD) → Madrid (MAD) / São Paulo (GRU),1330,22h10,2,"7:40 PM on Sat, Sep 12","10:50 AM on Sun, Sep 13",+1,True,False,,typical,,2324.0
google_flights,2026-07-10,Fri,2026-08-01,Sat,21,AMS,CUZ,1851.0,150,0,2001.0,€1851,"Air Europa, Sky Airline",Madrid (MAD),1415,23h35,2,"7:00 PM on Fri, Jul 10","11:35 AM on Sat, Jul 11",+1,True,False,,,,2328.5
google_flights,2026-09-24,Thu,2026-10-18,Sun,23,CDG,CUZ,1985.0,60,0,2045.0,€1985,"Iberia, LATAM",Madrid (MAD) → Madrid (MAD) / São Paulo (GRU),1330,22h10,2,"6:50 AM on Thu, Sep 24","10:00 PM on Thu, Sep 24",,True,False,,high,,2330.0
google_flights,2026-07-03,Fri,2026-07-25,Sat,21,BRU,CUZ,1958.0,100,0,2058.0,€1958,"Iberia, LATAM",Madrid (MAD) → Madrid (MAD) / São Paulo (GRU),1315,21h55,2,"7:05 AM on Fri, Jul 3","10:00 PM on Fri, Jul 3",,True,False,,,,2335.5
google_flights,2026-07-03,Fri,2026-07-26,Sun,22,BRU,CUZ,1958.0,100,0,2058.0,€1958,"Iberia, LATAM",Madrid (MAD) → Madrid (MAD) / São Paulo (GRU),1315,21h55,2,"7:05 AM on Fri, Jul 3","10:00 PM on Fri, Jul 3",,True,False,,typical,,2335.5
google_flights,2026-07-03,Fri,2026-07-26,Sun,22,CDG,CUZ,1931.0,60,0,1991.0,€1931,LATAM,Madrid (MAD) / São Paulo (GRU),1450,24h10,2,"1:00 PM on Fri, Jul 3","6:10 AM on Sat, Jul 4",+1,True,False,,,,2336.0
google_flights,2026-09-26,Sat,2026-10-17,Sat,20,AMS,AQP,2131.0,150,0,2281.0,€2131,"KLM, LATAM",Amsterdam (AMS) → Madrid (MAD) / São Paulo (GRU),1070,17h50,1,"9:55 AM on Sat, Sep 26","8:45 PM on Sat, Sep 26",,True,False,,,,2336.0
google_flights,2026-07-10,Fri,2026-08-01,Sat,21,AMS,AQP,1852.0,150,0,2002.0,€1852,"Air Europa, Sky Airline",Madrid (MAD),1430,23h50,2,"7:00 PM on Fri, Jul 10","11:50 AM on Sat, Jul 11",+1,True,False,,typical,,2337.0
google_flights,2026-07-10,Fri,2026-08-02,Sun,22,AMS,AQP,1852.0,150,0,2002.0,€1852,"Air Europa, Sky Airline",Madrid (MAD),1430,23h50,2,"7:00 PM on Fri, Jul 10","11:50 AM on Sat, Jul 11",+1,True,False,,typical,,2337.0
google_flights,2026-07-02,Thu,2026-07-25,Sat,22,ORY,AQP,2045.0,70,0,2115.0,€2045,"Iberia, LATAM",Madrid (MAD) → Madrid (MAD) / São Paulo (GRU),1205,20h05,2,"8:55 PM on Thu, Jul 2","10:00 AM on Fri, Jul 3",+1,True,False,,high,,2337.5
google_flights,2026-07-02,Thu,2026-07-26,Sun,23,ORY,AQP,2045.0,70,0,2115.0,€2045,"Iberia, LATAM",Madrid (MAD) → Madrid (MAD) / São Paulo (GRU),1205,20h05,2,"8:55 PM on Thu, Jul 2","10:00 AM on Fri, Jul 3",+1,True,False,,high,,2337.5
google_flights,2026-10-15,Thu,2026-11-08,Sun,23,AMS,CUZ,1935.0,150,0,2085.0,€1935,"Iberia, LATAM",Madrid (MAD) → Madrid (MAD) / São Paulo (GRU),1265,21h05,2,"7:25 PM on Thu, Oct 15","9:30 AM on Fri, Oct 16",+1,True,False,,high,,2337.5
google_flights,2026-07-11,Sat,2026-08-01,Sat,20,AMS,AQP,1853.0,150,0,2003.0,€1853,"Air Europa, Sky Airline",Madrid (MAD),1430,23h50,2,"7:00 PM on Sat, Jul 11","11:50 AM on Sun, Jul 12",+1,True,False,,,,2338.0
google_flights,2026-07-18,Sat,2026-08-08,Sat,20,AMS,AQP,2189.0,150,0,2339.0,€2189,"KLM, LATAM",Amsterdam (AMS) → Madrid (MAD) / São Paulo (GRU),950,15h50,1,"9:55 AM on Sat, Jul 18","6:45 PM on Sat, Jul 18",,True,False,,typical,,2339.0
google_flights,2026-08-15,Sat,2026-09-05,Sat,20,ORY,CUZ,1954.0,70,0,2024.0,€1954,"Air Europa, Sky Airline",Madrid (MAD),1390,23h10,2,"7:25 PM on Sat, Aug 15","11:35 AM on Sun, Aug 16",+1,True,False,,high,,2339.0
google_flights,2026-10-02,Fri,2026-10-24,Sat,21,ORY,AQP,1940.0,70,0,2010.0,€1940,"Iberia, LATAM",Madrid (MAD) → Madrid (MAD) / São Paulo (GRU),1420,23h40,2,"5:20 PM on Fri, Oct 2","10:00 AM on Sat, Oct 3",+1,True,False,,high,,2340.0
google_flights,2026-07-30,Thu,2026-08-24,Mon,24,AMS,AQP,2136.0,150,0,2286.0,€2136,"KLM, LATAM",Amsterdam (AMS) → Madrid (MAD) / São Paulo (GRU),1070,17h50,1,"9:55 AM on Thu, Jul 30","8:45 PM on Thu, Jul 30",,True,False,,,,2341.0
google_flights,2026-07-04,Sat,2026-07-25,Sat,20,BRU,AQP,1959.0,100,0,2059.0,€1959,"Iberia, LATAM",Madrid (MAD) → Madrid (MAD) / São Paulo (GRU),1325,22h05,2,"7:45 PM on Sat, Jul 4","10:50 AM on Sun, Jul 5",+1,True,False,,typical,,2341.5
google_flights,2026-07-04,Sat,2026-07-26,Sun,21,BRU,AQP,1959.0,100,0,2059.0,€1959,"Iberia, LATAM",Madrid (MAD) → Madrid (MAD) / São Paulo (GRU),1325,22h05,2,"7:45 PM on Sat, Jul 4","10:50 AM on Sun, Jul 5",+1,True,False,,typical,,2341.5
google_flights,2026-08-08,Sat,2026-08-30,Sun,21,ORY,CUZ,1994.0,70,0,2064.0,€1994,"Air Europa, Sky Airline",Madrid (MAD),1315,21h55,2,"5:10 PM on Sat, Aug 8","8:05 AM on Sun, Aug 9",+1,True,False,,high,,2341.5
google_flights,2026-07-17,Fri,2026-08-08,Sat,21,BRU,AQP,1905.0,100,0,2005.0,€1905,"Air Europa, Sky Airline",Madrid (MAD),1435,23h55,2,"6:55 PM on Fri, Jul 17","11:50 AM on Sat, Jul 18",+1,True,False,,,,2342.5
google_flights,2026-09-24,Thu,2026-10-17,Sat,22,AMS,AQP,1926.0,150,0,2076.0,€1926,"Iberia, LATAM",Madrid (MAD) → Madrid (MAD) / São Paulo (GRU),1295,21h35,2,"7:25 PM on Thu, Sep 24","10:00 AM on Fri, Sep 25",+1,True,False,,typical,,2343.5
google_flights,2026-09-25,Fri,2026-10-17,Sat,21,AMS,AQP,1926.0,150,0,2076.0,€1926,"Iberia, LATAM",Madrid (MAD) → Madrid (MAD) / São Paulo (GRU),1295,21h35,2,"7:25 PM on Fri, Sep 25","10:00 AM on Sat, Sep 26",+1,True,False,,typical,,2343.5
google_flights,2026-10-09,Fri,2026-11-01,Sun,22,AMS,AQP,1926.0,150,0,2076.0,€1926,"Iberia, LATAM",Madrid (MAD) → Madrid (MAD) / São Paulo (GRU),1295,21h35,2,"7:25 PM on Fri, Oct 9","10:00 AM on Sat, Oct 10",+1,True,False,,typical,,2343.5
google_flights,2026-07-10,Fri,2026-08-01,Sat,21,AMS,CUZ,1842.0,150,0,1992.0,€1842,LATAM,Madrid (MAD) / São Paulo (GRU),1465,24h25,2,"1:10 PM on Fri, Jul 10","6:35 AM on Sat, Jul 11",+1,True,False,,,,2344.5
google_flights,2026-09-26,Sat,2026-10-17,Sat,20,AMS,AQP,1927.0,150,0,2077.0,€1927,"Iberia, LATAM",Madrid (MAD) → Madrid (MAD) / São Paulo (GRU),1295,21h35,2,"7:25 PM on Sat, Sep 26","10:00 AM on Sun, Sep 27",+1,True,False,,,,2344.5
google_flights,2026-10-03,Sat,2026-10-24,Sat,20,AMS,CUZ,1925.0,150,0,2075.0,€1925,"Iberia, LATAM",Madrid (MAD) → Madrid (MAD) / São Paulo (GRU),1300,21h40,2,"7:20 AM on Sat, Oct 3","10:00 PM on Sat, Oct 3",,True,False,,,,2345.0
google_flights,2026-07-09,Thu,2026-08-02,Sun,23,CDG,CUZ,1941.0,60,0,2001.0,€1941,LATAM,Madrid (MAD) / São Paulo (GRU),1450,24h10,2,"1:00 PM on Thu, Jul 9","6:10 AM on Fri, Jul 10",+1,True,False,,,,2346.0
google_flights,2026-07-02,Thu,2026-07-27,Mon,24,BRU,AQP,1989.0,100,0,2089.0,€1989,"Iberia, LATAM",Madrid (MAD) → Madrid (MAD) / São Paulo (GRU),1275,21h15,2,"7:45 PM on Thu, Jul 2","10:00 AM on Fri, Jul 3",+1,True,False,,typical,,2346.5
google_flights,2026-07-09,Thu,2026-08-03,Mon,24,BRU,AQP,1989.0,100,0,2089.0,€1989,"Iberia, LATAM",Madrid (MAD) → Madrid (MAD) / São Paulo (GRU),1275,21h15,2,"7:45 PM on Thu, Jul 9","10:00 AM on Fri, Jul 10",+1,True,False,,typical,,2346.5
google_flights,2026-09-18,Fri,2026-10-11,Sun,22,AMS,AQP,1930.0,150,0,2080.0,€1930,"Iberia, LATAM",Madrid (MAD) → Madrid (MAD) / São Paulo (GRU),1295,21h35,2,"7:25 PM on Fri, Sep 18","10:00 AM on Sat, Sep 19",+1,True,False,,typical,,2347.5
google_flights,2026-09-18,Fri,2026-10-12,Mon,23,AMS,AQP,1930.0,150,0,2080.0,€1930,"Iberia, LATAM",Madrid (MAD) → Madrid (MAD) / São Paulo (GRU),1295,21h35,2,"7:25 PM on Fri, Sep 18","10:00 AM on Sat, Sep 19",+1,True,False,,typical,,2347.5
google_flights,2026-07-03,Fri,2026-07-25,Sat,21,CDG,CUZ,1944.0,60,0,2004.0,€1944,LATAM,Madrid (MAD) / São Paulo (GRU),1450,24h10,2,"1:00 PM on Fri, Jul 3","6:10 AM on Sat, Jul 4",+1,True,False,,,,2349.0
google_flights,2026-07-10,Fri,2026-08-02,Sun,22,BRU,AQP,1989.0,100,0,2089.0,€1989,"Iberia, LATAM",Madrid (MAD) → Madrid (MAD) / São Paulo (GRU),1280,21h20,2,"7:40 PM on Fri, Jul 10","10:00 AM on Sat, Jul 11",+1,True,False,,,,2349.0
google_flights,2026-07-10,Fri,2026-08-03,Mon,23,ORY,AQP,1961.0,70,0,2031.0,€1961,"Air Europa, Sky Airline",Madrid (MAD),1405,23h25,2,"7:25 PM on Fri, Jul 10","11:50 AM on Sat, Jul 11",+1,True,False,,high,,2353.5
google_flights,2026-07-11,Sat,2026-08-03,Mon,22,ORY,AQP,1961.0,70,0,2031.0,€1961,"Air Europa, Sky Airline",Madrid (MAD),1405,23h25,2,"7:25 PM on Sat, Jul 11","11:50 AM on Sun, Jul 12",+1,True,False,,high,,2353.5
google_flights,2026-07-30,Thu,2026-08-24,Mon,24,BRU,CUZ,2029.0,100,0,2129.0,€2029,"Air Europa, Sky Airline",Madrid (MAD),1210,20h10,2,"6:55 PM on Thu, Jul 30","8:05 AM on Fri, Jul 31",+1,True,False,,high,,2354.0
google_flights,2026-08-06,Thu,2026-08-30,Sun,23,BRU,CUZ,2029.0,100,0,2129.0,€2029,"Air Europa, Sky Airline",Madrid (MAD),1210,20h10,2,"6:55 PM on Thu, Aug 6","8:05 AM on Fri, Aug 7",+1,True,False,,,,2354.0
google_flights,2026-08-08,Sat,2026-08-30,Sun,21,ORY,CUZ,2074.0,70,0,2144.0,€2074,"Air Europa, Sky Airline",Madrid (MAD),1180,19h40,2,"7:25 PM on Sat, Aug 8","8:05 AM on Sun, Aug 9",+1,True,False,,high,,2354.0
google_flights,2026-07-09,Thu,2026-08-02,Sun,23,CDG,CUZ,2027.0,60,0,2087.0,€2027,"Iberia, LATAM",Madrid (MAD) → Madrid (MAD) / São Paulo (GRU),1300,21h40,2,"6:50 PM on Thu, Jul 9","9:30 AM on Fri, Jul 10",+1,False,False,,,,2357.0
google_flights,2026-09-12,Sat,2026-10-03,Sat,20,ORY,AQP,1840.0,70,0,1910.0,€1840,"Iberia, LATAM",Madrid (MAD) → Madrid (MAD) / São Paulo (GRU),1655,27h35,2,"10:10 AM on Sat, Sep 12","6:45 AM on Sun, Sep 13",+1,True,False,,high,,2357.5
google_flights,2026-07-04,Sat,2026-07-25,Sat,20,ORY,CUZ,2079.0,70,0,2149.0,€2079,"Air Europa, Sky Airline",Madrid (MAD),1180,19h40,2,"7:25 PM on Sat, Jul 4","8:05 AM on Sun, Jul 5",+1,True,False,,high,,2359.0
google_flights,2026-07-31,Fri,2026-08-24,Mon,23,AMS,AQP,2156.0,150,0,2306.0,€2156,"KLM, LATAM",Amsterdam (AMS) → Madrid (MAD) / São Paulo (GRU),1070,17h50,1,"9:55 AM on Fri, Jul 31","8:45 PM on Fri, Jul 31",,True,False,,typical,,2361.0
google_flights,2026-08-07,Fri,2026-08-29,Sat,21,ORY,CUZ,2014.0,70,0,2084.0,€2014,"Air Europa, Sky Airline",Madrid (MAD),1315,21h55,2,"5:10 PM on Fri, Aug 7","8:05 AM on Sat, Aug 8",+1,True,False,,high,,2361.5
google_flights,2026-10-02,Fri,2026-10-24,Sat,21,AMS,CUZ,2030.0,150,0,2180.0,€2030,"Air France, LATAM",Paris (CDG) → Madrid (MAD) / São Paulo (GRU),1125,18h45,2,"9:35 AM on Fri, Oct 2","9:20 PM on Fri, Oct 2",,True,False,,high,,2362.5
google_flights,2026-10-02,Fri,2026-10-25,Sun,22,AMS,CUZ,2030.0,150,0,2180.0,€2030,"Air France, LATAM",Paris (CDG) → Madrid (MAD) / São Paulo (GRU),1125,18h45,2,"9:35 AM on Fri, Oct 2","9:20 PM on Fri, Oct 2",,True,False,,high,,2362.5
google_flights,2026-07-09,Thu,2026-08-01,Sat,22,BRU,CUZ,2022.0,100,0,2122.0,€2022,"Iberia, LATAM",Madrid (MAD) → Madrid (MAD) / São Paulo (GRU),1245,20h45,2,"7:45 PM on Thu, Jul 9","9:30 AM on Fri, Jul 10",+1,True,False,,high,,2364.5
google_flights,2026-09-05,Sat,2026-09-27,Sun,21,CDG,CUZ,2035.0,60,0,2095.0,€2035,"Iberia, LATAM",Madrid (MAD) → Madrid (MAD) / São Paulo (GRU),1300,21h40,2,"7:20 AM on Sat, Sep 5","10:00 PM on Sat, Sep 5",,True,False,,high,,2365.0
google_flights,2026-10-17,Sat,2026-11-08,Sun,21,AMS,CUZ,2193.0,150,0,2343.0,€2193,"KLM, LATAM",Amsterdam (AMS) → Madrid (MAD) / São Paulo (GRU),1005,16h45,1,"9:55 AM on Sat, Oct 17","7:40 PM on Sat, Oct 17",,True,False,,high,,2365.5
google_flights,2026-07-10,Fri,2026-08-01,Sat,21,CDG,CUZ,1741.0,60,0,1801.0,€1741,"Air Canada, Avianca",Montréal (YUL) / Toronto (YYZ) → Bogotá (BOG),1690,28h10,3,"2:10 PM on Fri, Jul 10","11:20 AM on Sat, Jul 11",+1,True,False,,,,2366.0
google_flights,2026-07-04,Sat,2026-07-25,Sat,20,CDG,AQP,1945.0,60,0,2005.0,€1945,LATAM,Madrid (MAD) / São Paulo (GRU),1485,24h45,2,"1:00 PM on Sat, Jul 4","6:45 AM on Sun, Jul 5",+1,True,False,,high,,2367.5
google_flights,2026-07-04,Sat,2026-07-26,Sun,21,CDG,AQP,1945.0,60,0,2005.0,€1945,LATAM,Madrid (MAD) / São Paulo (GRU),1485,24h45,2,"1:00 PM on Sat, Jul 4","6:45 AM on Sun, Jul 5",+1,True,False,,high,,2367.5
google_flights,2026-08-29,Sat,2026-09-19,Sat,20,CDG,CUZ,2040.0,60,0,2100.0,€2040,"Iberia, LATAM",Madrid (MAD) → Madrid (MAD) / São Paulo (GRU),1295,21h35,2,"6:55 PM on Sat, Aug 29","9:30 AM on Sun, Aug 30",+1,True,False,,typical,,2367.5
google_flights,2026-10-17,Sat,2026-11-08,Sun,21,CDG,CUZ,2040.0,60,0,2100.0,€2040,"Iberia, LATAM",Madrid (MAD) → Madrid (MAD) / São Paulo (GRU),1295,21h35,2,"6:55 PM on Sat, Oct 17","9:30 AM on Sun, Oct 18",+1,True,False,,high,,2367.5
google_flights,2026-09-05,Sat,2026-09-26,Sat,20,CDG,CUZ,2040.0,60,0,2100.0,€2040,"Iberia, LATAM",Madrid (MAD) → Madrid (MAD) / São Paulo (GRU),1300,21h40,2,"7:20 AM on Sat, Sep 5","10:00 PM on Sat, Sep 5",,True,False,,high,,2370.0
google_flights,2026-08-06,Thu,2026-08-30,Sun,23,BRU,CUZ,1804.0,100,0,1904.0,€1804,"Air Europa, Sky Airline",Madrid (MAD),1700,28h20,2,"10:45 AM on Thu, Aug 6","8:05 AM on Fri, Aug 7",+1,True,False,,,,2374.0
google_flights,2026-07-09,Thu,2026-08-03,Mon,24,CDG,AQP,1955.0,60,0,2015.0,€1955,LATAM,Madrid (MAD) / São Paulo (GRU),1485,24h45,2,"1:00 PM on Thu, Jul 9","6:45 AM on Fri, Jul 10",+1,True,False,,,,2377.5
google_flights,2026-07-18,Sat,2026-08-09,Sun,21,AMS,AQP,1893.0,150,0,2043.0,€1893,"Air Europa, Sky Airline",Madrid (MAD),1430,23h50,2,"7:00 PM on Sat, Jul 18","11:50 AM on Sun, Jul 19",+1,True,False,,,,2378.0
google_flights,2026-08-13,Thu,2026-09-05,Sat,22,ORY,CUZ,1994.0,70,0,2064.0,€1994,"Air Europa, Sky Airline",Madrid (MAD),1390,23h10,2,"7:25 PM on Thu, Aug 13","11:35 AM on Fri, Aug 14",+1,True,False,,high,,2379.0
google_flights,2026-08-14,Fri,2026-09-07,Mon,23,ORY,AQP,1954.0,70,0,2024.0,€1954,"Iberia, LATAM",Madrid (MAD) → Madrid (MAD) / São Paulo (GRU),1470,24h30,2,"5:20 PM on Fri, Aug 14","10:50 AM on Sat, Aug 15",+1,True,False,,,,2379.0
google_flights,2026-09-26,Sat,2026-10-18,Sun,21,CDG,CUZ,2050.0,60,0,2110.0,€2050,"Iberia, LATAM",Madrid (MAD) → Madrid (MAD) / São Paulo (GRU),1300,21h40,2,"6:50 PM on Sat, Sep 26","9:30 AM on Sun, Sep 27",+1,True,False,,high,,2380.0
google_flights,2026-07-03,Fri,2026-07-25,Sat,21,BRU,CUZ,2016.0,100,0,2116.0,€2016,"Vueling, Iberia, LATAM",Barcelone (BCN) → Madrid (MAD) → Madrid (MAD) / São Paulo (GRU),1290,21h30,2,"10:30 AM on Fri, Jul 3","1:00 AM on Sat, Jul 4",+1,True,False,,,,2381.0
google_flights,2026-09-05,Sat,2026-09-26,Sat,20,CDG,AQP,2041.0,60,0,2101.0,€2041,"Iberia, LATAM",Madrid (MAD) → Madrid (MAD) / São Paulo (GRU),1325,22h05,2,"6:55 PM on Sat, Sep 5","10:00 AM on Sun, Sep 6",+1,True,False,,high,,2383.5
google_flights,2026-09-05,Sat,2026-09-27,Sun,21,CDG,AQP,2041.0,60,0,2101.0,€2041,"Iberia, LATAM",Madrid (MAD) → Madrid (MAD) / São Paulo (GRU),1325,22h05,2,"6:55 PM on Sat, Sep 5","10:00 AM on Sun, Sep 6",+1,True,False,,high,,2383.5
google_flights,2026-09-05,Sat,2026-09-28,Mon,22,CDG,AQP,2041.0,60,0,2101.0,€2041,"Iberia, LATAM",Madrid (MAD) → Madrid (MAD) / São Paulo (GRU),1325,22h05,2,"6:55 PM on Sat, Sep 5","10:00 AM on Sun, Sep 6",+1,True,False,,high,,2383.5
google_flights,2026-07-09,Thu,2026-08-03,Mon,24,CDG,AQP,2041.0,60,0,2101.0,€2041,"Iberia, LATAM",Madrid (MAD) → Madrid (MAD) / São Paulo (GRU),1330,22h10,2,"6:50 PM on Thu, Jul 9","10:00 AM on Fri, Jul 10",+1,True,False,,,,2386.0
google_flights,2026-07-03,Fri,2026-07-26,Sun,22,ORY,CUZ,2039.0,70,0,2109.0,€2039,"Air Europa, Sky Airline",Madrid (MAD),1315,21h55,2,"5:10 PM on Fri, Jul 3","8:05 AM on Sat, Jul 4",+1,True,False,,,,2386.5
google_flights,2026-07-03,Fri,2026-07-27,Mon,23,AMS,AQP,1879.0,150,0,2029.0,€1879,LATAM,Madrid (MAD) / São Paulo (GRU),1475,24h35,2,"1:10 PM on Fri, Jul 3","6:45 AM on Sat, Jul 4",+1,True,False,,,,2386.5
google_flights,2026-10-17,Sat,2026-11-07,Sat,20,AMS,CUZ,1985.0,150,0,2135.0,€1985,"Iberia, LATAM",Madrid (MAD) → Madrid (MAD) / São Paulo (GRU),1265,21h05,2,"7:25 PM on Sat, Oct 17","9:30 AM on Sun, Oct 18",+1,True,False,,high,,2387.5
google_flights,2026-07-03,Fri,2026-07-26,Sun,22,BRU,CUZ,2064.0,100,0,2164.0,€2064,"Air Europa, Sky Airline",Madrid (MAD),1210,20h10,2,"6:55 PM on Fri, Jul 3","8:05 AM on Sat, Jul 4",+1,True,False,,typical,,2389.0
google_flights,2026-07-04,Sat,2026-07-25,Sat,20,BRU,CUZ,2064.0,100,0,2164.0,€2064,"Air Europa, Sky Airline",Madrid (MAD),1210,20h10,2,"6:55 PM on Sat, Jul 4","8:05 AM on Sun, Jul 5",+1,True,False,,high,,2389.0
google_flights,2026-07-10,Fri,2026-08-01,Sat,21,BRU,CUZ,2064.0,100,0,2164.0,€2064,"Air Europa, Sky Airline",Madrid (MAD),1210,20h10,2,"6:55 PM on Fri, Jul 10","8:05 AM on Sat, Jul 11",+1,False,False,,,,2389.0
google_flights,2026-07-11,Sat,2026-08-01,Sat,20,BRU,CUZ,2064.0,100,0,2164.0,€2064,"Air Europa, Sky Airline",Madrid (MAD),1210,20h10,2,"6:55 PM on Sat, Jul 11","8:05 AM on Sun, Jul 12",+1,True,False,,high,,2389.0
google_flights,2026-07-16,Thu,2026-08-08,Sat,22,BRU,CUZ,2064.0,100,0,2164.0,€2064,"Air Europa, Sky Airline",Madrid (MAD),1210,20h10,2,"6:55 PM on Thu, Jul 16","8:05 AM on Fri, Jul 17",+1,True,False,,high,,2389.0
google_flights,2026-07-17,Fri,2026-08-09,Sun,22,BRU,CUZ,2064.0,100,0,2164.0,€2064,"Air Europa, Sky Airline",Madrid (MAD),1210,20h10,2,"6:55 PM on Fri, Jul 17","8:05 AM on Sat, Jul 18",+1,True,False,,high,,2389.0
google_flights,2026-07-17,Fri,2026-08-10,Mon,23,BRU,CUZ,2064.0,100,0,2164.0,€2064,"Air Europa, Sky Airline",Madrid (MAD),1210,20h10,2,"6:55 PM on Fri, Jul 17","8:05 AM on Sat, Jul 18",+1,True,False,,high,,2389.0
google_flights,2026-07-18,Sat,2026-08-09,Sun,21,BRU,CUZ,2064.0,100,0,2164.0,€2064,"Air Europa, Sky Airline",Madrid (MAD),1210,20h10,2,"6:55 PM on Sat, Jul 18","8:05 AM on Sun, Jul 19",+1,True,False,,high,,2389.0
google_flights,2026-07-18,Sat,2026-08-10,Mon,22,BRU,CUZ,2064.0,100,0,2164.0,€2064,"Air Europa, Sky Airline",Madrid (MAD),1210,20h10,2,"6:55 PM on Sat, Jul 18","8:05 AM on Sun, Jul 19",+1,True,False,,high,,2389.0
google_flights,2026-07-23,Thu,2026-08-16,Sun,23,BRU,CUZ,2064.0,100,0,2164.0,€2064,"Air Europa, Sky Airline",Madrid (MAD),1210,20h10,2,"6:55 PM on Thu, Jul 23","8:05 AM on Fri, Jul 24",+1,True,False,,high,,2389.0
google_flights,2026-08-07,Fri,2026-08-29,Sat,21,AMS,AQP,2240.0,150,0,2390.0,€2240,"KLM, LATAM",Amsterdam (AMS) → Madrid (MAD) / São Paulo (GRU),950,15h50,1,"9:55 AM on Fri, Aug 7","6:45 PM on Fri, Aug 7",,True,False,,,,2390.0
google_flights,2026-10-01,Thu,2026-10-24,Sat,22,AMS,AQP,2240.0,150,0,2390.0,€2240,"KLM, LATAM",Amsterdam (AMS) → Madrid (MAD) / São Paulo (GRU),950,15h50,1,"9:55 AM on Thu, Oct 1","6:45 PM on Thu, Oct 1",,True,False,,typical,,2390.0
google_flights,2026-07-02,Thu,2026-07-25,Sat,22,CDG,AQP,2046.0,60,0,2106.0,€2046,"Iberia, LATAM",Madrid (MAD) → Madrid (MAD) / São Paulo (GRU),1330,22h10,2,"6:50 PM on Thu, Jul 2","10:00 AM on Fri, Jul 3",+1,True,False,,high,,2391.0
google_flights,2026-10-03,Sat,2026-10-25,Sun,21,AMS,CUZ,2190.0,150,0,2340.0,€2190,"KLM, LATAM",Amsterdam (AMS) → Madrid (MAD) / São Paulo (GRU),1065,17h45,1,"9:55 AM on Sat, Oct 3","8:40 PM on Sat, Oct 3",,True,False,,,,2392.5
google_flights,2026-10-01,Thu,2026-10-25,Sun,23,BRU,AQP,1975.0,100,0,2075.0,€1975,"Iberia, LATAM",Madrid (MAD) → Madrid (MAD) / São Paulo (GRU),1400,23h20,2,"7:45 PM on Thu, Oct 1","12:05 PM on Fri, Oct 2",+1,False,False,,,,2395.0
google_flights,2026-08-14,Fri,2026-09-07,Mon,23,ORY,AQP,1864.0,70,0,1934.0,€1864,"Iberia, LATAM",Madrid (MAD) → Madrid (MAD) / São Paulo (GRU),1685,28h05,2,"5:20 PM on Fri, Aug 14","2:25 PM on Sat, Aug 15",+1,True,False,,,,2396.5
google_flights,2026-08-08,Sat,2026-08-31,Mon,22,AMS,AQP,1913.0,150,0,2063.0,€1913,"Air Europa, Sky Airline",Madrid (MAD),1430,23h50,2,"7:00 PM on Sat, Aug 8","11:50 AM on Sun, Aug 9",+1,True,False,,,,2398.0
google_flights,2026-07-09,Thu,2026-08-01,Sat,22,AMS,CUZ,1921.0,150,0,2071.0,€1921,"Air Europa, Sky Airline",Madrid (MAD),1415,23h35,2,"7:00 PM on Thu, Jul 9","11:35 AM on Fri, Jul 10",+1,False,False,,,,2398.5
google_flights,2026-07-24,Fri,2026-08-16,Sun,22,ORY,CUZ,2119.0,70,0,2189.0,€2119,"Air Europa, Sky Airline",Madrid (MAD),1180,19h40,2,"7:25 PM on Fri, Jul 24","8:05 AM on Sat, Jul 25",+1,True,False,,high,,2399.0
google_flights,2026-07-04,Sat,2026-07-25,Sat,20,BRU,CUZ,2058.0,100,0,2158.0,€2058,"Iberia, LATAM",Madrid (MAD) → Madrid (MAD) / São Paulo (GRU),1245,20h45,2,"7:45 PM on Sat, Jul 4","9:30 AM on Sun, Jul 5",+1,True,False,,high,,2400.5
google_flights,2026-07-16,Thu,2026-08-09,Sun,23,BRU,CUZ,2058.0,100,0,2158.0,€2058,"Iberia, LATAM",Madrid (MAD) → Madrid (MAD) / São Paulo (GRU),1245,20h45,2,"7:45 PM on Thu, Jul 16","9:30 AM on Fri, Jul 17",+1,True,False,,high,,2400.5
google_flights,2026-07-11,Sat,2026-08-01,Sat,20,AMS,AQP,2216.0,150,0,2366.0,€2216,"KLM, LATAM",Amsterdam (AMS) → Madrid (MAD) / São Paulo (GRU),1030,17h10,1,"9:55 AM on Sat, Jul 11","8:05 PM on Sat, Jul 11",,True,False,,,,2401.0
google_flights,2026-07-17,Fri,2026-08-09,Sun,22,AMS,AQP,2216.0,150,0,2366.0,€2216,"KLM, LATAM",Amsterdam (AMS) → Madrid (MAD) / São Paulo (GRU),1030,17h10,1,"9:55 AM on Fri, Jul 17","8:05 PM on Fri, Jul 17",,True,False,,typical,,2401.0
google_flights,2026-09-25,Fri,2026-10-18,Sun,22,CDG,CUZ,2135.0,60,0,2195.0,€2135,"Iberia, LATAM",Madrid (MAD) → Madrid (MAD) / São Paulo (GRU),1175,19h35,2,"8:55 PM on Fri, Sep 25","9:30 AM on Sat, Sep 26",+1,True,False,,high,,2402.5
google_flights,2026-07-11,Sat,2026-08-01,Sat,20,AMS,CUZ,2031.0,150,0,2181.0,€2031,"Air Europa, Sky Airline",Madrid (MAD),1205,20h05,2,"7:00 PM on Sat, Jul 11","8:05 AM on Sun, Jul 12",+1,True,False,,high,,2403.5
google_flights,2026-07-11,Sat,2026-08-02,Sun,21,AMS,CUZ,2031.0,150,0,2181.0,€2031,"Air Europa, Sky Airline",Madrid (MAD),1205,20h05,2,"7:00 PM on Sat, Jul 11","8:05 AM on Sun, Jul 12",+1,True,False,,high,,2403.5
google_flights,2026-10-09,Fri,2026-10-31,Sat,21,BRU,CUZ,1979.0,100,0,2079.0,€1979,"Air Europa, Sky Airline",Madrid (MAD),1410,23h30,2,"6:55 PM on Fri, Oct 9","11:25 AM on Sat, Oct 10",+1,True,False,,,,2404.0
google_flights,2026-10-03,Sat,2026-10-24,Sat,20,AMS,AQP,1987.0,150,0,2137.0,€1987,"Iberia, LATAM",Madrid (MAD) → Madrid (MAD) / São Paulo (GRU),1295,21h35,2,"7:25 PM on Sat, Oct 3","10:00 AM on Sun, Oct 4",+1,True,False,,,,2404.5
google_flights,2026-10-01,Thu,2026-10-24,Sat,22,AMS,CUZ,1985.0,150,0,2135.0,€1985,"Iberia, LATAM",Madrid (MAD) → Madrid (MAD) / São Paulo (GRU),1300,21h40,2,"7:20 AM on Thu, Oct 1","10:00 PM on Thu, Oct 1",,True,False,,high,,2405.0
google_flights,2026-10-10,Sat,2026-11-02,Mon,22,AMS,CUZ,1985.0,150,0,2135.0,€1985,"Iberia, LATAM",Madrid (MAD) → Madrid (MAD) / São Paulo (GRU),1300,21h40,2,"7:20 AM on Sat, Oct 10","10:00 PM on Sat, Oct 10",,True,False,,high,,2405.0
google_flights,2026-10-01,Thu,2026-10-25,Sun,23,AMS,CUZ,1985.0,150,0,2135.0,€1985,"Iberia, LATAM",Madrid (MAD) → Madrid (MAD) / São Paulo (GRU),1300,21h40,2,"7:20 AM on Thu, Oct 1","10:00 PM on Thu, Oct 1",,True,False,,typical,,2405.0
google_flights,2026-07-02,Thu,2026-07-26,Sun,23,BRU,CUZ,2063.0,100,0,2163.0,€2063,"Iberia, LATAM",Madrid (MAD) → Madrid (MAD) / São Paulo (GRU),1245,20h45,2,"7:45 PM on Thu, Jul 2","9:30 AM on Fri, Jul 3",+1,True,False,,typical,,2405.5
google_flights,2026-07-09,Thu,2026-08-02,Sun,23,BRU,CUZ,2063.0,100,0,2163.0,€2063,"Iberia, LATAM",Madrid (MAD) → Madrid (MAD) / São Paulo (GRU),1245,20h45,2,"7:45 PM on Thu, Jul 9","9:30 AM on Fri, Jul 10",+1,True,False,,typical,,2405.5
google_flights,2026-07-09,Thu,2026-08-03,Mon,24,BRU,CUZ,2063.0,100,0,2163.0,€2063,"Iberia, LATAM",Madrid (MAD) → Madrid (MAD) / São Paulo (GRU),1245,20h45,2,"7:45 PM on Thu, Jul 9","9:30 AM on Fri, Jul 10",+1,True,False,,typical,,2405.5
google_flights,2026-07-10,Fri,2026-08-01,Sat,21,BRU,AQP,2053.0,100,0,2153.0,€2053,"Iberia, LATAM",Madrid (MAD) → Madrid (MAD) / São Paulo (GRU),1280,21h20,2,"7:40 PM on Fri, Jul 10","10:00 AM on Sat, Jul 11",+1,True,False,,,,2413.0
google_flights,2026-07-10,Fri,2026-08-02,Sun,22,ORY,AQP,2021.0,70,0,2091.0,€2021,"Air Europa, Sky Airline",Madrid (MAD),1405,23h25,2,"7:25 PM on Fri, Jul 10","11:50 AM on Sat, Jul 11",+1,True,False,,high,,2413.5
google_flights,2026-07-11,Sat,2026-08-01,Sat,20,ORY,AQP,2021.0,70,0,2091.0,€2021,"Air Europa, Sky Airline",Madrid (MAD),1405,23h25,2,"7:25 PM on Sat, Jul 11","11:50 AM on Sun, Jul 12",+1,True,False,,high,,2413.5
google_flights,2026-07-11,Sat,2026-08-02,Sun,21,ORY,AQP,2021.0,70,0,2091.0,€2021,"Air Europa, Sky Airline",Madrid (MAD),1405,23h25,2,"7:25 PM on Sat, Jul 11","11:50 AM on Sun, Jul 12",+1,True,False,,high,,2413.5
google_flights,2026-07-10,Fri,2026-08-01,Sat,21,ORY,AQP,2021.0,70,0,2091.0,€2021,"Air Europa, Sky Airline",Madrid (MAD),1405,23h25,2,"7:25 PM on Fri, Jul 10","11:50 AM on Sat, Jul 11",+1,True,False,,high,,2413.5
google_flights,2026-08-07,Fri,2026-08-30,Sun,22,ORY,CUZ,2134.0,70,0,2204.0,€2134,"Air Europa, Sky Airline",Madrid (MAD),1180,19h40,2,"7:25 PM on Fri, Aug 7","8:05 AM on Sat, Aug 8",+1,True,False,,high,,2414.0
google_flights,2026-08-13,Thu,2026-09-05,Sat,22,ORY,CUZ,2134.0,70,0,2204.0,€2134,"Air Europa, Sky Airline",Madrid (MAD),1180,19h40,2,"7:25 PM on Thu, Aug 13","8:05 AM on Fri, Aug 14",+1,True,False,,high,,2414.0
google_flights,2026-07-16,Thu,2026-08-08,Sat,22,BRU,AQP,2059.0,100,0,2159.0,€2059,"Iberia, LATAM",Madrid (MAD) → Madrid (MAD) / São Paulo (GRU),1275,21h15,2,"7:45 PM on Thu, Jul 16","10:00 AM on Fri, Jul 17",+1,True,False,,high,,2416.5
google_flights,2026-07-16,Thu,2026-08-09,Sun,23,BRU,AQP,2059.0,100,0,2159.0,€2059,"Iberia, LATAM",Madrid (MAD) → Madrid (MAD) / São Paulo (GRU),1275,21h15,2,"7:45 PM on Thu, Jul 16","10:00 AM on Fri, Jul 17",+1,True,False,,high,,2416.5
google_flights,2026-08-14,Fri,2026-09-05,Sat,21,ORY,CUZ,2034.0,70,0,2104.0,€2034,"Air Europa, Sky Airline",Madrid (MAD),1390,23h10,2,"7:25 PM on Fri, Aug 14","11:35 AM on Sat, Aug 15",+1,True,False,,high,,2419.0
google_flights,2026-07-02,Thu,2026-07-25,Sat,22,BRU,AQP,2064.0,100,0,2164.0,€2064,"Iberia, LATAM",Madrid (MAD) → Madrid (MAD) / São Paulo (GRU),1275,21h15,2,"7:45 PM on Thu, Jul 2","10:00 AM on Fri, Jul 3",+1,True,False,,high,,2421.5
google_flights,2026-09-11,Fri,2026-10-03,Sat,21,BRU,CUZ,2077.0,100,0,2177.0,€2077,"Iberia, LATAM",Madrid (MAD) → Madrid (MAD) / São Paulo (GRU),1250,20h50,2,"7:40 PM on Fri, Sep 11","9:30 AM on Sat, Sep 12",+1,True,False,,typical,,2422.0
google_flights,2026-07-18,Sat,2026-08-10,Mon,22,CDG,AQP,2188.0,60,0,2248.0,€2188,"Air France, KLM, LATAM",Paris (CDG) → Amsterdam (AMS) → Madrid (MAD) / São Paulo (GRU),1115,18h35,2,"7:10 AM on Sat, Jul 18","6:45 PM on Sat, Jul 18",,True,False,,,,2425.5
google_flights,2026-08-08,Sat,2026-08-30,Sun,21,ORY,AQP,2036.0,70,0,2106.0,€2036,"Air Europa, Sky Airline",Madrid (MAD),1405,23h25,2,"7:25 PM on Sat, Aug 8","11:50 AM on Sun, Aug 9",+1,True,False,,high,,2428.5
google_flights,2026-07-03,Fri,2026-07-27,Mon,23,BRU,CUZ,2104.0,100,0,2204.0,€2104,"Air Europa, Sky Airline",Madrid (MAD),1210,20h10,2,"6:55 PM on Fri, Jul 3","8:05 AM on Sat, Jul 4",+1,True,False,,high,,2429.0
google_flights,2026-07-16,Thu,2026-08-09,Sun,23,AMS,CUZ,2030.0,150,0,2180.0,€2030,"Iberia, LATAM",Madrid (MAD) → Madrid (MAD) / São Paulo (GRU),1265,21h05,2,"7:25 PM on Thu, Jul 16","9:30 AM on Fri, Jul 17",+1,True,False,,high,,2432.5
google_flights,2026-07-16,Thu,2026-08-10,Mon,24,AMS,CUZ,2030.0,150,0,2180.0,€2030,"Iberia, LATAM",Madrid (MAD) → Madrid (MAD) / São Paulo (GRU),1265,21h05,2,"7:25 PM on Thu, Jul 16","9:30 AM on Fri, Jul 17",+1,True,False,,high,,2432.5
google_flights,2026-09-18,Fri,2026-10-10,Sat,21,ORY,AQP,2140.0,70,0,2210.0,€2140,"Iberia, LATAM",Madrid (MAD) → Madrid (MAD) / São Paulo (GRU),1205,20h05,2,"8:55 PM on Fri, Sep 18","10:00 AM on Sat, Sep 19",+1,True,False,,high,,2432.5
google_flights,2026-07-10,Fri,2026-08-02,Sun,22,BRU,CUZ,2068.0,100,0,2168.0,€2068,"Vueling, Iberia, LATAM",Barcelone (BCN) → Madrid (MAD) → Madrid (MAD) / São Paulo (GRU),1290,21h30,2,"10:30 AM on Fri, Jul 10","1:00 AM on Sat, Jul 11",+1,True,False,,,,2433.0
google_flights,2026-08-14,Fri,2026-09-07,Mon,23,ORY,CUZ,2048.0,70,0,2118.0,€2048,"Iberia, LATAM",Madrid (MAD) → Madrid (MAD) / São Paulo (GRU),1390,23h10,2,"5:20 PM on Fri, Aug 14","9:30 AM on Sat, Aug 15",+1,True,False,,typical,,2433.0
google_flights,2026-07-03,Fri,2026-07-27,Mon,23,ORY,AQP,2041.0,70,0,2111.0,€2041,"Air Europa, Sky Airline",Madrid (MAD),1405,23h25,2,"7:25 PM on Fri, Jul 3","11:50 AM on Sat, Jul 4",+1,True,False,,high,,2433.5
google_flights,2026-07-10,Fri,2026-08-03,Mon,23,AMS,CUZ,2061.0,150,0,2211.0,€2061,"Air Europa, Sky Airline",Madrid (MAD),1205,20h05,2,"7:00 PM on Fri, Jul 10","8:05 AM on Sat, Jul 11",+1,True,False,,high,,2433.5
google_flights,2026-07-16,Thu,2026-08-08,Sat,22,AMS,CUZ,2061.0,150,0,2211.0,€2061,"Air Europa, Sky Airline",Madrid (MAD),1205,20h05,2,"7:00 PM on Thu, Jul 16","8:05 AM on Fri, Jul 17",+1,True,False,,high,,2433.5
google_flights,2026-07-16,Thu,2026-08-10,Mon,24,AMS,CUZ,2061.0,150,0,2211.0,€2061,"Air Europa, Sky Airline",Madrid (MAD),1205,20h05,2,"7:00 PM on Thu, Jul 16","8:05 AM on Fri, Jul 17",+1,True,False,,high,,2433.5
google_flights,2026-07-17,Fri,2026-08-09,Sun,22,AMS,CUZ,1821.0,150,0,1971.0,€1821,"Air Europa, Sky Airline",Madrid (MAD),1685,28h05,2,"11:00 AM on Fri, Jul 17","8:05 AM on Sat, Jul 18",+1,True,False,,,,2433.5
google_flights,2026-07-17,Fri,2026-08-10,Mon,23,AMS,CUZ,1821.0,150,0,1971.0,€1821,"Air Europa, Sky Airline",Madrid (MAD),1685,28h05,2,"11:00 AM on Fri, Jul 17","8:05 AM on Sat, Jul 18",+1,False,False,,,,2433.5
google_flights,2026-07-18,Sat,2026-08-09,Sun,21,AMS,CUZ,2061.0,150,0,2211.0,€2061,"Air Europa, Sky Airline",Madrid (MAD),1205,20h05,2,"7:00 PM on Sat, Jul 18","8:05 AM on Sun, Jul 19",+1,True,False,,high,,2433.5
google_flights,2026-07-23,Thu,2026-08-15,Sat,22,AMS,CUZ,2061.0,150,0,2211.0,€2061,"Air Europa, Sky Airline",Madrid (MAD),1205,20h05,2,"7:00 PM on Thu, Jul 23","8:05 AM on Fri, Jul 24",+1,True,False,,,,2433.5
google_flights,2026-07-31,Fri,2026-08-23,Sun,22,BRU,CUZ,2109.0,100,0,2209.0,€2109,"Air Europa, Sky Airline",Madrid (MAD),1210,20h10,2,"6:55 PM on Fri, Jul 31","8:05 AM on Sat, Aug 1",+1,True,False,,high,,2434.0
google_flights,2026-07-03,Fri,2026-07-27,Mon,23,BRU,CUZ,2058.0,100,0,2158.0,€2058,"Iberia, LATAM",Madrid (MAD) → Madrid (MAD) / São Paulo (GRU),1315,21h55,2,"7:05 AM on Fri, Jul 3","10:00 PM on Fri, Jul 3",,True,False,,high,,2435.5
google_flights,2026-10-24,Sat,2026-11-14,Sat,20,CDG,AQP,2198.0,60,0,2258.0,€2198,"Air France, KLM, LATAM",Paris (CDG) → Amsterdam (AMS) → Madrid (MAD) / São Paulo (GRU),1115,18h35,2,"7:10 AM on Sat, Oct 24","6:45 PM on Sat, Oct 24",,True,False,,high,,2435.5
google_flights,2026-09-11,Fri,2026-10-03,Sat,21,BRU,AQP,2078.0,100,0,2178.0,€2078,"Iberia, LATAM",Madrid (MAD) → Madrid (MAD) / São Paulo (GRU),1280,21h20,2,"7:40 PM on Fri, Sep 11","10:00 AM on Sat, Sep 12",+1,True,False,,high,,2438.0
google_flights,2026-07-17,Fri,2026-08-09,Sun,22,AMS,CUZ,1961.0,150,0,2111.0,€1961,"Air Europa, Sky Airline",Madrid (MAD),1415,23h35,2,"7:00 PM on Fri, Jul 17","11:35 AM on Sat, Jul 18",+1,True,False,,,,2438.5
google_flights,2026-07-17,Fri,2026-08-10,Mon,23,AMS,CUZ,1961.0,150,0,2111.0,€1961,"Air Europa, Sky Airline",Madrid (MAD),1415,23h35,2,"7:00 PM on Fri, Jul 17","11:35 AM on Sat, Jul 18",+1,True,False,,,,2438.5
google_flights,2026-08-01,Sat,2026-08-22,Sat,20,AMS,CUZ,1676.0,150,0,1826.0,€1676,"Air Canada, Avianca",Montréal (YUL) / Toronto (YYZ) → Bogotá (BOG),1785,29h45,3,"12:35 PM on Sat, Aug 1","11:20 AM on Sun, Aug 2",+1,True,False,,,,2438.5
google_flights,2026-07-10,Fri,2026-08-02,Sun,22,CDG,CUZ,1816.0,60,0,1876.0,€1816,"Air Canada, Avianca",Montréal (YUL) / Toronto (YYZ) → Bogotá (BOG),1690,28h10,3,"2:10 PM on Fri, Jul 10","11:20 AM on Sat, Jul 11",+1,True,False,,high,,2441.0
google_flights,2026-09-18,Fri,2026-10-11,Sun,22,CDG,CUZ,2026.0,60,0,2086.0,€2026,"Air France, Air Europa, Sky Airline",Paris (CDG) → Madrid (MAD),1470,24h30,2,"2:35 PM on Fri, Sep 18","8:05 AM on Sat, Sep 19",+1,True,False,,,,2441.0
google_flights,2026-08-08,Sat,2026-08-30,Sun,21,AMS,CUZ,2071.0,150,0,2221.0,€2071,"Air Europa, Sky Airline",Madrid (MAD),1205,20h05,2,"7:00 PM on Sat, Aug 8","8:05 AM on Sun, Aug 9",+1,True,False,,,,2443.5
google_flights,2026-07-03,Fri,2026-07-26,Sun,22,BRU,AQP,1959.0,100,0,2059.0,€1959,"Iberia, LATAM",Madrid (MAD) → Madrid (MAD) / São Paulo (GRU),1530,25h30,2,"3:30 PM on Fri, Jul 3","10:00 AM on Sat, Jul 4",+1,True,False,,,,2444.0
google_flights,2026-07-16,Thu,2026-08-09,Sun,23,AMS,AQP,1963.0,150,0,2113.0,€1963,"Air Europa, Sky Airline",Madrid (MAD),1430,23h50,2,"7:00 PM on Thu, Jul 16","11:50 AM on Fri, Jul 17",+1,True,False,,typical,,2448.0
google_flights,2026-07-16,Thu,2026-08-08,Sat,22,AMS,AQP,2031.0,150,0,2181.0,€2031,"Iberia, LATAM",Madrid (MAD) → Madrid (MAD) / São Paulo (GRU),1295,21h35,2,"7:25 PM on Thu, Jul 16","10:00 AM on Fri, Jul 17",+1,True,False,,typical,,2448.5
google_flights,2026-08-06,Thu,2026-08-31,Mon,24,ORY,AQP,2056.0,70,0,2126.0,€2056,"Air Europa, Sky Airline",Madrid (MAD),1405,23h25,2,"7:25 PM on Thu, Aug 6","11:50 AM on Fri, Aug 7",+1,True,False,,,,2448.5
google_flights,2026-08-07,Fri,2026-08-31,Mon,23,ORY,AQP,2056.0,70,0,2126.0,€2056,"Air Europa, Sky Airline",Madrid (MAD),1405,23h25,2,"7:25 PM on Fri, Aug 7","11:50 AM on Sat, Aug 8",+1,True,False,,,,2448.5
google_flights,2026-07-10,Fri,2026-08-03,Mon,23,BRU,AQP,2064.0,100,0,2164.0,€2064,"Iberia, LATAM",Madrid (MAD) → Madrid (MAD) / São Paulo (GRU),1330,22h10,2,"7:40 PM on Fri, Jul 10","10:50 AM on Sat, Jul 11",+1,True,False,,typical,,2449.0
google_flights,2026-07-16,Thu,2026-08-09,Sun,23,AMS,AQP,2032.0,150,0,2182.0,€2032,"Iberia, LATAM",Madrid (MAD) → Madrid (MAD) / São Paulo (GRU),1295,21h35,2,"7:25 PM on Thu, Jul 16","10:00 AM on Fri, Jul 17",+1,True,False,,typical,,2449.5
google_flights,2026-08-13,Thu,2026-09-06,Sun,23,BRU,CUZ,2073.0,100,0,2173.0,€2073,"Iberia, LATAM",Madrid (MAD) → Madrid (MAD) / São Paulo (GRU),1315,21h55,2,"7:05 AM on Thu, Aug 13","10:00 PM on Thu, Aug 13",,True,False,,typical,,2450.5
google_flights,2026-07-03,Fri,2026-07-27,Mon,23,ORY,AQP,2165.0,70,0,2235.0,€2165,"Iberia, LATAM",Madrid (MAD) → Madrid (MAD) / São Paulo (GRU),1205,20h05,2,"8:55 PM on Fri, Jul 3","10:00 AM on Sat, Jul 4",+1,True,False,,high,,2457.5
google_flights,2026-07-10,Fri,2026-08-03,Mon,23,ORY,AQP,2165.0,70,0,2235.0,€2165,"Iberia, LATAM",Madrid (MAD) → Madrid (MAD) / São Paulo (GRU),1205,20h05,2,"8:55 PM on Fri, Jul 10","10:00 AM on Sat, Jul 11",+1,True,False,,high,,2457.5
google_flights,2026-07-24,Fri,2026-08-15,Sat,21,ORY,CUZ,2179.0,70,0,2249.0,€2179,"Air Europa, Sky Airline",Madrid (MAD),1180,19h40,2,"7:25 PM on Fri, Jul 24","8:05 AM on Sat, Jul 25",+1,True,False,,high,,2459.0
google_flights,2026-07-24,Fri,2026-08-17,Mon,23,ORY,CUZ,2179.0,70,0,2249.0,€2179,"Air Europa, Sky Airline",Madrid (MAD),1180,19h40,2,"7:25 PM on Fri, Jul 24","8:05 AM on Sat, Jul 25",+1,True,False,,high,,2459.0
google_flights,2026-07-02,Thu,2026-07-25,Sat,22,AMS,AQP,2044.0,150,0,2194.0,€2044,"Iberia, LATAM",Madrid (MAD) → Madrid (MAD) / São Paulo (GRU),1295,21h35,2,"7:25 PM on Thu, Jul 2","10:00 AM on Fri, Jul 3",+1,True,False,,,,2461.5
google_flights,2026-07-10,Fri,2026-08-03,Mon,23,CDG,CUZ,2132.0,60,0,2192.0,€2132,"Iberia, LATAM",Madrid (MAD) → Madrid (MAD) / São Paulo (GRU),1300,21h40,2,"6:50 PM on Fri, Jul 10","9:30 AM on Sat, Jul 11",+1,True,False,,,,2462.0
google_flights,2026-07-03,Fri,2026-07-26,Sun,22,BRU,AQP,1909.0,100,0,2009.0,€1909,"Vueling, Iberia, LATAM",Barcelone (BCN) → Madrid (MAD) → Madrid (MAD) / São Paulo (GRU),1670,27h50,2,"10:30 AM on Fri, Jul 3","7:20 AM on Sat, Jul 4",+1,True,False,,,,2464.0
google_flights,2026-07-09,Thu,2026-08-02,Sun,23,CDG,AQP,2121.0,60,0,2181.0,€2121,"Iberia, LATAM",Madrid (MAD) → Madrid (MAD) / São Paulo (GRU),1330,22h10,2,"6:50 PM on Thu, Jul 9","10:00 AM on Fri, Jul 10",+1,True,False,,,,2466.0
google_flights,2026-07-10,Fri,2026-08-01,Sat,21,AMS,AQP,2281.0,150,0,2431.0,€2281,"KLM, LATAM",Amsterdam (AMS) → Madrid (MAD) / São Paulo (GRU),1030,17h10,1,"9:55 AM on Fri, Jul 10","8:05 PM on Fri, Jul 10",,True,False,,typical,,2466.0
google_flights,2026-08-07,Fri,2026-08-31,Mon,23,BRU,AQP,2030.0,100,0,2130.0,€2030,"Air Europa, Sky Airline",Madrid (MAD),1435,23h55,2,"6:55 PM on Fri, Aug 7","11:50 AM on Sat, Aug 8",+1,True,False,,high,,2467.5
google_flights,2026-07-02,Thu,2026-07-25,Sat,22,AMS,CUZ,1991.0,150,0,2141.0,€1991,"Air Europa, Sky Airline",Madrid (MAD),1415,23h35,2,"7:00 PM on Thu, Jul 2","11:35 AM on Fri, Jul 3",+1,False,False,,,,2468.5
google_flights,2026-07-17,Fri,2026-08-08,Sat,21,BRU,CUZ,2144.0,100,0,2244.0,€2144,"Air Europa, Sky Airline",Madrid (MAD),1210,20h10,2,"6:55 PM on Fri, Jul 17","8:05 AM on Sat, Jul 18",+1,True,False,,high,,2469.0
google_flights,2026-07-18,Sat,2026-08-08,Sat,20,BRU,CUZ,2144.0,100,0,2244.0,€2144,"Air Europa, Sky Airline",Madrid (MAD),1210,20h10,2,"6:55 PM on Sat, Jul 18","8:05 AM on Sun, Jul 19",+1,True,False,,high,,2469.0
google_flights,2026-07-09,Thu,2026-08-02,Sun,23,CDG,AQP,2051.0,60,0,2111.0,€2051,LATAM,Madrid (MAD) / São Paulo (GRU),1485,24h45,2,"1:00 PM on Thu, Jul 9","6:45 AM on Fri, Jul 10",+1,True,False,,,,2473.5
google_flights,2026-07-17,Fri,2026-08-08,Sat,21,ORY,AQP,2081.0,70,0,2151.0,€2081,"Air Europa, Sky Airline",Madrid (MAD),1405,23h25,2,"7:25 PM on Fri, Jul 17","11:50 AM on Sat, Jul 18",+1,True,False,,high,,2473.5
google_flights,2026-07-18,Sat,2026-08-08,Sat,20,ORY,AQP,2081.0,70,0,2151.0,€2081,"Air Europa, Sky Airline",Madrid (MAD),1405,23h25,2,"7:25 PM on Sat, Jul 18","11:50 AM on Sun, Jul 19",+1,True,False,,high,,2473.5
google_flights,2026-08-06,Thu,2026-08-29,Sat,22,ORY,CUZ,2194.0,70,0,2264.0,€2194,"Air Europa, Sky Airline",Madrid (MAD),1180,19h40,2,"7:25 PM on Thu, Aug 6","8:05 AM on Fri, Aug 7",+1,True,False,,high,,2474.0
google_flights,2026-08-07,Fri,2026-08-29,Sat,21,ORY,CUZ,2194.0,70,0,2264.0,€2194,"Air Europa, Sky Airline",Madrid (MAD),1180,19h40,2,"7:25 PM on Fri, Aug 7","8:05 AM on Sat, Aug 8",+1,True,False,,high,,2474.0
google_flights,2026-07-23,Thu,2026-08-16,Sun,23,AMS,AQP,1992.0,150,0,2142.0,€1992,"Air Europa, Sky Airline",Madrid (MAD),1430,23h50,2,"7:00 PM on Thu, Jul 23","11:50 AM on Fri, Jul 24",+1,True,False,,typical,,2477.0
google_flights,2026-08-13,Thu,2026-09-06,Sun,23,ORY,AQP,2185.0,70,0,2255.0,€2185,"Iberia, LATAM",Madrid (MAD) → Madrid (MAD) / São Paulo (GRU),1205,20h05,2,"8:55 PM on Thu, Aug 13","10:00 AM on Fri, Aug 14",+1,True,False,,,,2477.5
google_flights,2026-07-04,Sat,2026-07-27,Mon,22,AMS,AQP,2036.0,150,0,2186.0,€2036,"Iberia, LATAM",Madrid (MAD) → Madrid (MAD) / São Paulo (GRU),1345,22h25,2,"7:25 PM on Sat, Jul 4","10:50 AM on Sun, Jul 5",+1,True,False,,typical,,2478.5
google_flights,2026-07-09,Thu,2026-08-02,Sun,23,AMS,AQP,2036.0,150,0,2186.0,€2036,"Iberia, LATAM",Madrid (MAD) → Madrid (MAD) / São Paulo (GRU),1345,22h25,2,"7:25 PM on Thu, Jul 9","10:50 AM on Fri, Jul 10",+1,True,False,,typical,,2478.5
google_flights,2026-07-10,Fri,2026-08-02,Sun,22,AMS,AQP,2036.0,150,0,2186.0,€2036,"Iberia, LATAM",Madrid (MAD) → Madrid (MAD) / São Paulo (GRU),1345,22h25,2,"7:25 PM on Fri, Jul 10","10:50 AM on Sat, Jul 11",+1,True,False,,typical,,2478.5
google_flights,2026-07-17,Fri,2026-08-08,Sat,21,BRU,AQP,2229.0,100,0,2329.0,€2229,"KLM, LATAM",Amsterdam (AMS) → Madrid (MAD) / São Paulo (GRU),1060,17h40,2,"8:05 AM on Fri, Jul 17","6:45 PM on Fri, Jul 17",,True,False,,,,2479.0
google_flights,2026-07-17,Fri,2026-08-09,Sun,22,BRU,AQP,2229.0,100,0,2329.0,€2229,"KLM, LATAM",Amsterdam (AMS) → Madrid (MAD) / São Paulo (GRU),1060,17h40,2,"8:05 AM on Fri, Jul 17","6:45 PM on Fri, Jul 17",,True,False,,typical,,2479.0
google_flights,2026-07-30,Thu,2026-08-22,Sat,22,ORY,CUZ,2134.0,70,0,2204.0,€2134,"Air Europa, Sky Airline",Madrid (MAD),1315,21h55,2,"5:10 PM on Thu, Jul 30","8:05 AM on Fri, Jul 31",+1,True,False,,high,,2481.5
google_flights,2026-07-30,Thu,2026-08-23,Sun,23,ORY,CUZ,2134.0,70,0,2204.0,€2134,"Air Europa, Sky Airline",Madrid (MAD),1315,21h55,2,"5:10 PM on Thu, Jul 30","8:05 AM on Fri, Jul 31",+1,True,False,,high,,2481.5
google_flights,2026-07-18,Sat,2026-08-09,Sun,21,AMS,AQP,2044.0,150,0,2194.0,€2044,"Iberia, LATAM",Madrid (MAD) → Madrid (MAD) / São Paulo (GRU),1345,22h25,2,"7:25 PM on Sat, Jul 18","10:50 AM on Sun, Jul 19",+1,True,False,,,,2486.5
google_flights,2026-09-11,Fri,2026-10-05,Mon,23,ORY,AQP,2195.0,70,0,2265.0,€2195,"Iberia, LATAM",Madrid (MAD) → Madrid (MAD) / São Paulo (GRU),1205,20h05,2,"8:55 PM on Fri, Sep 11","10:00 AM on Sat, Sep 12",+1,True,False,,high,,2487.5
google_flights,2026-08-08,Sat,2026-08-29,Sat,20,ORY,AQP,2096.0,70,0,2166.0,€2096,"Air Europa, Sky Airline",Madrid (MAD),1405,23h25,2,"7:25 PM on Sat, Aug 8","11:50 AM on Sun, Aug 9",+1,True,False,,high,,2488.5
google_flights,2026-07-10,Fri,2026-08-03,Mon,23,CDG,AQP,2146.0,60,0,2206.0,€2146,"Iberia, LATAM",Madrid (MAD) → Madrid (MAD) / São Paulo (GRU),1330,22h10,2,"6:50 PM on Fri, Jul 10","10:00 AM on Sat, Jul 11",+1,True,False,,,,2491.0
google_flights,2026-07-23,Thu,2026-08-15,Sat,22,CDG,AQP,2146.0,60,0,2206.0,€2146,"Iberia, LATAM",Madrid (MAD) → Madrid (MAD) / São Paulo (GRU),1330,22h10,2,"6:50 PM on Thu, Jul 23","10:00 AM on Fri, Jul 24",+1,True,False,,,,2491.0
google_flights,2026-08-14,Fri,2026-09-05,Sat,21,BRU,CUZ,2153.0,100,0,2253.0,€2153,"Iberia, LATAM",Madrid (MAD) → Madrid (MAD) / São Paulo (GRU),1250,20h50,2,"7:40 PM on Fri, Aug 14","9:30 AM on Sat, Aug 15",+1,True,False,,,,2498.0
google_flights,2026-07-31,Fri,2026-08-22,Sat,21,AMS,AQP,2296.0,150,0,2446.0,€2296,"KLM, LATAM",Amsterdam (AMS) → Madrid (MAD) / São Paulo (GRU),1070,17h50,1,"9:55 AM on Fri, Jul 31","8:45 PM on Fri, Jul 31",,True,False,,,,2501.0
google_flights,2026-07-03,Fri,2026-07-25,Sat,21,AMS,CUZ,2131.0,150,0,2281.0,€2131,"Air Europa, Sky Airline",Madrid (MAD),1205,20h05,2,"7:00 PM on Fri, Jul 3","8:05 AM on Sat, Jul 4",+1,True,False,,high,,2503.5
google_flights,2026-07-23,Thu,2026-08-16,Sun,23,AMS,CUZ,2131.0,150,0,2281.0,€2131,"Air Europa, Sky Airline",Madrid (MAD),1205,20h05,2,"7:00 PM on Thu, Jul 23","8:05 AM on Fri, Jul 24",+1,True,False,,high,,2503.5
google_flights,2026-08-13,Thu,2026-09-07,Mon,24,BRU,CUZ,2162.0,100,0,2262.0,€2162,"Iberia, LATAM",Madrid (MAD) → Madrid (MAD) / São Paulo (GRU),1245,20h45,2,"7:45 PM on Thu, Aug 13","9:30 AM on Fri, Aug 14",+1,True,False,,,,2504.5
google_flights,2026-10-10,Sat,2026-10-31,Sat,20,AMS,CUZ,2085.0,150,0,2235.0,€2085,"Iberia, LATAM",Madrid (MAD) → Madrid (MAD) / São Paulo (GRU),1300,21h40,2,"7:20 AM on Sat, Oct 10","10:00 PM on Sat, Oct 10",,True,False,,high,,2505.0
google_flights,2026-07-02,Thu,2026-07-25,Sat,22,BRU,CUZ,2163.0,100,0,2263.0,€2163,"Iberia, LATAM",Madrid (MAD) → Madrid (MAD) / São Paulo (GRU),1245,20h45,2,"7:45 PM on Thu, Jul 2","9:30 AM on Fri, Jul 3",+1,True,False,,high,,2505.5
google_flights,2026-07-02,Thu,2026-07-27,Mon,24,BRU,CUZ,2163.0,100,0,2263.0,€2163,"Iberia, LATAM",Madrid (MAD) → Madrid (MAD) / São Paulo (GRU),1245,20h45,2,"7:45 PM on Thu, Jul 2","9:30 AM on Fri, Jul 3",+1,True,False,,typical,,2505.5
google_flights,2026-08-08,Sat,2026-08-29,Sat,20,BRU,AQP,2070.0,100,0,2170.0,€2070,"Air Europa, Sky Airline",Madrid (MAD),1435,23h55,2,"6:55 PM on Sat, Aug 8","11:50 AM on Sun, Aug 9",+1,True,False,,high,,2507.5
google_flights,2026-07-31,Fri,2026-08-22,Sat,21,CDG,CUZ,1938.0,60,0,1998.0,€1938,"Air Canada, Avianca",Montréal (YUL) / Toronto (YYZ) → Bogotá (BOG),1780,29h40,2,"12:40 PM on Fri, Jul 31","11:20 AM on Sat, Aug 1",+1,True,False,,high,,2508.0
google_flights,2026-07-16,Thu,2026-08-10,Mon,24,CDG,AQP,2234.0,60,0,2294.0,€2234,"Air France, KLM, LATAM",Paris (CDG) → Amsterdam (AMS) → Madrid (MAD) / São Paulo (GRU),1195,19h55,2,"7:10 AM on Thu, Jul 16","8:05 PM on Thu, Jul 16",,True,False,,high,,2511.5
google_flights,2026-08-07,Fri,2026-08-29,Sat,21,AMS,AQP,2004.0,150,0,2154.0,€2004,LATAM,Madrid (MAD) / São Paulo (GRU),1475,24h35,2,"1:10 PM on Fri, Aug 7","6:45 AM on Sat, Aug 8",+1,True,False,,,,2511.5
google_flights,2026-08-14,Fri,2026-09-07,Mon,23,CDG,CUZ,2245.0,60,0,2305.0,€2245,"Iberia, LATAM",Madrid (MAD) → Madrid (MAD) / São Paulo (GRU),1175,19h35,2,"8:55 PM on Fri, Aug 14","9:30 AM on Sat, Aug 15",+1,True,False,,high,,2512.5
google_flights,2026-07-31,Fri,2026-08-23,Sun,22,AMS,CUZ,1851.0,150,0,2001.0,€1851,"Air Canada, Avianca",Montréal (YUL) / Toronto (YYZ) → Bogotá (BOG),1785,29h45,2,"12:35 PM on Fri, Jul 31","11:20 AM on Sat, Aug 1",+1,True,False,,,,2513.5
google_flights,2026-08-07,Fri,2026-08-29,Sat,21,AMS,CUZ,2141.0,150,0,2291.0,€2141,"Air Europa, Sky Airline",Madrid (MAD),1205,20h05,2,"7:00 PM on Fri, Aug 7","8:05 AM on Sat, Aug 8",+1,True,False,,high,,2513.5
google_flights,2026-08-01,Sat,2026-08-23,Sun,21,BRU,CUZ,2189.0,100,0,2289.0,€2189,"Air Europa, Sky Airline",Madrid (MAD),1210,20h10,2,"6:55 PM on Sat, Aug 1","8:05 AM on Sun, Aug 2",+1,True,False,,high,,2514.0
google_flights,2026-08-01,Sat,2026-08-24,Mon,22,BRU,CUZ,2189.0,100,0,2289.0,€2189,"Air Europa, Sky Airline",Madrid (MAD),1210,20h10,2,"6:55 PM on Sat, Aug 1","8:05 AM on Sun, Aug 2",+1,True,False,,high,,2514.0
google_flights,2026-09-18,Fri,2026-10-11,Sun,22,CDG,CUZ,2176.0,60,0,2236.0,€2176,"Air France, Air Europa, Sky Airline",Paris (CDG) → Madrid (MAD),1325,22h05,2,"5:00 PM on Fri, Sep 18","8:05 AM on Sat, Sep 19",+1,True,False,,,,2518.5
google_flights,2026-07-11,Sat,2026-08-02,Sun,21,AMS,AQP,2021.0,150,0,2171.0,€2021,LATAM,Madrid (MAD) / São Paulo (GRU),1475,24h35,2,"1:10 PM on Sat, Jul 11","6:45 AM on Sun, Jul 12",+1,True,False,,,,2528.5
google_flights,2026-07-30,Thu,2026-08-23,Sun,23,ORY,AQP,2136.0,70,0,2206.0,€2136,"Air Europa, Sky Airline",Madrid (MAD),1405,23h25,2,"7:25 PM on Thu, Jul 30","11:50 AM on Fri, Jul 31",+1,True,False,,,,2528.5
google_flights,2026-07-10,Fri,2026-08-02,Sun,22,BRU,CUZ,2184.0,100,0,2284.0,€2184,"Iberia, LATAM",Madrid (MAD) → Madrid (MAD) / São Paulo (GRU),1250,20h50,2,"7:40 PM on Fri, Jul 10","9:30 AM on Sat, Jul 11",+1,True,False,,,,2529.0
google_flights,2026-07-31,Fri,2026-08-23,Sun,22,CDG,CUZ,1963.0,60,0,2023.0,€1963,"Air Canada, Avianca",Montréal (YUL) / Toronto (YYZ) → Bogotá (BOG),1780,29h40,2,"12:40 PM on Fri, Jul 31","11:20 AM on Sat, Aug 1",+1,True,False,,high,,2533.0
google_flights,2026-07-16,Thu,2026-08-10,Mon,24,ORY,AQP,2141.0,70,0,2211.0,€2141,"Air Europa, Sky Airline",Madrid (MAD),1405,23h25,2,"7:25 PM on Thu, Jul 16","11:50 AM on Fri, Jul 17",+1,True,False,,high,,2533.5
google_flights,2026-07-04,Sat,2026-07-27,Mon,22,CDG,AQP,2166.0,60,0,2226.0,€2166,"Iberia, LATAM",Madrid (MAD) → Madrid (MAD) / São Paulo (GRU),1380,23h,2,"6:50 PM on Sat, Jul 4","10:50 AM on Sun, Jul 5",+1,False,False,,high,,2536.0
google_flights,2026-07-02,Thu,2026-07-26,Sun,23,AMS,CUZ,2135.0,150,0,2285.0,€2135,"Iberia, LATAM",Madrid (MAD) → Madrid (MAD) / São Paulo (GRU),1265,21h05,2,"7:25 PM on Thu, Jul 2","9:30 AM on Fri, Jul 3",+1,False,False,,typical,,2537.5
google_flights,2026-07-10,Fri,2026-08-02,Sun,22,AMS,CUZ,2135.0,150,0,2285.0,€2135,"Iberia, LATAM",Madrid (MAD) → Madrid (MAD) / São Paulo (GRU),1265,21h05,2,"7:25 PM on Fri, Jul 10","9:30 AM on Sat, Jul 11",+1,True,False,,high,,2537.5
google_flights,2026-07-10,Fri,2026-08-03,Mon,23,AMS,CUZ,2135.0,150,0,2285.0,€2135,"Iberia, LATAM",Madrid (MAD) → Madrid (MAD) / São Paulo (GRU),1265,21h05,2,"7:25 PM on Fri, Jul 10","9:30 AM on Sat, Jul 11",+1,True,False,,high,,2537.5
google_flights,2026-08-14,Fri,2026-09-05,Sat,21,BRU,AQP,2154.0,100,0,2254.0,€2154,"Iberia, LATAM",Madrid (MAD) → Madrid (MAD) / São Paulo (GRU),1330,22h10,2,"7:40 PM on Fri, Aug 14","10:50 AM on Sat, Aug 15",+1,True,False,,typical,,2539.0
google_flights,2026-08-27,Thu,2026-09-21,Mon,24,CDG,CUZ,2195.0,60,0,2255.0,€2195,"Iberia, LATAM",Madrid (MAD) → Madrid (MAD) / São Paulo (GRU),1330,22h10,2,"6:50 AM on Thu, Aug 27","10:00 PM on Thu, Aug 27",,True,False,,high,,2540.0
google_flights,2026-07-17,Fri,2026-08-09,Sun,22,CDG,CUZ,2136.0,60,0,2196.0,€2136,LATAM,Madrid (MAD) / São Paulo (GRU),1450,24h10,2,"1:00 PM on Fri, Jul 17","6:10 AM on Sat, Jul 18",+1,True,False,,,,2541.0
google_flights,2026-07-18,Sat,2026-08-10,Mon,22,CDG,CUZ,2136.0,60,0,2196.0,€2136,LATAM,Madrid (MAD) / São Paulo (GRU),1450,24h10,2,"1:00 PM on Sat, Jul 18","6:10 AM on Sun, Jul 19",+1,True,False,,,,2541.0
google_flights,2026-07-31,Fri,2026-08-22,Sat,21,ORY,CUZ,2194.0,70,0,2264.0,€2194,"Air Europa, Sky Airline",Madrid (MAD),1315,21h55,2,"5:10 PM on Fri, Jul 31","8:05 AM on Sat, Aug 1",+1,True,False,,,,2541.5
google_flights,2026-07-31,Fri,2026-08-23,Sun,22,ORY,CUZ,2194.0,70,0,2264.0,€2194,"Air Europa, Sky Airline",Madrid (MAD),1315,21h55,2,"5:10 PM on Fri, Jul 31","8:05 AM on Sat, Aug 1",+1,True,False,,high,,2541.5
google_flights,2026-07-24,Fri,2026-08-16,Sun,22,CDG,CUZ,2212.0,60,0,2272.0,€2212,"Iberia, LATAM",Madrid (MAD) → Madrid (MAD) / São Paulo (GRU),1300,21h40,2,"6:50 PM on Fri, Jul 24","9:30 AM on Sat, Jul 25",+1,True,False,,,,2542.0
google_flights,2026-07-03,Fri,2026-07-25,Sat,21,BRU,AQP,2105.0,100,0,2205.0,€2105,"Air Europa, Sky Airline",Madrid (MAD),1435,23h55,2,"6:55 PM on Fri, Jul 3","11:50 AM on Sat, Jul 4",+1,True,False,,high,,2542.5
google_flights,2026-08-06,Thu,2026-08-29,Sat,22,BRU,CUZ,2059.0,100,0,2159.0,€2059,LATAM,Madrid (MAD) / São Paulo (GRU),1530,25h30,2,"1:10 PM on Thu, Aug 6","7:40 AM on Fri, Aug 7",+1,True,False,,,,2544.0
google_flights,2026-07-23,Thu,2026-08-15,Sat,22,AMS,AQP,2062.0,150,0,2212.0,€2062,"Air Europa, Sky Airline",Madrid (MAD),1430,23h50,2,"7:00 PM on Thu, Jul 23","11:50 AM on Fri, Jul 24",+1,True,False,,typical,,2547.0
google_flights,2026-07-23,Thu,2026-08-17,Mon,24,AMS,AQP,2062.0,150,0,2212.0,€2062,"Air Europa, Sky Airline",Madrid (MAD),1430,23h50,2,"7:00 PM on Thu, Jul 23","11:50 AM on Fri, Jul 24",+1,True,False,,typical,,2547.0
google_flights,2026-07-31,Fri,2026-08-23,Sun,22,BRU,AQP,2110.0,100,0,2210.0,€2110,"Air Europa, Sky Airline",Madrid (MAD),1435,23h55,2,"6:55 PM on Fri, Jul 31","11:50 AM on Sat, Aug 1",+1,True,False,,high,,2547.5
google_flights,2026-07-31,Fri,2026-08-24,Mon,23,BRU,AQP,2110.0,100,0,2210.0,€2110,"Air Europa, Sky Airline",Madrid (MAD),1435,23h55,2,"6:55 PM on Fri, Jul 31","11:50 AM on Sat, Aug 1",+1,True,False,,high,,2547.5
google_flights,2026-07-24,Fri,2026-08-16,Sun,22,BRU,CUZ,2224.0,100,0,2324.0,€2224,"Air Europa, Sky Airline",Madrid (MAD),1210,20h10,2,"6:55 PM on Fri, Jul 24","8:05 AM on Sat, Jul 25",+1,True,False,,high,,2549.0
google_flights,2026-07-24,Fri,2026-08-17,Mon,23,BRU,CUZ,2224.0,100,0,2324.0,€2224,"Air Europa, Sky Airline",Madrid (MAD),1210,20h10,2,"6:55 PM on Fri, Jul 24","8:05 AM on Sat, Jul 25",+1,True,False,,high,,2549.0
google_flights,2026-07-04,Sat,2026-07-27,Mon,22,CDG,CUZ,2208.0,60,0,2268.0,€2208,"Air France, Air Europa, Sky Airline",Paris (CDG) → Madrid (MAD),1325,22h05,2,"5:00 PM on Sat, Jul 4","8:05 AM on Sun, Jul 5",+1,True,False,,,,2550.5
google_flights,2026-07-16,Thu,2026-08-08,Sat,22,BRU,CUZ,2208.0,100,0,2308.0,€2208,"Iberia, LATAM",Madrid (MAD) → Madrid (MAD) / São Paulo (GRU),1245,20h45,2,"7:45 PM on Thu, Jul 16","9:30 AM on Fri, Jul 17",+1,True,False,,high,,2550.5
google_flights,2026-07-03,Fri,2026-07-25,Sat,21,AMS,AQP,2044.0,150,0,2194.0,€2044,LATAM,Madrid (MAD) / São Paulo (GRU),1475,24h35,2,"1:10 PM on Fri, Jul 3","6:45 AM on Sat, Jul 4",+1,True,False,,,,2551.5
google_flights,2026-07-18,Sat,2026-08-09,Sun,21,AMS,CUZ,2135.0,150,0,2285.0,€2135,"Iberia, LATAM",Madrid (MAD) → Madrid (MAD) / São Paulo (GRU),1295,21h35,2,"7:25 PM on Sat, Jul 18","10:00 AM on Sun, Jul 19",+1,True,False,,high,,2552.5
google_flights,2026-07-18,Sat,2026-08-10,Mon,22,AMS,CUZ,2135.0,150,0,2285.0,€2135,"Iberia, LATAM",Madrid (MAD) → Madrid (MAD) / São Paulo (GRU),1295,21h35,2,"7:25 PM on Sat, Jul 18","10:00 AM on Sun, Jul 19",+1,True,False,,,,2552.5
google_flights,2026-07-25,Sat,2026-08-15,Sat,20,BRU,CUZ,1984.0,100,0,2084.0,€1984,"Air Europa, Sky Airline",Madrid (MAD),1700,28h20,2,"10:45 AM on Sat, Jul 25","8:05 AM on Sun, Jul 26",+1,False,False,,,,2554.0
google_flights,2026-07-23,Thu,2026-08-17,Mon,24,CDG,CUZ,2030.0,60,0,2090.0,€2030,"Air Canada, Avianca",Montréal (YUL) / Toronto (YYZ) → Bogotá (BOG),1690,28h10,2,"2:10 PM on Thu, Jul 23","11:20 AM on Fri, Jul 24",+1,True,False,,,,2555.0
google_flights,2026-09-18,Fri,2026-10-11,Sun,22,AMS,AQP,2116.0,150,0,2266.0,€2116,"Iberia, LATAM",Madrid (MAD) → Madrid (MAD) / São Paulo (GRU),1345,22h25,2,"7:25 PM on Fri, Sep 18","10:50 AM on Sat, Sep 19",+1,True,False,,typical,,2558.5
google_flights,2026-07-16,Thu,2026-08-08,Sat,22,CDG,AQP,2325.0,60,0,2385.0,€2325,"Air France, KLM, LATAM",Paris (CDG) → Amsterdam (AMS) → Madrid (MAD) / São Paulo (GRU),1115,18h35,2,"7:10 AM on Thu, Jul 16","6:45 PM on Thu, Jul 16",,True,False,,high,,2562.5
google_flights,2026-07-17,Fri,2026-08-08,Sat,21,CDG,AQP,2325.0,60,0,2385.0,€2325,"Air France, KLM, LATAM",Paris (CDG) → Amsterdam (AMS) → Madrid (MAD) / São Paulo (GRU),1115,18h35,2,"7:10 AM on Fri, Jul 17","6:45 PM on Fri, Jul 17",,True,False,,high,,2562.5
google_flights,2026-08-06,Thu,2026-08-31,Mon,24,AMS,AQP,2083.0,150,0,2233.0,€2083,"Air Europa, Sky Airline",Madrid (MAD),1430,23h50,2,"7:00 PM on Thu, Aug 6","11:50 AM on Fri, Aug 7",+1,True,False,,typical,,2568.0
google_flights,2026-07-11,Sat,2026-08-03,Mon,22,CDG,AQP,2150.0,60,0,2210.0,€2150,LATAM,Madrid (MAD) / São Paulo (GRU),1485,24h45,2,"1:00 PM on Sat, Jul 11","6:45 AM on Sun, Jul 12",+1,True,False,,high,,2572.5
google_flights,2026-08-13,Thu,2026-09-07,Mon,24,CDG,CUZ,2245.0,60,0,2305.0,€2245,"Iberia, LATAM",Madrid (MAD) → Madrid (MAD) / São Paulo (GRU),1295,21h35,2,"6:55 PM on Thu, Aug 13","9:30 AM on Fri, Aug 14",+1,True,False,,high,,2572.5
google_flights,2026-08-21,Fri,2026-09-12,Sat,21,CDG,CUZ,2290.0,60,0,2350.0,€2290,"Iberia, LATAM",Madrid (MAD) → Madrid (MAD) / São Paulo (GRU),1205,20h05,2,"8:55 PM on Fri, Aug 21","10:00 AM on Sat, Aug 22",+1,True,False,,typical,,2572.5
google_flights,2026-08-21,Fri,2026-09-13,Sun,22,CDG,CUZ,2290.0,60,0,2350.0,€2290,"Iberia, LATAM",Madrid (MAD) → Madrid (MAD) / São Paulo (GRU),1205,20h05,2,"8:55 PM on Fri, Aug 21","10:00 AM on Sat, Aug 22",+1,True,False,,high,,2572.5
google_flights,2026-07-10,Fri,2026-08-02,Sun,22,AMS,CUZ,2201.0,150,0,2351.0,€2201,"Air Europa, Sky Airline",Madrid (MAD),1205,20h05,2,"7:00 PM on Fri, Jul 10","8:05 AM on Sat, Jul 11",+1,True,False,,high,,2573.5
google_flights,2026-07-16,Thu,2026-08-09,Sun,23,AMS,CUZ,2201.0,150,0,2351.0,€2201,"Air Europa, Sky Airline",Madrid (MAD),1205,20h05,2,"7:00 PM on Thu, Jul 16","8:05 AM on Fri, Jul 17",+1,True,False,,high,,2573.5
google_flights,2026-07-23,Thu,2026-08-15,Sat,22,AMS,CUZ,1961.0,150,0,2111.0,€1961,"Air Europa, Sky Airline",Madrid (MAD),1685,28h05,2,"11:00 AM on Thu, Jul 23","8:05 AM on Fri, Jul 24",+1,False,False,,,,2573.5
google_flights,2026-07-31,Fri,2026-08-22,Sat,21,ORY,CUZ,2294.0,70,0,2364.0,€2294,"Air Europa, Sky Airline",Madrid (MAD),1180,19h40,2,"7:25 PM on Fri, Jul 31","8:05 AM on Sat, Aug 1",+1,False,False,,,,2574.0
google_flights,2026-07-31,Fri,2026-08-23,Sun,22,ORY,CUZ,2294.0,70,0,2364.0,€2294,"Air Europa, Sky Airline",Madrid (MAD),1180,19h40,2,"7:25 PM on Fri, Jul 31","8:05 AM on Sat, Aug 1",+1,False,False,,high,,2574.0
google_flights,2026-08-01,Sat,2026-08-23,Sun,21,ORY,CUZ,2294.0,70,0,2364.0,€2294,"Air Europa, Sky Airline",Madrid (MAD),1180,19h40,2,"7:25 PM on Sat, Aug 1","8:05 AM on Sun, Aug 2",+1,True,False,,,,2574.0
google_flights,2026-07-10,Fri,2026-08-03,Mon,23,AMS,AQP,2136.0,150,0,2286.0,€2136,"Iberia, LATAM",Madrid (MAD) → Madrid (MAD) / São Paulo (GRU),1345,22h25,2,"7:25 PM on Fri, Jul 10","10:50 AM on Sat, Jul 11",+1,True,False,,typical,,2578.5
google_flights,2026-07-16,Thu,2026-08-08,Sat,22,AMS,CUZ,2180.0,150,0,2330.0,€2180,"Iberia, LATAM",Madrid (MAD) → Madrid (MAD) / São Paulo (GRU),1265,21h05,2,"7:25 PM on Thu, Jul 16","9:30 AM on Fri, Jul 17",+1,True,False,,high,,2582.5
google_flights,2026-09-04,Fri,2026-09-28,Mon,23,ORY,AQP,2290.0,70,0,2360.0,€2290,"Iberia, LATAM",Madrid (MAD) → Madrid (MAD) / São Paulo (GRU),1205,20h05,2,"8:55 PM on Fri, Sep 4","10:00 AM on Sat, Sep 5",+1,True,False,,typical,,2582.5
google_flights,2026-08-06,Thu,2026-08-29,Sat,22,BRU,CUZ,2143.0,100,0,2243.0,€2143,LATAM,Madrid (MAD) / São Paulo (GRU),1440,24h,2,"1:10 PM on Thu, Aug 6","6:10 AM on Fri, Aug 7",+1,True,False,,,,2583.0
google_flights,2026-07-23,Thu,2026-08-16,Sun,23,BRU,AQP,2228.0,100,0,2328.0,€2228,"Iberia, LATAM",Madrid (MAD) → Madrid (MAD) / São Paulo (GRU),1275,21h15,2,"7:45 PM on Thu, Jul 23","10:00 AM on Fri, Jul 24",+1,True,False,,high,,2585.5
google_flights,2026-07-16,Thu,2026-08-08,Sat,22,CDG,AQP,2241.0,60,0,2301.0,€2241,"Iberia, LATAM",Madrid (MAD) → Madrid (MAD) / São Paulo (GRU),1330,22h10,2,"6:50 PM on Thu, Jul 16","10:00 AM on Fri, Jul 17",+1,True,False,,high,,2586.0
google_flights,2026-08-06,Thu,2026-08-29,Sat,22,ORY,AQP,2196.0,70,0,2266.0,€2196,"Air Europa, Sky Airline",Madrid (MAD),1405,23h25,2,"7:25 PM on Thu, Aug 6","11:50 AM on Fri, Aug 7",+1,True,False,,,,2588.5
google_flights,2026-08-07,Fri,2026-08-30,Sun,22,ORY,AQP,2196.0,70,0,2266.0,€2196,"Air Europa, Sky Airline",Madrid (MAD),1405,23h25,2,"7:25 PM on Fri, Aug 7","11:50 AM on Sat, Aug 8",+1,True,False,,high,,2588.5
google_flights,2026-07-04,Sat,2026-07-27,Mon,22,CDG,CUZ,2250.0,60,0,2310.0,€2250,"Iberia, LATAM",Madrid (MAD) → Madrid (MAD) / São Paulo (GRU),1330,22h10,2,"6:50 AM on Sat, Jul 4","10:00 PM on Sat, Jul 4",,True,False,,,,2595.0
google_flights,2026-10-03,Sat,2026-10-26,Mon,22,AMS,CUZ,2175.0,150,0,2325.0,€2175,"Iberia, LATAM",Madrid (MAD) → Madrid (MAD) / São Paulo (GRU),1300,21h40,2,"7:20 AM on Sat, Oct 3","10:00 PM on Sat, Oct 3",,True,False,,high,,2595.0
google_flights,2026-07-03,Fri,2026-07-25,Sat,21,CDG,AQP,2251.0,60,0,2311.0,€2251,"Iberia, LATAM",Madrid (MAD) → Madrid (MAD) / São Paulo (GRU),1330,22h10,2,"6:50 PM on Fri, Jul 3","10:00 AM on Sat, Jul 4",+1,True,False,,high,,2596.0
google_flights,2026-10-31,Sat,2026-11-22,Sun,21,CDG,CUZ,2369.0,60,0,2429.0,€2369,"KLM, LATAM",Amsterdam (AMS) → Madrid (MAD) / São Paulo (GRU),1095,18h15,2,"9:05 AM on Sat, Oct 31","9:20 PM on Sat, Oct 31",,True,False,,high,,2596.5
google_flights,2026-07-30,Thu,2026-08-23,Sun,23,AMS,AQP,2112.0,150,0,2262.0,€2112,"Air Europa, Sky Airline",Madrid (MAD),1430,23h50,2,"7:00 PM on Thu, Jul 30","11:50 AM on Fri, Jul 31",+1,True,False,,typical,,2597.0
google_flights,2026-08-07,Fri,2026-08-31,Mon,23,AMS,AQP,2112.0,150,0,2262.0,€2112,"Air Europa, Sky Airline",Madrid (MAD),1430,23h50,2,"7:00 PM on Fri, Aug 7","11:50 AM on Sat, Aug 8",+1,True,False,,typical,,2597.0
google_flights,2026-07-30,Thu,2026-08-24,Mon,24,AMS,AQP,2113.0,150,0,2263.0,€2113,"Air Europa, Sky Airline",Madrid (MAD),1430,23h50,2,"7:00 PM on Thu, Jul 30","11:50 AM on Fri, Jul 31",+1,True,False,,,,2598.0
google_flights,2026-08-07,Fri,2026-08-31,Mon,23,BRU,AQP,2351.0,100,0,2451.0,€2351,"KLM, LATAM",Amsterdam (AMS) → Madrid (MAD) / São Paulo (GRU),1060,17h40,2,"8:05 AM on Fri, Aug 7","6:45 PM on Fri, Aug 7",,True,False,,high,,2601.0
google_flights,2026-07-31,Fri,2026-08-24,Mon,23,ORY,CUZ,2254.0,70,0,2324.0,€2254,"Air Europa, Sky Airline",Madrid (MAD),1315,21h55,2,"5:10 PM on Fri, Jul 31","8:05 AM on Sat, Aug 1",+1,True,False,,high,,2601.5
google_flights,2026-08-06,Thu,2026-08-29,Sat,22,ORY,CUZ,2254.0,70,0,2324.0,€2254,"Air Europa, Sky Airline",Madrid (MAD),1315,21h55,2,"5:10 PM on Thu, Aug 6","8:05 AM on Fri, Aug 7",+1,True,False,,high,,2601.5
google_flights,2026-09-24,Thu,2026-10-18,Sun,23,AMS,CUZ,2205.0,150,0,2355.0,€2205,"Iberia, LATAM",Madrid (MAD) → Madrid (MAD) / São Paulo (GRU),1265,21h05,2,"7:25 PM on Thu, Sep 24","9:30 AM on Fri, Sep 25",+1,True,False,,high,,2607.5
google_flights,2026-07-09,Thu,2026-08-02,Sun,23,AMS,AQP,2191.0,150,0,2341.0,€2191,"Iberia, LATAM",Madrid (MAD) → Madrid (MAD) / São Paulo (GRU),1295,21h35,2,"7:25 PM on Thu, Jul 9","10:00 AM on Fri, Jul 10",+1,True,False,,typical,,2608.5
google_flights,2026-07-02,Thu,2026-07-26,Sun,23,AMS,AQP,2200.0,150,0,2350.0,€2200,"Iberia, LATAM",Madrid (MAD) → Madrid (MAD) / São Paulo (GRU),1295,21h35,2,"7:25 PM on Thu, Jul 2","10:00 AM on Fri, Jul 3",+1,True,False,,typical,,2617.5
google_flights,2026-07-23,Thu,2026-08-16,Sun,23,BRU,CUZ,2243.0,100,0,2343.0,€2243,"Iberia, LATAM",Madrid (MAD) → Madrid (MAD) / São Paulo (GRU),1310,21h50,2,"7:45 PM on Thu, Jul 23","10:35 AM on Fri, Jul 24",+1,True,False,,high,,2618.0
google_flights,2026-09-18,Fri,2026-10-12,Mon,23,AMS,AQP,2176.0,150,0,2326.0,€2176,"Iberia, LATAM",Madrid (MAD) → Madrid (MAD) / São Paulo (GRU),1345,22h25,2,"7:25 PM on Fri, Sep 18","10:50 AM on Sat, Sep 19",+1,True,False,,typical,,2618.5
google_flights,2026-07-04,Sat,2026-07-25,Sat,20,CDG,AQP,2251.0,60,0,2311.0,€2251,"Iberia, LATAM",Madrid (MAD) → Madrid (MAD) / São Paulo (GRU),1380,23h,2,"6:50 PM on Sat, Jul 4","10:50 AM on Sun, Jul 5",+1,False,False,,high,,2621.0
google_flights,2026-07-04,Sat,2026-07-26,Sun,21,CDG,AQP,2251.0,60,0,2311.0,€2251,"Iberia, LATAM",Madrid (MAD) → Madrid (MAD) / São Paulo (GRU),1380,23h,2,"6:50 PM on Sat, Jul 4","10:50 AM on Sun, Jul 5",+1,False,False,,high,,2621.0
google_flights,2026-07-02,Thu,2026-07-27,Mon,24,CDG,CUZ,2208.0,60,0,2268.0,€2208,"Air France, Air Europa, Sky Airline",Paris (CDG) → Madrid (MAD),1470,24h30,2,"2:35 PM on Thu, Jul 2","8:05 AM on Fri, Jul 3",+1,True,False,,,,2623.0
google_flights,2026-07-03,Fri,2026-07-27,Mon,23,CDG,CUZ,2208.0,60,0,2268.0,€2208,"Air France, Air Europa, Sky Airline",Paris (CDG) → Madrid (MAD),1470,24h30,2,"2:35 PM on Fri, Jul 3","8:05 AM on Sat, Jul 4",+1,True,False,,,,2623.0
google_flights,2026-09-25,Fri,2026-10-18,Sun,22,AMS,CUZ,2205.0,150,0,2355.0,€2205,"Iberia, LATAM",Madrid (MAD) → Madrid (MAD) / São Paulo (GRU),1300,21h40,2,"7:20 AM on Fri, Sep 25","10:00 PM on Fri, Sep 25",,False,False,,typical,,2625.0
google_flights,2026-10-31,Sat,2026-11-23,Mon,22,CDG,CUZ,2398.0,60,0,2458.0,€2398,"KLM, LATAM",Amsterdam (AMS) → Madrid (MAD) / São Paulo (GRU),1095,18h15,2,"9:05 AM on Sat, Oct 31","9:20 PM on Sat, Oct 31",,True,False,,typical,,2625.5
google_flights,2026-07-23,Thu,2026-08-16,Sun,23,BRU,AQP,2244.0,100,0,2344.0,€2244,"Iberia, LATAM",Madrid (MAD) → Madrid (MAD) / São Paulo (GRU),1325,22h05,2,"7:45 PM on Thu, Jul 23","10:50 AM on Fri, Jul 24",+1,True,False,,high,,2626.5
google_flights,2026-07-03,Fri,2026-07-26,Sun,22,AMS,AQP,2142.0,150,0,2292.0,€2142,"Air Europa, Sky Airline",Madrid (MAD),1430,23h50,2,"7:00 PM on Fri, Jul 3","11:50 AM on Sat, Jul 4",+1,True,False,,typical,,2627.0
google_flights,2026-07-02,Thu,2026-07-26,Sun,23,BRU,AQP,2270.0,100,0,2370.0,€2270,"Iberia, LATAM",Madrid (MAD) → Madrid (MAD) / São Paulo (GRU),1275,21h15,2,"7:45 PM on Thu, Jul 2","10:00 AM on Fri, Jul 3",+1,True,False,,,,2627.5
google_flights,2026-08-01,Sat,2026-08-23,Sun,21,BRU,AQP,2190.0,100,0,2290.0,€2190,"Air Europa, Sky Airline",Madrid (MAD),1435,23h55,2,"6:55 PM on Sat, Aug 1","11:50 AM on Sun, Aug 2",+1,True,False,,,,2627.5
google_flights,2026-08-01,Sat,2026-08-24,Mon,22,BRU,AQP,2190.0,100,0,2290.0,€2190,"Air Europa, Sky Airline",Madrid (MAD),1435,23h55,2,"6:55 PM on Sat, Aug 1","11:50 AM on Sun, Aug 2",+1,True,False,,high,,2627.5
google_flights,2026-08-06,Thu,2026-08-29,Sat,22,BRU,AQP,2190.0,100,0,2290.0,€2190,"Air Europa, Sky Airline",Madrid (MAD),1435,23h55,2,"6:55 PM on Thu, Aug 6","11:50 AM on Fri, Aug 7",+1,True,False,,,,2627.5
google_flights,2026-08-07,Fri,2026-08-30,Sun,22,BRU,AQP,2190.0,100,0,2290.0,€2190,"Air Europa, Sky Airline",Madrid (MAD),1435,23h55,2,"6:55 PM on Fri, Aug 7","11:50 AM on Sat, Aug 8",+1,True,False,,high,,2627.5
google_flights,2026-07-31,Fri,2026-08-23,Sun,22,AMS,CUZ,2151.0,150,0,2301.0,€2151,"Air Europa, Sky Airline",Madrid (MAD),1415,23h35,2,"7:00 PM on Fri, Jul 31","11:35 AM on Sat, Aug 1",+1,True,False,,,,2628.5
google_flights,2026-08-01,Sat,2026-08-23,Sun,21,AMS,CUZ,2261.0,150,0,2411.0,€2261,"Air Europa, Sky Airline",Madrid (MAD),1205,20h05,2,"7:00 PM on Sat, Aug 1","8:05 AM on Sun, Aug 2",+1,True,False,,,,2633.5
google_flights,2026-08-01,Sat,2026-08-24,Mon,22,AMS,CUZ,2261.0,150,0,2411.0,€2261,"Air Europa, Sky Airline",Madrid (MAD),1205,20h05,2,"7:00 PM on Sat, Aug 1","8:05 AM on Sun, Aug 2",+1,True,False,,,,2633.5
google_flights,2026-07-31,Fri,2026-08-24,Mon,23,ORY,CUZ,2354.0,70,0,2424.0,€2354,"Air Europa, Sky Airline",Madrid (MAD),1180,19h40,2,"7:25 PM on Fri, Jul 31","8:05 AM on Sat, Aug 1",+1,False,False,,high,,2634.0
google_flights,2026-08-01,Sat,2026-08-24,Mon,22,ORY,CUZ,2354.0,70,0,2424.0,€2354,"Air Europa, Sky Airline",Madrid (MAD),1180,19h40,2,"7:25 PM on Sat, Aug 1","8:05 AM on Sun, Aug 2",+1,True,False,,high,,2634.0
google_flights,2026-08-08,Sat,2026-08-31,Mon,22,AMS,AQP,2129.0,150,0,2279.0,€2129,LATAM,Madrid (MAD) / São Paulo (GRU),1475,24h35,2,"1:10 PM on Sat, Aug 8","6:45 AM on Sun, Aug 9",+1,True,False,,,,2636.5
google_flights,2026-10-16,Fri,2026-11-07,Sat,21,AMS,CUZ,2235.0,150,0,2385.0,€2235,"Iberia, LATAM",Madrid (MAD) → Madrid (MAD) / São Paulo (GRU),1265,21h05,2,"7:25 PM on Fri, Oct 16","9:30 AM on Sat, Oct 17",+1,False,False,,high,,2637.5
google_flights,2026-09-26,Sat,2026-10-18,Sun,21,BRU,CUZ,2069.0,100,0,2169.0,€2069,"Air Europa, Sky Airline",Madrid (MAD),1700,28h20,2,"10:45 AM on Sat, Sep 26","8:05 AM on Sun, Sep 27",+1,True,False,,,,2639.0
google_flights,2026-08-08,Sat,2026-08-30,Sun,21,AMS,CUZ,2419.0,150,0,2569.0,€2419,"KLM, LATAM",Amsterdam (AMS) → Madrid (MAD) / São Paulo (GRU),1105,18h25,1,"9:55 AM on Sat, Aug 8","9:20 PM on Sat, Aug 8",,True,False,,,,2641.5
google_flights,2026-07-17,Fri,2026-08-08,Sat,21,ORY,AQP,2350.0,70,0,2420.0,€2350,"Iberia, LATAM",Madrid (MAD) → Madrid (MAD) / São Paulo (GRU),1205,20h05,2,"8:55 PM on Fri, Jul 17","10:00 AM on Sat, Jul 18",+1,True,False,,high,,2642.5
google_flights,2026-07-23,Thu,2026-08-15,Sat,22,AMS,AQP,2460.0,150,0,2610.0,€2460,"KLM, LATAM",Amsterdam (AMS) → Madrid (MAD) / São Paulo (GRU),1030,17h10,1,"9:55 AM on Thu, Jul 23","8:05 PM on Thu, Jul 23",,True,False,,typical,,2645.0
google_flights,2026-07-30,Thu,2026-08-22,Sat,22,ORY,AQP,2256.0,70,0,2326.0,€2256,"Air Europa, Sky Airline",Madrid (MAD),1405,23h25,2,"7:25 PM on Thu, Jul 30","11:50 AM on Fri, Jul 31",+1,True,False,,high,,2648.5
google_flights,2026-08-07,Fri,2026-08-29,Sat,21,ORY,AQP,2256.0,70,0,2326.0,€2256,"Air Europa, Sky Airline",Madrid (MAD),1405,23h25,2,"7:25 PM on Fri, Aug 7","11:50 AM on Sat, Aug 8",+1,True,False,,high,,2648.5
google_flights,2026-10-01,Thu,2026-10-26,Mon,24,AMS,CUZ,2235.0,150,0,2385.0,€2235,"Iberia, LATAM",Madrid (MAD) → Madrid (MAD) / São Paulo (GRU),1300,21h40,2,"7:20 AM on Thu, Oct 1","10:00 PM on Thu, Oct 1",,True,False,,high,,2655.0
google_flights,2026-07-17,Fri,2026-08-09,Sun,22,CDG,AQP,2202.0,60,0,2262.0,€2202,"Air France, Air Europa, Sky Airline",Paris (CDG) → Madrid (MAD),1550,25h50,2,"5:00 PM on Fri, Jul 17","11:50 AM on Sat, Jul 18",+1,True,False,,,,2657.0
google_flights,2026-07-17,Fri,2026-08-08,Sat,21,CDG,CUZ,2088.0,60,0,2148.0,€2088,"Air Canada, Avianca",Montréal (YUL) / Toronto (YYZ) → Bogotá (BOG),1780,29h40,2,"12:40 PM on Fri, Jul 17","11:20 AM on Sat, Jul 18",+1,True,False,,high,,2658.0
google_flights,2026-07-02,Thu,2026-07-27,Mon,24,CDG,CUZ,2394.0,60,0,2454.0,€2394,"Air France, KLM, LATAM",Paris (CDG) → Amsterdam (AMS) → Madrid (MAD) / São Paulo (GRU),1170,19h30,2,"7:10 AM on Thu, Jul 2","7:40 PM on Thu, Jul 2",,True,False,,,,2659.0
google_flights,2026-07-30,Thu,2026-08-23,Sun,23,AMS,AQP,2455.0,150,0,2605.0,€2455,"KLM, LATAM",Amsterdam (AMS) → Madrid (MAD) / São Paulo (GRU),1070,17h50,1,"9:55 AM on Thu, Jul 30","8:45 PM on Thu, Jul 30",,True,False,,typical,,2660.0
google_flights,2026-07-23,Thu,2026-08-17,Mon,24,CDG,CUZ,2332.0,60,0,2392.0,€2332,"Iberia, LATAM",Madrid (MAD) → Madrid (MAD) / São Paulo (GRU),1300,21h40,2,"6:50 PM on Thu, Jul 23","9:30 AM on Fri, Jul 24",+1,True,False,,,,2662.0
google_flights,2026-07-17,Fri,2026-08-09,Sun,22,BRU,CUZ,2318.0,100,0,2418.0,€2318,"Iberia, LATAM",Madrid (MAD) → Madrid (MAD) / São Paulo (GRU),1250,20h50,2,"7:40 PM on Fri, Jul 17","9:30 AM on Sat, Jul 18",+1,True,False,,high,,2663.0
google_flights,2026-07-24,Fri,2026-08-16,Sun,22,BRU,CUZ,2318.0,100,0,2418.0,€2318,"Iberia, LATAM",Madrid (MAD) → Madrid (MAD) / São Paulo (GRU),1250,20h50,2,"7:40 PM on Fri, Jul 24","9:30 AM on Sat, Jul 25",+1,True,False,,high,,2663.0
google_flights,2026-07-25,Sat,2026-08-16,Sun,21,BRU,CUZ,2318.0,100,0,2418.0,€2318,"Iberia, LATAM",Madrid (MAD) → Madrid (MAD) / São Paulo (GRU),1250,20h50,2,"7:40 PM on Sat, Jul 25","9:30 AM on Sun, Jul 26",+1,True,False,,typical,,2663.0
google_flights,2026-08-01,Sat,2026-08-22,Sat,20,AMS,CUZ,2291.0,150,0,2441.0,€2291,"Air Europa, Sky Airline",Madrid (MAD),1205,20h05,2,"7:00 PM on Sat, Aug 1","8:05 AM on Sun, Aug 2",+1,True,False,,,,2663.5
google_flights,2026-07-11,Sat,2026-08-03,Mon,22,CDG,CUZ,2337.0,60,0,2397.0,€2337,"Iberia, LATAM",Madrid (MAD) → Madrid (MAD) / São Paulo (GRU),1300,21h40,2,"6:50 PM on Sat, Jul 11","9:30 AM on Sun, Jul 12",+1,True,False,,,,2667.0
google_flights,2026-07-31,Fri,2026-08-23,Sun,22,AMS,AQP,2182.0,150,0,2332.0,€2182,"Air Europa, Sky Airline",Madrid (MAD),1430,23h50,2,"7:00 PM on Fri, Jul 31","11:50 AM on Sat, Aug 1",+1,True,False,,typical,,2667.0
google_flights,2026-07-31,Fri,2026-08-24,Mon,23,AMS,AQP,2182.0,150,0,2332.0,€2182,"Air Europa, Sky Airline",Madrid (MAD),1430,23h50,2,"7:00 PM on Fri, Jul 31","11:50 AM on Sat, Aug 1",+1,True,False,,typical,,2667.0
google_flights,2026-07-31,Fri,2026-08-22,Sat,21,AMS,AQP,2183.0,150,0,2333.0,€2183,"Air Europa, Sky Airline",Madrid (MAD),1430,23h50,2,"7:00 PM on Fri, Jul 31","11:50 AM on Sat, Aug 1",+1,True,False,,,,2668.0
google_flights,2026-07-17,Fri,2026-08-09,Sun,22,CDG,AQP,2246.0,60,0,2306.0,€2246,LATAM,Madrid (MAD) / São Paulo (GRU),1485,24h45,2,"1:00 PM on Fri, Jul 17","6:45 AM on Sat, Jul 18",+1,True,False,,,,2668.5
google_flights,2026-07-18,Sat,2026-08-09,Sun,21,CDG,AQP,2246.0,60,0,2306.0,€2246,LATAM,Madrid (MAD) / São Paulo (GRU),1485,24h45,2,"1:00 PM on Sat, Jul 18","6:45 AM on Sun, Jul 19",+1,True,False,,,,2668.5
google_flights,2026-07-02,Thu,2026-07-27,Mon,24,AMS,AQP,2253.0,150,0,2403.0,€2253,"Iberia, LATAM",Madrid (MAD) → Madrid (MAD) / São Paulo (GRU),1295,21h35,2,"7:25 PM on Thu, Jul 2","10:00 AM on Fri, Jul 3",+1,True,False,,,,2670.5
google_flights,2026-07-18,Sat,2026-08-09,Sun,21,BRU,AQP,2289.0,100,0,2389.0,€2289,"Iberia, LATAM",Madrid (MAD) → Madrid (MAD) / São Paulo (GRU),1330,22h10,2,"7:40 PM on Sat, Jul 18","10:50 AM on Sun, Jul 19",+1,True,False,,,,2674.0
google_flights,2026-07-31,Fri,2026-08-22,Sat,21,BRU,CUZ,2349.0,100,0,2449.0,€2349,"Air Europa, Sky Airline",Madrid (MAD),1210,20h10,2,"6:55 PM on Fri, Jul 31","8:05 AM on Sat, Aug 1",+1,True,False,,high,,2674.0
google_flights,2026-08-07,Fri,2026-08-29,Sat,21,BRU,AQP,2425.0,100,0,2525.0,€2425,"KLM, LATAM",Amsterdam (AMS) → Madrid (MAD) / São Paulo (GRU),1060,17h40,2,"8:05 AM on Fri, Aug 7","6:45 PM on Fri, Aug 7",,True,False,,high,,2675.0
google_flights,2026-08-07,Fri,2026-08-30,Sun,22,BRU,AQP,2425.0,100,0,2525.0,€2425,"KLM, LATAM",Amsterdam (AMS) → Madrid (MAD) / São Paulo (GRU),1060,17h40,2,"8:05 AM on Fri, Aug 7","6:45 PM on Fri, Aug 7",,True,False,,high,,2675.0
google_flights,2026-07-24,Fri,2026-08-15,Sat,21,BRU,AQP,2319.0,100,0,2419.0,€2319,"Iberia, LATAM",Madrid (MAD) → Madrid (MAD) / São Paulo (GRU),1280,21h20,2,"7:40 PM on Fri, Jul 24","10:00 AM on Sat, Jul 25",+1,True,False,,high,,2679.0
google_flights,2026-07-24,Fri,2026-08-17,Mon,23,BRU,AQP,2319.0,100,0,2419.0,€2319,"Iberia, LATAM",Madrid (MAD) → Madrid (MAD) / São Paulo (GRU),1280,21h20,2,"7:40 PM on Fri, Jul 24","10:00 AM on Sat, Jul 25",+1,True,False,,high,,2679.0
google_flights,2026-07-31,Fri,2026-08-23,Sun,22,AMS,AQP,2475.0,150,0,2625.0,€2475,"KLM, LATAM",Amsterdam (AMS) → Madrid (MAD) / São Paulo (GRU),1070,17h50,1,"9:55 AM on Fri, Jul 31","8:45 PM on Fri, Jul 31",,True,False,,typical,,2680.0
google_flights,2026-08-27,Thu,2026-09-21,Mon,24,CDG,CUZ,2355.0,60,0,2415.0,€2355,"Iberia, LATAM",Madrid (MAD) → Madrid (MAD) / São Paulo (GRU),1295,21h35,2,"6:55 PM on Thu, Aug 27","9:30 AM on Fri, Aug 28",+1,True,False,,high,,2682.5
google_flights,2026-10-16,Fri,2026-11-07,Sat,21,CDG,CUZ,2355.0,60,0,2415.0,€2355,"Iberia, LATAM",Madrid (MAD) → Madrid (MAD) / São Paulo (GRU),1295,21h35,2,"6:55 PM on Fri, Oct 16","9:30 AM on Sat, Oct 17",+1,True,False,,high,,2682.5
google_flights,2026-08-08,Sat,2026-08-30,Sun,21,CDG,CUZ,2159.0,60,0,2219.0,€2159,"Air Canada, Avianca",Montréal (YUL) / Toronto (YYZ) → Bogotá (BOG),1690,28h10,2,"2:10 PM on Sat, Aug 8","11:20 AM on Sun, Aug 9",+1,True,False,,,,2684.0
google_flights,2026-07-10,Fri,2026-08-02,Sun,22,CDG,AQP,2346.0,60,0,2406.0,€2346,"Iberia, LATAM",Madrid (MAD) → Madrid (MAD) / São Paulo (GRU),1330,22h10,2,"6:50 PM on Fri, Jul 10","10:00 AM on Sat, Jul 11",+1,True,False,,high,,2691.0
google_flights,2026-07-23,Thu,2026-08-16,Sun,23,CDG,AQP,2346.0,60,0,2406.0,€2346,"Iberia, LATAM",Madrid (MAD) → Madrid (MAD) / São Paulo (GRU),1330,22h10,2,"6:50 PM on Thu, Jul 23","10:00 AM on Fri, Jul 24",+1,True,False,,,,2691.0
google_flights,2026-07-10,Fri,2026-08-01,Sat,21,CDG,AQP,2346.0,60,0,2406.0,€2346,"Iberia, LATAM",Madrid (MAD) → Madrid (MAD) / São Paulo (GRU),1330,22h10,2,"6:50 PM on Fri, Jul 10","10:00 AM on Sat, Jul 11",+1,True,False,,high,,2691.0
google_flights,2026-07-09,Thu,2026-08-03,Mon,24,AMS,CUZ,2290.0,150,0,2440.0,€2290,"Iberia, LATAM",Madrid (MAD) → Madrid (MAD) / São Paulo (GRU),1265,21h05,2,"7:25 PM on Thu, Jul 9","9:30 AM on Fri, Jul 10",+1,False,False,,high,,2692.5
google_flights,2026-07-11,Sat,2026-08-01,Sat,20,AMS,CUZ,2290.0,150,0,2440.0,€2290,"Iberia, LATAM",Madrid (MAD) → Madrid (MAD) / São Paulo (GRU),1265,21h05,2,"7:25 PM on Sat, Jul 11","9:30 AM on Sun, Jul 12",+1,True,False,,high,,2692.5
google_flights,2026-07-11,Sat,2026-08-02,Sun,21,AMS,CUZ,2290.0,150,0,2440.0,€2290,"Iberia, LATAM",Madrid (MAD) → Madrid (MAD) / São Paulo (GRU),1265,21h05,2,"7:25 PM on Sat, Jul 11","9:30 AM on Sun, Jul 12",+1,True,False,,high,,2692.5
google_flights,2026-07-11,Sat,2026-08-03,Mon,22,AMS,CUZ,2290.0,150,0,2440.0,€2290,"Iberia, LATAM",Madrid (MAD) → Madrid (MAD) / São Paulo (GRU),1265,21h05,2,"7:25 PM on Sat, Jul 11","9:30 AM on Sun, Jul 12",+1,False,False,,high,,2692.5
google_flights,2026-08-13,Thu,2026-09-07,Mon,24,CDG,AQP,2351.0,60,0,2411.0,€2351,"Iberia, LATAM",Madrid (MAD) → Madrid (MAD) / São Paulo (GRU),1325,22h05,2,"6:55 PM on Thu, Aug 13","10:00 AM on Fri, Aug 14",+1,True,False,,high,,2693.5
google_flights,2026-07-24,Fri,2026-08-15,Sat,21,CDG,AQP,2351.0,60,0,2411.0,€2351,"Iberia, LATAM",Madrid (MAD) → Madrid (MAD) / São Paulo (GRU),1330,22h10,2,"6:50 PM on Fri, Jul 24","10:00 AM on Sat, Jul 25",+1,True,False,,high,,2696.0
google_flights,2026-08-06,Thu,2026-08-30,Sun,23,AMS,AQP,2213.0,150,0,2363.0,€2213,"Air Europa, Sky Airline",Madrid (MAD),1430,23h50,2,"7:00 PM on Thu, Aug 6","11:50 AM on Fri, Aug 7",+1,True,False,,typical,,2698.0
google_flights,2026-09-11,Fri,2026-10-05,Mon,23,CDG,AQP,2356.0,60,0,2416.0,€2356,"Iberia, LATAM",Madrid (MAD) → Madrid (MAD) / São Paulo (GRU),1325,22h05,2,"6:55 PM on Fri, Sep 11","10:00 AM on Sat, Sep 12",+1,True,False,,high,,2698.5
google_flights,2026-09-10,Thu,2026-10-03,Sat,22,CDG,CUZ,2357.0,60,0,2417.0,€2357,"Iberia, LATAM",Madrid (MAD) → Madrid (MAD) / São Paulo (GRU),1325,22h05,2,"6:55 PM on Thu, Sep 10","10:00 AM on Fri, Sep 11",+1,True,False,,,,2699.5
google_flights,2026-08-20,Thu,2026-09-14,Mon,24,CDG,CUZ,2355.0,60,0,2415.0,€2355,"Iberia, LATAM",Madrid (MAD) → Madrid (MAD) / São Paulo (GRU),1330,22h10,2,"6:50 AM on Thu, Aug 20","10:00 PM on Thu, Aug 20",,True,False,,typical,,2700.0
google_flights,2026-07-03,Fri,2026-07-27,Mon,23,CDG,CUZ,2358.0,60,0,2418.0,€2358,"Air France, Air Europa, Sky Airline",Paris (CDG) → Madrid (MAD),1325,22h05,2,"5:00 PM on Fri, Jul 3","8:05 AM on Sat, Jul 4",+1,True,False,,,,2700.5
google_flights,2026-07-18,Sat,2026-08-08,Sat,20,AMS,CUZ,2285.0,150,0,2435.0,€2285,"Iberia, LATAM",Madrid (MAD) → Madrid (MAD) / São Paulo (GRU),1295,21h35,2,"7:25 PM on Sat, Jul 18","10:00 AM on Sun, Jul 19",+1,True,False,,high,,2702.5
google_flights,2026-07-02,Thu,2026-07-26,Sun,23,AMS,AQP,2286.0,150,0,2436.0,€2286,"Iberia, LATAM",Madrid (MAD) → Madrid (MAD) / São Paulo (GRU),1295,21h35,2,"7:25 PM on Thu, Jul 2","10:00 AM on Fri, Jul 3",+1,True,False,,typical,,2703.5
google_flights,2026-07-17,Fri,2026-08-10,Mon,23,BRU,AQP,2319.0,100,0,2419.0,€2319,"Iberia, LATAM",Madrid (MAD) → Madrid (MAD) / São Paulo (GRU),1330,22h10,2,"7:40 PM on Fri, Jul 17","10:50 AM on Sat, Jul 18",+1,True,False,,,,2704.0
google_flights,2026-07-25,Sat,2026-08-17,Mon,22,BRU,AQP,2319.0,100,0,2419.0,€2319,"Iberia, LATAM",Madrid (MAD) → Madrid (MAD) / São Paulo (GRU),1330,22h10,2,"7:40 PM on Sat, Jul 25","10:50 AM on Sun, Jul 26",+1,True,False,,high,,2704.0
google_flights,2026-07-16,Thu,2026-08-10,Mon,24,CDG,CUZ,2180.0,60,0,2240.0,€2180,"Air Canada, Avianca",Montréal (YUL) / Toronto (YYZ) → Bogotá (BOG),1690,28h10,2,"2:10 PM on Thu, Jul 16","11:20 AM on Fri, Jul 17",+1,True,False,,high,,2705.0
google_flights,2026-08-07,Fri,2026-08-29,Sat,21,BRU,AQP,2270.0,100,0,2370.0,€2270,"Air Europa, Sky Airline",Madrid (MAD),1435,23h55,2,"6:55 PM on Fri, Aug 7","11:50 AM on Sat, Aug 8",+1,True,False,,high,,2707.5
google_flights,2026-07-24,Fri,2026-08-15,Sat,21,AMS,AQP,2291.0,150,0,2441.0,€2291,"Iberia, LATAM",Madrid (MAD) → Madrid (MAD) / São Paulo (GRU),1295,21h35,2,"7:25 PM on Fri, Jul 24","10:00 AM on Sat, Jul 25",+1,True,False,,high,,2708.5
google_flights,2026-07-31,Fri,2026-08-23,Sun,22,ORY,AQP,2316.0,70,0,2386.0,€2316,"Air Europa, Sky Airline",Madrid (MAD),1405,23h25,2,"7:25 PM on Fri, Jul 31","11:50 AM on Sat, Aug 1",+1,True,False,,high,,2708.5
google_flights,2026-07-31,Fri,2026-08-24,Mon,23,ORY,AQP,2316.0,70,0,2386.0,€2316,"Air Europa, Sky Airline",Madrid (MAD),1405,23h25,2,"7:25 PM on Fri, Jul 31","11:50 AM on Sat, Aug 1",+1,True,False,,high,,2708.5
google_flights,2026-07-31,Fri,2026-08-22,Sat,21,ORY,AQP,2316.0,70,0,2386.0,€2316,"Air Europa, Sky Airline",Madrid (MAD),1405,23h25,2,"7:25 PM on Fri, Jul 31","11:50 AM on Sat, Aug 1",+1,True,False,,high,,2708.5
google_flights,2026-07-24,Fri,2026-08-15,Sat,21,BRU,CUZ,2384.0,100,0,2484.0,€2384,"Air Europa, Sky Airline",Madrid (MAD),1210,20h10,2,"6:55 PM on Fri, Jul 24","8:05 AM on Sat, Jul 25",+1,True,False,,,,2709.0
google_flights,2026-09-11,Fri,2026-10-05,Mon,23,BRU,AQP,2354.0,100,0,2454.0,€2354,"Iberia, LATAM",Madrid (MAD) → Madrid (MAD) / São Paulo (GRU),1280,21h20,2,"7:40 PM on Fri, Sep 11","10:00 AM on Sat, Sep 12",+1,True,False,,typical,,2714.0
google_flights,2026-07-17,Fri,2026-08-08,Sat,21,CDG,CUZ,2091.0,60,0,2151.0,€2091,"Air Canada, Avianca",Montréal (YUL) / Toronto (YYZ) → Bogotá (BOG),1690,28h10,3,"2:10 PM on Fri, Jul 17","11:20 AM on Sat, Jul 18",+1,True,False,,high,,2716.0
google_flights,2026-07-31,Fri,2026-08-22,Sat,21,CDG,CUZ,2091.0,60,0,2151.0,€2091,"Air Canada, Avianca",Montréal (YUL) / Toronto (YYZ) → Bogotá (BOG),1690,28h10,3,"2:10 PM on Fri, Jul 31","11:20 AM on Sat, Aug 1",+1,True,False,,high,,2716.0
google_flights,2026-07-11,Sat,2026-08-03,Mon,22,CDG,AQP,2351.0,60,0,2411.0,€2351,"Iberia, LATAM",Madrid (MAD) → Madrid (MAD) / São Paulo (GRU),1380,23h,2,"6:50 PM on Sat, Jul 11","10:50 AM on Sun, Jul 12",+1,True,False,,high,,2721.0
google_flights,2026-07-25,Sat,2026-08-15,Sat,20,CDG,AQP,2351.0,60,0,2411.0,€2351,"Iberia, LATAM",Madrid (MAD) → Madrid (MAD) / São Paulo (GRU),1380,23h,2,"6:50 PM on Sat, Jul 25","10:50 AM on Sun, Jul 26",+1,True,False,,,,2721.0
google_flights,2026-07-17,Fri,2026-08-10,Mon,23,BRU,CUZ,2382.0,100,0,2482.0,€2382,"Iberia, LATAM",Madrid (MAD) → Madrid (MAD) / São Paulo (GRU),1250,20h50,2,"7:40 PM on Fri, Jul 17","9:30 AM on Sat, Jul 18",+1,True,False,,high,,2727.0
google_flights,2026-07-04,Sat,2026-07-25,Sat,20,AMS,AQP,2287.0,150,0,2437.0,€2287,"Iberia, LATAM",Madrid (MAD) → Madrid (MAD) / São Paulo (GRU),1345,22h25,2,"7:25 PM on Sat, Jul 4","10:50 AM on Sun, Jul 5",+1,False,False,,,,2729.5
google_flights,2026-09-04,Fri,2026-09-27,Sun,22,ORY,AQP,2440.0,70,0,2510.0,€2440,"Iberia, LATAM",Madrid (MAD) → Madrid (MAD) / São Paulo (GRU),1205,20h05,2,"8:55 PM on Fri, Sep 4","10:00 AM on Sat, Sep 5",+1,True,False,,typical,,2732.5
google_flights,2026-07-11,Sat,2026-08-03,Mon,22,AMS,AQP,2291.0,150,0,2441.0,€2291,"Iberia, LATAM",Madrid (MAD) → Madrid (MAD) / São Paulo (GRU),1345,22h25,2,"7:25 PM on Sat, Jul 11","10:50 AM on Sun, Jul 12",+1,True,False,,typical,,2733.5
google_flights,2026-07-31,Fri,2026-08-24,Mon,23,CDG,CUZ,2112.0,60,0,2172.0,€2112,"Air Canada, Avianca",Montréal (YUL) / Toronto (YYZ) → Bogotá (BOG),1690,28h10,3,"2:10 PM on Fri, Jul 31","11:20 AM on Sat, Aug 1",+1,True,False,,,,2737.0
google_flights,2026-07-31,Fri,2026-08-23,Sun,22,CDG,CUZ,2116.0,60,0,2176.0,€2116,"Air Canada, Avianca",Montréal (YUL) / Toronto (YYZ) → Bogotá (BOG),1690,28h10,3,"2:10 PM on Fri, Jul 31","11:20 AM on Sat, Aug 1",+1,True,False,,high,,2741.0
google_flights,2026-07-17,Fri,2026-08-10,Mon,23,BRU,AQP,2383.0,100,0,2483.0,€2383,"Iberia, LATAM",Madrid (MAD) → Madrid (MAD) / São Paulo (GRU),1280,21h20,2,"7:40 PM on Fri, Jul 17","10:00 AM on Sat, Jul 18",+1,False,False,,,,2743.0
google_flights,2026-07-24,Fri,2026-08-16,Sun,22,BRU,AQP,2383.0,100,0,2483.0,€2383,"Iberia, LATAM",Madrid (MAD) → Madrid (MAD) / São Paulo (GRU),1280,21h20,2,"7:40 PM on Fri, Jul 24","10:00 AM on Sat, Jul 25",+1,True,False,,high,,2743.0
google_flights,2026-08-01,Sat,2026-08-23,Sun,21,AMS,AQP,2263.0,150,0,2413.0,€2263,"Air Europa, Sky Airline",Madrid (MAD),1430,23h50,2,"7:00 PM on Sat, Aug 1","11:50 AM on Sun, Aug 2",+1,True,False,,,,2748.0
google_flights,2026-07-24,Fri,2026-08-16,Sun,22,AMS,CUZ,2381.0,150,0,2531.0,€2381,"Air Europa, Sky Airline",Madrid (MAD),1205,20h05,2,"7:00 PM on Fri, Jul 24","8:05 AM on Sat, Jul 25",+1,True,False,,high,,2753.5
google_flights,2026-07-25,Sat,2026-08-15,Sat,20,CDG,CUZ,2237.0,60,0,2297.0,€2237,"Air Canada, Avianca",Montréal (YUL) / Toronto (YYZ) → Bogotá (BOG),1690,28h10,2,"2:10 PM on Sat, Jul 25","11:20 AM on Sun, Jul 26",+1,True,False,,,,2762.0
google_flights,2026-07-11,Sat,2026-08-01,Sat,20,BRU,AQP,2425.0,100,0,2525.0,€2425,"KLM, LATAM",Amsterdam (AMS) → Madrid (MAD) / São Paulo (GRU),1245,20h45,2,"6:20 AM on Sat, Jul 11","8:05 PM on Sat, Jul 11",,True,False,,,,2767.5
google_flights,2026-07-03,Fri,2026-07-26,Sun,22,AMS,AQP,2355.0,150,0,2505.0,€2355,"Iberia, LATAM",Madrid (MAD) → Madrid (MAD) / São Paulo (GRU),1295,21h35,2,"7:25 PM on Fri, Jul 3","10:00 AM on Sat, Jul 4",+1,True,False,,typical,,2772.5
google_flights,2026-07-11,Sat,2026-08-02,Sun,21,CDG,AQP,2350.0,60,0,2410.0,€2350,LATAM,Madrid (MAD) / São Paulo (GRU),1485,24h45,2,"1:00 PM on Sat, Jul 11","6:45 AM on Sun, Jul 12",+1,True,False,,high,,2772.5
google_flights,2026-07-18,Sat,2026-08-08,Sat,20,CDG,AQP,2350.0,60,0,2410.0,€2350,LATAM,Madrid (MAD) / São Paulo (GRU),1485,24h45,2,"1:00 PM on Sat, Jul 18","6:45 AM on Sun, Jul 19",+1,True,False,,high,,2772.5
google_flights,2026-08-01,Sat,2026-08-22,Sat,20,AMS,AQP,2292.0,150,0,2442.0,€2292,"Air Europa, Sky Airline",Madrid (MAD),1430,23h50,2,"7:00 PM on Sat, Aug 1","11:50 AM on Sun, Aug 2",+1,True,False,,high,,2777.0
google_flights,2026-08-01,Sat,2026-08-24,Mon,22,AMS,AQP,2292.0,150,0,2442.0,€2292,"Air Europa, Sky Airline",Madrid (MAD),1430,23h50,2,"7:00 PM on Sat, Aug 1","11:50 AM on Sun, Aug 2",+1,True,False,,high,,2777.0
google_flights,2026-09-11,Fri,2026-10-03,Sat,21,CDG,AQP,2436.0,60,0,2496.0,€2436,"Iberia, LATAM",Madrid (MAD) → Madrid (MAD) / São Paulo (GRU),1325,22h05,2,"6:55 PM on Fri, Sep 11","10:00 AM on Sat, Sep 12",+1,True,False,,high,,2778.5
google_flights,2026-07-03,Fri,2026-07-25,Sat,21,BRU,AQP,2424.0,100,0,2524.0,€2424,"Iberia, LATAM",Madrid (MAD) → Madrid (MAD) / São Paulo (GRU),1280,21h20,2,"7:40 PM on Fri, Jul 3","10:00 AM on Sat, Jul 4",+1,True,False,,high,,2784.0
google_flights,2026-07-11,Sat,2026-08-01,Sat,20,CDG,CUZ,2259.0,60,0,2319.0,€2259,"Air Canada, Avianca",Montréal (YUL) / Toronto (YYZ) → Bogotá (BOG),1690,28h10,2,"2:10 PM on Sat, Jul 11","11:20 AM on Sun, Jul 12",+1,False,False,,,,2784.0
google_flights,2026-07-31,Fri,2026-08-22,Sat,21,BRU,AQP,2350.0,100,0,2450.0,€2350,"Air Europa, Sky Airline",Madrid (MAD),1435,23h55,2,"6:55 PM on Fri, Jul 31","11:50 AM on Sat, Aug 1",+1,True,False,,high,,2787.5
google_flights,2026-07-11,Sat,2026-08-01,Sat,20,BRU,CUZ,2423.0,100,0,2523.0,€2423,"Iberia, LATAM",Madrid (MAD) → Madrid (MAD) / São Paulo (GRU),1315,21h55,2,"7:05 AM on Sat, Jul 11","10:00 PM on Sat, Jul 11",,True,False,,high,,2800.5
google_flights,2026-07-11,Sat,2026-08-02,Sun,21,BRU,CUZ,2423.0,100,0,2523.0,€2423,"Iberia, LATAM",Madrid (MAD) → Madrid (MAD) / São Paulo (GRU),1315,21h55,2,"7:05 AM on Sat, Jul 11","10:00 PM on Sat, Jul 11",,True,False,,high,,2800.5
google_flights,2026-07-11,Sat,2026-08-03,Mon,22,BRU,CUZ,2423.0,100,0,2523.0,€2423,"Iberia, LATAM",Madrid (MAD) → Madrid (MAD) / São Paulo (GRU),1315,21h55,2,"7:05 AM on Sat, Jul 11","10:00 PM on Sat, Jul 11",,True,False,,high,,2800.5
google_flights,2026-08-01,Sat,2026-08-22,Sat,20,ORY,AQP,2416.0,70,0,2486.0,€2416,"Air Europa, Sky Airline",Madrid (MAD),1405,23h25,2,"7:25 PM on Sat, Aug 1","11:50 AM on Sun, Aug 2",+1,True,False,,high,,2808.5
google_flights,2026-08-01,Sat,2026-08-23,Sun,21,ORY,AQP,2416.0,70,0,2486.0,€2416,"Air Europa, Sky Airline",Madrid (MAD),1405,23h25,2,"7:25 PM on Sat, Aug 1","11:50 AM on Sun, Aug 2",+1,True,False,,high,,2808.5
google_flights,2026-08-01,Sat,2026-08-24,Mon,22,ORY,AQP,2416.0,70,0,2486.0,€2416,"Air Europa, Sky Airline",Madrid (MAD),1405,23h25,2,"7:25 PM on Sat, Aug 1","11:50 AM on Sun, Aug 2",+1,True,False,,high,,2808.5
google_flights,2026-08-06,Thu,2026-08-30,Sun,23,CDG,CUZ,2284.0,60,0,2344.0,€2284,"Air Canada, Avianca",Montréal (YUL) / Toronto (YYZ) → Bogotá (BOG),1690,28h10,2,"2:10 PM on Thu, Aug 6","11:20 AM on Fri, Aug 7",+1,True,False,,high,,2809.0
google_flights,2026-07-03,Fri,2026-07-25,Sat,21,AMS,CUZ,2148.0,150,0,2298.0,€2148,"Air Canada, Avianca",Montréal (YUL) / Toronto (YYZ) → Bogotá (BOG),1785,29h45,2,"12:35 PM on Fri, Jul 3","11:20 AM on Sat, Jul 4",+1,False,False,,high,,2810.5
google_flights,2026-07-17,Fri,2026-08-08,Sat,21,BRU,CUZ,2468.0,100,0,2568.0,€2468,"Iberia, LATAM",Madrid (MAD) → Madrid (MAD) / São Paulo (GRU),1250,20h50,2,"7:40 PM on Fri, Jul 17","9:30 AM on Sat, Jul 18",+1,True,False,,high,,2813.0
google_flights,2026-07-24,Fri,2026-08-15,Sat,21,BRU,CUZ,2468.0,100,0,2568.0,€2468,"Iberia, LATAM",Madrid (MAD) → Madrid (MAD) / São Paulo (GRU),1250,20h50,2,"7:40 PM on Fri, Jul 24","9:30 AM on Sat, Jul 25",+1,True,False,,,,2813.0
google_flights,2026-07-24,Fri,2026-08-17,Mon,23,BRU,CUZ,2468.0,100,0,2568.0,€2468,"Iberia, LATAM",Madrid (MAD) → Madrid (MAD) / São Paulo (GRU),1250,20h50,2,"7:40 PM on Fri, Jul 24","9:30 AM on Sat, Jul 25",+1,True,False,,high,,2813.0
google_flights,2026-07-31,Fri,2026-08-24,Mon,23,BRU,AQP,2521.0,100,0,2621.0,€2521,"KLM, LATAM",Amsterdam (AMS) → Madrid (MAD) / São Paulo (GRU),1180,19h40,2,"8:05 AM on Fri, Jul 31","8:45 PM on Fri, Jul 31",,True,False,,high,,2831.0
google_flights,2026-07-17,Fri,2026-08-08,Sat,21,AMS,CUZ,2440.0,150,0,2590.0,€2440,"Iberia, LATAM",Madrid (MAD) → Madrid (MAD) / São Paulo (GRU),1265,21h05,2,"7:25 PM on Fri, Jul 17","9:30 AM on Sat, Jul 18",+1,True,False,,high,,2842.5
google_flights,2026-07-23,Thu,2026-08-15,Sat,22,ORY,AQP,2550.0,70,0,2620.0,€2550,"Iberia, LATAM",Madrid (MAD) → Madrid (MAD) / São Paulo (GRU),1205,20h05,2,"8:55 PM on Thu, Jul 23","10:00 AM on Fri, Jul 24",+1,True,False,,high,,2842.5
google_flights,2026-07-23,Thu,2026-08-16,Sun,23,ORY,AQP,2550.0,70,0,2620.0,€2550,"Iberia, LATAM",Madrid (MAD) → Madrid (MAD) / São Paulo (GRU),1205,20h05,2,"8:55 PM on Thu, Jul 23","10:00 AM on Fri, Jul 24",+1,True,False,,high,,2842.5
google_flights,2026-07-10,Fri,2026-08-01,Sat,21,ORY,AQP,2550.0,70,0,2620.0,€2550,"Iberia, LATAM",Madrid (MAD) → Madrid (MAD) / São Paulo (GRU),1205,20h05,2,"8:55 PM on Fri, Jul 10","10:00 AM on Sat, Jul 11",+1,True,False,,high,,2842.5
google_flights,2026-07-18,Sat,2026-08-08,Sat,20,BRU,CUZ,2468.0,100,0,2568.0,€2468,"Iberia, LATAM",Madrid (MAD) → Madrid (MAD) / São Paulo (GRU),1315,21h55,2,"7:05 AM on Sat, Jul 18","10:00 PM on Sat, Jul 18",,True,False,,high,,2845.5
google_flights,2026-08-06,Thu,2026-08-31,Mon,24,BRU,AQP,2494.0,100,0,2594.0,€2494,"Iberia, LATAM",Madrid (MAD) → Madrid (MAD) / São Paulo (GRU),1275,21h15,2,"7:45 PM on Thu, Aug 6","10:00 AM on Fri, Aug 7",+1,True,False,,,,2851.5
google_flights,2026-07-23,Thu,2026-08-17,Mon,24,AMS,AQP,2441.0,150,0,2591.0,€2441,"Iberia, LATAM",Madrid (MAD) → Madrid (MAD) / São Paulo (GRU),1295,21h35,2,"7:25 PM on Thu, Jul 23","10:00 AM on Fri, Jul 24",+1,True,False,,typical,,2858.5
google_flights,2026-07-11,Sat,2026-08-01,Sat,20,CDG,CUZ,2521.0,60,0,2581.0,€2521,"Air France, Air Europa, Sky Airline",Paris (CDG) → Madrid (MAD),1325,22h05,2,"5:00 PM on Sat, Jul 11","8:05 AM on Sun, Jul 12",+1,False,False,,,,2863.5
google_flights,2026-07-25,Sat,2026-08-15,Sat,20,CDG,CUZ,2537.0,60,0,2597.0,€2537,"Iberia, LATAM",Madrid (MAD) → Madrid (MAD) / São Paulo (GRU),1300,21h40,2,"6:50 PM on Sat, Jul 25","9:30 AM on Sun, Jul 26",+1,True,False,,,,2867.0
google_flights,2026-07-11,Sat,2026-08-02,Sun,21,BRU,AQP,2489.0,100,0,2589.0,€2489,"Iberia, LATAM",Madrid (MAD) → Madrid (MAD) / São Paulo (GRU),1325,22h05,2,"7:45 PM on Sat, Jul 11","10:50 AM on Sun, Jul 12",+1,True,False,,typical,,2871.5
google_flights,2026-07-11,Sat,2026-08-03,Mon,22,BRU,AQP,2489.0,100,0,2589.0,€2489,"Iberia, LATAM",Madrid (MAD) → Madrid (MAD) / São Paulo (GRU),1325,22h05,2,"7:45 PM on Sat, Jul 11","10:50 AM on Sun, Jul 12",+1,False,False,,typical,,2871.5
google_flights,2026-08-15,Sat,2026-09-07,Mon,22,CDG,CUZ,2555.0,60,0,2615.0,€2555,"Iberia, LATAM",Madrid (MAD) → Madrid (MAD) / São Paulo (GRU),1295,21h35,2,"6:55 PM on Sat, Aug 15","9:30 AM on Sun, Aug 16",+1,True,False,,high,,2882.5
google_flights,2026-10-09,Fri,2026-10-31,Sat,21,CDG,CUZ,2593.0,60,0,2653.0,€2593,"Air France, KLM, LATAM",Paris (CDG) → Amsterdam (AMS) → Madrid (MAD) / São Paulo (GRU),1230,20h30,2,"7:10 AM on Fri, Oct 9","8:40 PM on Fri, Oct 9",,True,False,,,,2888.0
google_flights,2026-07-17,Fri,2026-08-08,Sat,21,CDG,AQP,2551.0,60,0,2611.0,€2551,"Iberia, LATAM",Madrid (MAD) → Madrid (MAD) / São Paulo (GRU),1330,22h10,2,"6:50 PM on Fri, Jul 17","10:00 AM on Sat, Jul 18",+1,True,False,,high,,2896.0
google_flights,2026-07-23,Thu,2026-08-17,Mon,24,CDG,AQP,2551.0,60,0,2611.0,€2551,"Iberia, LATAM",Madrid (MAD) → Madrid (MAD) / São Paulo (GRU),1330,22h10,2,"6:50 PM on Thu, Jul 23","10:00 AM on Fri, Jul 24",+1,True,False,,high,,2896.0
google_flights,2026-07-24,Fri,2026-08-16,Sun,22,CDG,AQP,2551.0,60,0,2611.0,€2551,"Iberia, LATAM",Madrid (MAD) → Madrid (MAD) / São Paulo (GRU),1330,22h10,2,"6:50 PM on Fri, Jul 24","10:00 AM on Sat, Jul 25",+1,True,False,,high,,2896.0
google_flights,2026-07-24,Fri,2026-08-17,Mon,23,CDG,AQP,2551.0,60,0,2611.0,€2551,"Iberia, LATAM",Madrid (MAD) → Madrid (MAD) / São Paulo (GRU),1330,22h10,2,"6:50 PM on Fri, Jul 24","10:00 AM on Sat, Jul 25",+1,True,False,,high,,2896.0
google_flights,2026-07-24,Fri,2026-08-15,Sat,21,ORY,AQP,2550.0,70,0,2620.0,€2550,"Iberia, LATAM",Madrid (MAD) → Madrid (MAD) / São Paulo (GRU),1320,22h,2,"7:00 PM on Fri, Jul 24","10:00 AM on Sat, Jul 25",+1,True,False,,high,,2900.0
google_flights,2026-07-24,Fri,2026-08-16,Sun,22,ORY,AQP,2550.0,70,0,2620.0,€2550,"Iberia, LATAM",Madrid (MAD) → Madrid (MAD) / São Paulo (GRU),1320,22h,2,"7:00 PM on Fri, Jul 24","10:00 AM on Sat, Jul 25",+1,True,False,,high,,2900.0
google_flights,2026-07-24,Fri,2026-08-17,Mon,23,ORY,AQP,2550.0,70,0,2620.0,€2550,"Iberia, LATAM",Madrid (MAD) → Madrid (MAD) / São Paulo (GRU),1320,22h,2,"7:00 PM on Fri, Jul 24","10:00 AM on Sat, Jul 25",+1,True,False,,high,,2900.0
google_flights,2026-08-15,Sat,2026-09-05,Sat,20,CDG,CUZ,2555.0,60,0,2615.0,€2555,"Iberia, LATAM",Madrid (MAD) → Madrid (MAD) / São Paulo (GRU),1330,22h10,2,"6:50 PM on Sat, Aug 15","10:00 AM on Sun, Aug 16",+1,True,False,,high,,2900.0
google_flights,2026-07-18,Sat,2026-08-09,Sun,21,BRU,CUZ,2523.0,100,0,2623.0,€2523,"Iberia, LATAM",Madrid (MAD) → Madrid (MAD) / São Paulo (GRU),1315,21h55,2,"7:05 AM on Sat, Jul 18","10:00 PM on Sat, Jul 18",,True,False,,high,,2900.5
google_flights,2026-08-15,Sat,2026-09-05,Sat,20,CDG,AQP,2556.0,60,0,2616.0,€2556,"Iberia, LATAM",Madrid (MAD) → Madrid (MAD) / São Paulo (GRU),1330,22h10,2,"6:50 PM on Sat, Aug 15","10:00 AM on Sun, Aug 16",+1,True,False,,high,,2901.0
google_flights,2026-08-15,Sat,2026-09-06,Sun,21,CDG,AQP,2556.0,60,0,2616.0,€2556,"Iberia, LATAM",Madrid (MAD) → Madrid (MAD) / São Paulo (GRU),1330,22h10,2,"6:50 PM on Sat, Aug 15","10:00 AM on Sun, Aug 16",+1,True,False,,typical,,2901.0
google_flights,2026-08-06,Thu,2026-08-31,Mon,24,AMS,AQP,2492.0,150,0,2642.0,€2492,"Iberia, LATAM",Madrid (MAD) → Madrid (MAD) / São Paulo (GRU),1295,21h35,2,"7:25 PM on Thu, Aug 6","10:00 AM on Fri, Aug 7",+1,True,False,,typical,,2909.5
google_flights,2026-07-11,Sat,2026-08-02,Sun,21,CDG,AQP,2551.0,60,0,2611.0,€2551,"Iberia, LATAM",Madrid (MAD) → Madrid (MAD) / São Paulo (GRU),1380,23h,2,"6:50 PM on Sat, Jul 11","10:50 AM on Sun, Jul 12",+1,True,False,,high,,2921.0
google_flights,2026-07-18,Sat,2026-08-08,Sat,20,CDG,AQP,2551.0,60,0,2611.0,€2551,"Iberia, LATAM",Madrid (MAD) → Madrid (MAD) / São Paulo (GRU),1380,23h,2,"6:50 PM on Sat, Jul 18","10:50 AM on Sun, Jul 19",+1,True,False,,high,,2921.0
google_flights,2026-07-25,Sat,2026-08-16,Sun,21,CDG,AQP,2551.0,60,0,2611.0,€2551,"Iberia, LATAM",Madrid (MAD) → Madrid (MAD) / São Paulo (GRU),1380,23h,2,"6:50 PM on Sat, Jul 25","10:50 AM on Sun, Jul 26",+1,True,False,,high,,2921.0
google_flights,2026-07-25,Sat,2026-08-17,Mon,22,CDG,AQP,2551.0,60,0,2611.0,€2551,"Iberia, LATAM",Madrid (MAD) → Madrid (MAD) / São Paulo (GRU),1380,23h,2,"6:50 PM on Sat, Jul 25","10:50 AM on Sun, Jul 26",+1,True,False,,,,2921.0
google_flights,2026-08-06,Thu,2026-08-31,Mon,24,BRU,AQP,2339.0,100,0,2439.0,€2339,"Iberia, LATAM",Madrid (MAD) → Madrid (MAD) / São Paulo (GRU),1725,28h45,2,"7:45 PM on Thu, Aug 6","5:30 PM on Fri, Aug 7",+1,True,False,,,,2921.5
google_flights,2026-09-11,Fri,2026-10-03,Sat,21,BRU,AQP,2564.0,100,0,2664.0,€2564,"Iberia, LATAM",Madrid (MAD) → Madrid (MAD) / São Paulo (GRU),1280,21h20,2,"7:40 PM on Fri, Sep 11","10:00 AM on Sat, Sep 12",+1,True,False,,high,,2924.0
google_flights,2026-08-14,Fri,2026-09-05,Sat,21,ORY,CUZ,2544.0,70,0,2614.0,€2544,"Iberia, LATAM",Madrid (MAD) → Madrid (MAD) / São Paulo (GRU),1390,23h10,2,"5:20 PM on Fri, Aug 14","9:30 AM on Sat, Aug 15",+1,False,False,,high,,2929.0
google_flights,2026-10-09,Fri,2026-10-31,Sat,21,BRU,CUZ,2552.0,100,0,2652.0,€2552,"Iberia, LATAM",Madrid (MAD) → Madrid (MAD) / São Paulo (GRU),1315,21h55,2,"7:05 AM on Fri, Oct 9","10:00 PM on Fri, Oct 9",,True,False,,,,2929.5
google_flights,2026-07-18,Sat,2026-08-10,Mon,22,BRU,CUZ,2587.0,100,0,2687.0,€2587,"Iberia, LATAM",Madrid (MAD) → Madrid (MAD) / São Paulo (GRU),1250,20h50,2,"7:40 PM on Sat, Jul 18","9:30 AM on Sun, Jul 19",+1,True,False,,high,,2932.0
google_flights,2026-08-06,Thu,2026-08-29,Sat,22,CDG,CUZ,2546.0,60,0,2606.0,€2546,LATAM,Madrid (MAD) / São Paulo (GRU),1450,24h10,2,"1:00 PM on Thu, Aug 6","6:10 AM on Fri, Aug 7",+1,True,False,,,,2951.0
google_flights,2026-07-30,Thu,2026-08-24,Mon,24,BRU,CUZ,2618.0,100,0,2718.0,€2618,"Iberia, LATAM",Madrid (MAD) → Madrid (MAD) / São Paulo (GRU),1245,20h45,2,"7:45 PM on Thu, Jul 30","9:30 AM on Fri, Jul 31",+1,True,False,,high,,2960.5
google_flights,2026-07-02,Thu,2026-07-25,Sat,22,CDG,CUZ,2635.0,60,0,2695.0,€2635,"Iberia, LATAM",Madrid (MAD) → Madrid (MAD) / São Paulo (GRU),1300,21h40,2,"6:50 PM on Thu, Jul 2","9:30 AM on Fri, Jul 3",+1,True,False,,high,,2965.0
google_flights,2026-10-02,Fri,2026-10-25,Sun,22,BRU,CUZ,2627.0,100,0,2727.0,€2627,"Iberia, LATAM",Madrid (MAD) → Madrid (MAD) / São Paulo (GRU),1245,20h45,2,"7:45 PM on Fri, Oct 2","9:30 AM on Sat, Oct 3",+1,True,False,,,,2969.5
google_flights,2026-07-18,Sat,2026-08-08,Sat,20,BRU,AQP,2588.0,100,0,2688.0,€2588,"Iberia, LATAM",Madrid (MAD) → Madrid (MAD) / São Paulo (GRU),1330,22h10,2,"7:40 PM on Sat, Jul 18","10:50 AM on Sun, Jul 19",+1,True,False,,,,2973.0
google_flights,2026-07-25,Sat,2026-08-16,Sun,21,BRU,AQP,2588.0,100,0,2688.0,€2588,"Iberia, LATAM",Madrid (MAD) → Madrid (MAD) / São Paulo (GRU),1330,22h10,2,"7:40 PM on Sat, Jul 25","10:50 AM on Sun, Jul 26",+1,True,False,,,,2973.0
google_flights,2026-07-25,Sat,2026-08-17,Mon,22,AMS,AQP,2359.0,150,0,2509.0,€2359,"Iberia, LATAM",Madrid (MAD) → Madrid (MAD) / São Paulo (GRU),1695,28h15,2,"7:25 PM on Sat, Jul 25","4:40 PM on Sun, Jul 26",+1,True,False,,,,2976.5
google_flights,2026-07-30,Thu,2026-08-23,Sun,23,BRU,AQP,2619.0,100,0,2719.0,€2619,"Iberia, LATAM",Madrid (MAD) → Madrid (MAD) / São Paulo (GRU),1275,21h15,2,"7:45 PM on Thu, Jul 30","10:00 AM on Fri, Jul 31",+1,True,False,,high,,2976.5
google_flights,2026-07-25,Sat,2026-08-17,Mon,22,CDG,CUZ,2455.0,60,0,2515.0,€2455,"Air Canada, Avianca",Montréal (YUL) / Toronto (YYZ) → Bogotá (BOG),1690,28h10,2,"2:10 PM on Sat, Jul 25","11:20 AM on Sun, Jul 26",+1,True,False,,high,,2980.0
google_flights,2026-07-17,Fri,2026-08-10,Mon,23,CDG,CUZ,2641.0,60,0,2701.0,€2641,"Air France, Air Europa, Sky Airline",Paris (CDG) → Madrid (MAD),1325,22h05,2,"5:00 PM on Fri, Jul 17","8:05 AM on Sat, Jul 18",+1,True,False,,,,2983.5
google_flights,2026-07-25,Sat,2026-08-16,Sun,21,CDG,CUZ,2459.0,60,0,2519.0,€2459,"Air Canada, Avianca",Montréal (YUL) / Toronto (YYZ) → Bogotá (BOG),1690,28h10,2,"2:10 PM on Sat, Jul 25","11:20 AM on Sun, Jul 26",+1,True,False,,high,,2984.0
google_flights,2026-07-16,Thu,2026-08-09,Sun,23,CDG,AQP,2641.0,60,0,2701.0,€2641,"Iberia, LATAM",Madrid (MAD) → Madrid (MAD) / São Paulo (GRU),1330,22h10,2,"6:50 PM on Thu, Jul 16","10:00 AM on Fri, Jul 17",+1,True,False,,high,,2986.0
google_flights,2026-07-25,Sat,2026-08-15,Sat,20,AMS,AQP,2547.0,150,0,2697.0,€2547,"Iberia, LATAM",Madrid (MAD) → Madrid (MAD) / São Paulo (GRU),1345,22h25,2,"7:25 PM on Sat, Jul 25","10:50 AM on Sun, Jul 26",+1,True,False,,high,,2989.5
google_flights,2026-07-25,Sat,2026-08-16,Sun,21,BRU,AQP,2383.0,100,0,2483.0,€2383,"Iberia, LATAM",Madrid (MAD) → Madrid (MAD) / São Paulo (GRU),1785,29h45,2,"12:05 PM on Sat, Jul 25","10:50 AM on Sun, Jul 26",+1,True,False,,,,2995.5
google_flights,2026-08-14,Fri,2026-09-06,Sun,22,ORY,CUZ,2758.0,70,0,2828.0,€2758,"Iberia, LATAM",Madrid (MAD) → Madrid (MAD) / São Paulo (GRU),1130,18h50,2,"10:10 AM on Fri, Aug 14","10:00 PM on Fri, Aug 14",,True,False,,high,,3013.0
google_flights,2026-07-31,Fri,2026-08-23,Sun,22,CDG,AQP,2913.0,60,0,2973.0,€2913,"Air France, LATAM",Paris (CDG) → Madrid (MAD) / São Paulo (GRU),1055,17h35,1,"10:10 AM on Fri, Jul 31","8:45 PM on Fri, Jul 31",,True,False,,,,3020.5
google_flights,2026-07-25,Sat,2026-08-16,Sun,21,ORY,AQP,2632.0,70,0,2702.0,€2632,"Air Europa, Sky Airline",Madrid (MAD),1405,23h25,2,"7:25 PM on Sat, Jul 25","11:50 AM on Sun, Jul 26",+1,True,False,,high,,3024.5
google_flights,2026-07-30,Thu,2026-08-22,Sat,22,BRU,AQP,2715.0,100,0,2815.0,€2715,"KLM, LATAM",Amsterdam (AMS) → Madrid (MAD) / São Paulo (GRU),1180,19h40,2,"8:05 AM on Thu, Jul 30","8:45 PM on Thu, Jul 30",,True,False,,high,,3025.0
google_flights,2026-07-31,Fri,2026-08-22,Sat,21,BRU,AQP,2715.0,100,0,2815.0,€2715,"KLM, LATAM",Amsterdam (AMS) → Madrid (MAD) / São Paulo (GRU),1180,19h40,2,"8:05 AM on Fri, Jul 31","8:45 PM on Fri, Jul 31",,True,False,,high,,3025.0
google_flights,2026-08-06,Thu,2026-08-30,Sun,23,BRU,AQP,2674.0,100,0,2774.0,€2674,"Iberia, LATAM",Madrid (MAD) → Madrid (MAD) / São Paulo (GRU),1275,21h15,2,"7:45 PM on Thu, Aug 6","10:00 AM on Fri, Aug 7",+1,True,False,,high,,3031.5
google_flights,2026-07-24,Fri,2026-08-15,Sat,21,ORY,AQP,2740.0,70,0,2810.0,€2740,"Iberia, LATAM",Madrid (MAD) → Madrid (MAD) / São Paulo (GRU),1205,20h05,2,"8:55 PM on Fri, Jul 24","10:00 AM on Sat, Jul 25",+1,True,False,,high,,3032.5
google_flights,2026-07-24,Fri,2026-08-17,Mon,23,ORY,AQP,2740.0,70,0,2810.0,€2740,"Iberia, LATAM",Madrid (MAD) → Madrid (MAD) / São Paulo (GRU),1205,20h05,2,"8:55 PM on Fri, Jul 24","10:00 AM on Sat, Jul 25",+1,True,False,,high,,3032.5
google_flights,2026-09-04,Fri,2026-09-26,Sat,21,ORY,AQP,2740.0,70,0,2810.0,€2740,"Iberia, LATAM",Madrid (MAD) → Madrid (MAD) / São Paulo (GRU),1205,20h05,2,"8:55 PM on Fri, Sep 4","10:00 AM on Sat, Sep 5",+1,True,False,,typical,,3032.5
google_flights,2026-07-24,Fri,2026-08-16,Sun,22,AMS,AQP,2552.0,150,0,2702.0,€2552,"Air Europa, Sky Airline",Madrid (MAD),1430,23h50,2,"7:00 PM on Fri, Jul 24","11:50 AM on Sat, Jul 25",+1,True,False,,high,,3037.0
google_flights,2026-07-25,Sat,2026-08-16,Sun,21,AMS,AQP,2553.0,150,0,2703.0,€2553,"Air Europa, Sky Airline",Madrid (MAD),1430,23h50,2,"7:00 PM on Sat, Jul 25","11:50 AM on Sun, Jul 26",+1,True,False,,high,,3038.0
google_flights,2026-07-30,Thu,2026-08-22,Sat,22,BRU,AQP,2683.0,100,0,2783.0,€2683,"Iberia, LATAM",Madrid (MAD) → Madrid (MAD) / São Paulo (GRU),1275,21h15,2,"7:45 PM on Thu, Jul 30","10:00 AM on Fri, Jul 31",+1,True,False,,high,,3040.5
google_flights,2026-07-25,Sat,2026-08-16,Sun,21,ORY,AQP,2666.0,70,0,2736.0,€2666,"Iberia, LATAM",Madrid (MAD) → Madrid (MAD) / São Paulo (GRU),1370,22h50,2,"7:00 PM on Sat, Jul 25","10:50 AM on Sun, Jul 26",+1,True,False,,high,,3041.0
google_flights,2026-07-24,Fri,2026-08-16,Sun,22,BRU,AQP,2669.0,100,0,2769.0,€2669,"Iberia, LATAM",Madrid (MAD) → Madrid (MAD) / São Paulo (GRU),1330,22h10,2,"7:40 PM on Fri, Jul 24","10:50 AM on Sat, Jul 25",+1,True,False,,high,,3054.0
google_flights,2026-08-13,Thu,2026-09-05,Sat,22,ORY,AQP,2765.0,70,0,2835.0,€2765,"Iberia, LATAM",Madrid (MAD) → Madrid (MAD) / São Paulo (GRU),1205,20h05,2,"8:55 PM on Thu, Aug 13","10:00 AM on Fri, Aug 14",+1,True,False,,typical,,3057.5
google_flights,2026-08-06,Thu,2026-08-30,Sun,23,AMS,AQP,2647.0,150,0,2797.0,€2647,"Iberia, LATAM",Madrid (MAD) → Madrid (MAD) / São Paulo (GRU),1295,21h35,2,"7:25 PM on Thu, Aug 6","10:00 AM on Fri, Aug 7",+1,True,False,,typical,,3064.5
google_flights,2026-08-08,Sat,2026-08-30,Sun,21,CDG,CUZ,2747.0,60,0,2807.0,€2747,"Iberia, LATAM",Madrid (MAD) → Madrid (MAD) / São Paulo (GRU),1295,21h35,2,"6:55 PM on Sat, Aug 8","9:30 AM on Sun, Aug 9",+1,True,False,,,,3074.5
google_flights,2026-08-08,Sat,2026-08-31,Mon,22,BRU,AQP,2724.0,100,0,2824.0,€2724,"Iberia, LATAM",Madrid (MAD) → Madrid (MAD) / São Paulo (GRU),1280,21h20,2,"7:40 PM on Sat, Aug 8","10:00 AM on Sun, Aug 9",+1,True,False,,typical,,3084.0
google_flights,2026-08-15,Sat,2026-09-05,Sat,20,CDG,CUZ,2760.0,60,0,2820.0,€2760,"Iberia, LATAM",Madrid (MAD) → Madrid (MAD) / São Paulo (GRU),1295,21h35,2,"6:55 PM on Sat, Aug 15","9:30 AM on Sun, Aug 16",+1,True,False,,high,,3087.5
google_flights,2026-08-06,Thu,2026-08-29,Sat,22,CDG,AQP,2746.0,60,0,2806.0,€2746,"Iberia, LATAM",Madrid (MAD) → Madrid (MAD) / São Paulo (GRU),1325,22h05,2,"6:55 PM on Thu, Aug 6","10:00 AM on Fri, Aug 7",+1,True,False,,high,,3088.5
google_flights,2026-08-06,Thu,2026-08-30,Sun,23,CDG,AQP,2746.0,60,0,2806.0,€2746,"Iberia, LATAM",Madrid (MAD) → Madrid (MAD) / São Paulo (GRU),1325,22h05,2,"6:55 PM on Thu, Aug 6","10:00 AM on Fri, Aug 7",+1,True,False,,,,3088.5
google_flights,2026-08-06,Thu,2026-08-31,Mon,24,CDG,AQP,2746.0,60,0,2806.0,€2746,"Iberia, LATAM",Madrid (MAD) → Madrid (MAD) / São Paulo (GRU),1325,22h05,2,"6:55 PM on Thu, Aug 6","10:00 AM on Fri, Aug 7",+1,True,False,,,,3088.5
google_flights,2026-08-15,Sat,2026-09-06,Sun,21,CDG,CUZ,2745.0,60,0,2805.0,€2745,"Iberia, LATAM",Madrid (MAD) → Madrid (MAD) / São Paulo (GRU),1330,22h10,2,"6:50 PM on Sat, Aug 15","10:00 AM on Sun, Aug 16",+1,True,False,,high,,3090.0
google_flights,2026-07-25,Sat,2026-08-15,Sat,20,AMS,AQP,2623.0,150,0,2773.0,€2623,"Air Europa, Sky Airline",Madrid (MAD),1430,23h50,2,"7:00 PM on Sat, Jul 25","11:50 AM on Sun, Jul 26",+1,True,False,,high,,3108.0
google_flights,2026-07-23,Thu,2026-08-16,Sun,23,AMS,AQP,2691.0,150,0,2841.0,€2691,"Iberia, LATAM",Madrid (MAD) → Madrid (MAD) / São Paulo (GRU),1295,21h35,2,"7:25 PM on Thu, Jul 23","10:00 AM on Fri, Jul 24",+1,True,False,,typical,,3108.5
google_flights,2026-07-24,Fri,2026-08-16,Sun,22,AMS,AQP,2691.0,150,0,2841.0,€2691,"Iberia, LATAM",Madrid (MAD) → Madrid (MAD) / São Paulo (GRU),1295,21h35,2,"7:25 PM on Fri, Jul 24","10:00 AM on Sat, Jul 25",+1,True,False,,high,,3108.5
google_flights,2026-07-23,Thu,2026-08-16,Sun,23,CDG,CUZ,2584.0,60,0,2644.0,€2584,"Air Canada, Avianca",Montréal (YUL) / Toronto (YYZ) → Bogotá (BOG),1690,28h10,2,"2:10 PM on Thu, Jul 23","11:20 AM on Fri, Jul 24",+1,True,False,,high,,3109.0
google_flights,2026-08-06,Thu,2026-08-29,Sat,22,BRU,AQP,2449.0,100,0,2549.0,€2449,"SWISS, LATAM",Madrid (MAD) / São Paulo (GRU),1680,28h,3,"7:40 PM on Thu, Aug 6","4:40 PM on Fri, Aug 7",+1,True,False,,,,3109.0
google_flights,2026-07-09,Thu,2026-08-01,Sat,22,CDG,AQP,2741.0,60,0,2801.0,€2741,"Iberia, LATAM",Madrid (MAD) → Madrid (MAD) / São Paulo (GRU),1380,23h,2,"6:50 PM on Thu, Jul 9","10:50 AM on Fri, Jul 10",+1,True,False,,high,,3111.0
google_flights,2026-07-11,Sat,2026-08-01,Sat,20,CDG,AQP,2741.0,60,0,2801.0,€2741,"Iberia, LATAM",Madrid (MAD) → Madrid (MAD) / São Paulo (GRU),1380,23h,2,"6:50 PM on Sat, Jul 11","10:50 AM on Sun, Jul 12",+1,True,False,,high,,3111.0
google_flights,2026-08-07,Fri,2026-08-29,Sat,21,CDG,AQP,2746.0,60,0,2806.0,€2746,"Iberia, LATAM",Madrid (MAD) → Madrid (MAD) / São Paulo (GRU),1375,22h55,2,"6:55 PM on Fri, Aug 7","10:50 AM on Sat, Aug 8",+1,True,False,,high,,3113.5
google_flights,2026-08-07,Fri,2026-08-30,Sun,22,CDG,AQP,2746.0,60,0,2806.0,€2746,"Iberia, LATAM",Madrid (MAD) → Madrid (MAD) / São Paulo (GRU),1375,22h55,2,"6:55 PM on Fri, Aug 7","10:50 AM on Sat, Aug 8",+1,True,False,,high,,3113.5
google_flights,2026-08-07,Fri,2026-08-31,Mon,23,CDG,AQP,2746.0,60,0,2806.0,€2746,"Iberia, LATAM",Madrid (MAD) → Madrid (MAD) / São Paulo (GRU),1375,22h55,2,"6:55 PM on Fri, Aug 7","10:50 AM on Sat, Aug 8",+1,True,False,,high,,3113.5
google_flights,2026-07-25,Sat,2026-08-17,Mon,22,ORY,AQP,2740.0,70,0,2810.0,€2740,"Iberia, LATAM",Madrid (MAD) → Madrid (MAD) / São Paulo (GRU),1370,22h50,2,"7:00 PM on Sat, Jul 25","10:50 AM on Sun, Jul 26",+1,True,False,,,,3115.0
google_flights,2026-07-25,Sat,2026-08-15,Sat,20,ORY,AQP,2740.0,70,0,2810.0,€2740,"Iberia, LATAM",Madrid (MAD) → Madrid (MAD) / São Paulo (GRU),1370,22h50,2,"7:00 PM on Sat, Jul 25","10:50 AM on Sun, Jul 26",+1,True,False,,high,,3115.0
google_flights,2026-08-01,Sat,2026-08-24,Mon,22,CDG,CUZ,2605.0,60,0,2665.0,€2605,"Air Canada, Avianca",Montréal (YUL) / Toronto (YYZ) → Bogotá (BOG),1690,28h10,2,"2:10 PM on Sat, Aug 1","11:20 AM on Sun, Aug 2",+1,True,False,,,,3130.0
google_flights,2026-07-25,Sat,2026-08-16,Sun,21,AMS,CUZ,2754.0,150,0,2904.0,€2754,"Iberia, LATAM",Madrid (MAD) → Madrid (MAD) / São Paulo (GRU),1265,21h05,2,"7:25 PM on Sat, Jul 25","9:30 AM on Sun, Jul 26",+1,True,False,,,,3156.5
google_flights,2026-08-01,Sat,2026-08-23,Sun,21,AMS,AQP,2744.0,150,0,2894.0,€2744,"Iberia, LATAM",Madrid (MAD) → Madrid (MAD) / São Paulo (GRU),1295,21h35,2,"7:25 PM on Sat, Aug 1","10:00 AM on Sun, Aug 2",+1,True,False,,,,3161.5
google_flights,2026-08-01,Sat,2026-08-24,Mon,22,BRU,CUZ,2823.0,100,0,2923.0,€2823,"Iberia, LATAM",Madrid (MAD) → Madrid (MAD) / São Paulo (GRU),1250,20h50,2,"7:40 PM on Sat, Aug 1","9:30 AM on Sun, Aug 2",+1,True,False,,high,,3168.0
google_flights,2026-07-24,Fri,2026-08-15,Sat,21,AMS,CUZ,2770.0,150,0,2920.0,€2770,"Iberia, LATAM",Madrid (MAD) → Madrid (MAD) / São Paulo (GRU),1265,21h05,2,"7:25 PM on Fri, Jul 24","9:30 AM on Sat, Jul 25",+1,True,False,,,,3172.5
google_flights,2026-07-30,Thu,2026-08-23,Sun,23,BRU,AQP,2824.0,100,0,2924.0,€2824,"Iberia, LATAM",Madrid (MAD) → Madrid (MAD) / São Paulo (GRU),1275,21h15,2,"7:45 PM on Thu, Jul 30","10:00 AM on Fri, Jul 31",+1,True,False,,high,,3181.5
google_flights,2026-08-01,Sat,2026-08-23,Sun,21,BRU,AQP,2824.0,100,0,2924.0,€2824,"Iberia, LATAM",Madrid (MAD) → Madrid (MAD) / São Paulo (GRU),1280,21h20,2,"7:40 PM on Sat, Aug 1","10:00 AM on Sun, Aug 2",+1,True,False,,,,3184.0
google_flights,2026-07-04,Sat,2026-07-25,Sat,20,CDG,CUZ,2840.0,60,0,2900.0,€2840,"Iberia, LATAM",Madrid (MAD) → Madrid (MAD) / São Paulo (GRU),1330,22h10,2,"6:50 AM on Sat, Jul 4","10:00 PM on Sat, Jul 4",,True,False,,high,,3185.0
google_flights,2026-07-09,Thu,2026-08-01,Sat,22,CDG,CUZ,2840.0,60,0,2900.0,€2840,"Iberia, LATAM",Madrid (MAD) → Madrid (MAD) / São Paulo (GRU),1330,22h10,2,"6:50 AM on Thu, Jul 9","10:00 PM on Thu, Jul 9",,True,False,,high,,3185.0
google_flights,2026-07-18,Sat,2026-08-08,Sat,20,CDG,CUZ,2840.0,60,0,2900.0,€2840,"Iberia, LATAM",Madrid (MAD) → Madrid (MAD) / São Paulo (GRU),1330,22h10,2,"6:50 AM on Sat, Jul 18","10:00 PM on Sat, Jul 18",,True,False,,high,,3185.0
google_flights,2026-07-30,Thu,2026-08-24,Mon,24,CDG,CUZ,2860.0,60,0,2920.0,€2860,"Iberia, LATAM",Madrid (MAD) → Madrid (MAD) / São Paulo (GRU),1300,21h40,2,"6:50 PM on Thu, Jul 30","9:30 AM on Fri, Jul 31",+1,True,False,,high,,3190.0
google_flights,2026-08-08,Sat,2026-08-30,Sun,21,CDG,AQP,2750.0,60,0,2810.0,€2750,LATAM,Madrid (MAD) / São Paulo (GRU),1575,26h15,2,"1:00 PM on Sat, Aug 8","8:15 AM on Sun, Aug 9",+1,True,False,,,,3217.5
google_flights,2026-08-07,Fri,2026-08-29,Sat,21,BRU,CUZ,2878.0,100,0,2978.0,€2878,"Iberia, LATAM",Madrid (MAD) → Madrid (MAD) / São Paulo (GRU),1250,20h50,2,"7:40 PM on Fri, Aug 7","9:30 AM on Sat, Aug 8",+1,False,False,,high,,3223.0
google_flights,2026-08-07,Fri,2026-08-30,Sun,22,BRU,CUZ,2878.0,100,0,2978.0,€2878,"Iberia, LATAM",Madrid (MAD) → Madrid (MAD) / São Paulo (GRU),1250,20h50,2,"7:40 PM on Fri, Aug 7","9:30 AM on Sat, Aug 8",+1,False,False,,high,,3223.0
google_flights,2026-08-08,Sat,2026-08-30,Sun,21,BRU,CUZ,2878.0,100,0,2978.0,€2878,"Iberia, LATAM",Madrid (MAD) → Madrid (MAD) / São Paulo (GRU),1250,20h50,2,"7:40 PM on Sat, Aug 8","9:30 AM on Sun, Aug 9",+1,False,False,,high,,3223.0
google_flights,2026-08-06,Thu,2026-08-30,Sun,23,ORY,AQP,2950.0,70,0,3020.0,€2950,"Iberia, LATAM",Madrid (MAD) → Madrid (MAD) / São Paulo (GRU),1205,20h05,2,"8:55 PM on Thu, Aug 6","10:00 AM on Fri, Aug 7",+1,True,False,,high,,3242.5
google_flights,2026-07-30,Thu,2026-08-24,Mon,24,AMS,CUZ,2845.0,150,0,2995.0,€2845,"Iberia, LATAM",Madrid (MAD) → Madrid (MAD) / São Paulo (GRU),1265,21h05,2,"7:25 PM on Thu, Jul 30","9:30 AM on Fri, Jul 31",+1,True,False,,high,,3247.5
google_flights,2026-08-01,Sat,2026-08-24,Mon,22,BRU,AQP,2888.0,100,0,2988.0,€2888,"Iberia, LATAM",Madrid (MAD) → Madrid (MAD) / São Paulo (GRU),1280,21h20,2,"7:40 PM on Sat, Aug 1","10:00 AM on Sun, Aug 2",+1,True,False,,high,,3248.0
google_flights,2026-07-31,Fri,2026-08-23,Sun,22,BRU,CUZ,2948.0,100,0,3048.0,€2948,"KLM, LATAM",Amsterdam (AMS) → Madrid (MAD) / São Paulo (GRU),1175,19h35,2,"8:05 AM on Fri, Jul 31","8:40 PM on Fri, Jul 31",,False,False,,high,,3255.5
google_flights,2026-07-31,Fri,2026-08-23,Sun,22,BRU,AQP,2947.0,100,0,3047.0,€2947,"KLM, LATAM",Amsterdam (AMS) → Madrid (MAD) / São Paulo (GRU),1180,19h40,2,"8:05 AM on Fri, Jul 31","8:45 PM on Fri, Jul 31",,True,False,,high,,3257.0
google_flights,2026-08-01,Sat,2026-08-24,Mon,22,AMS,AQP,2846.0,150,0,2996.0,€2846,"Iberia, LATAM",Madrid (MAD) → Madrid (MAD) / São Paulo (GRU),1295,21h35,2,"7:25 PM on Sat, Aug 1","10:00 AM on Sun, Aug 2",+1,True,False,,high,,3263.5
google_flights,2026-08-01,Sat,2026-08-24,Mon,22,CDG,CUZ,2937.0,60,0,2997.0,€2937,"Iberia, LATAM",Madrid (MAD) → Madrid (MAD) / São Paulo (GRU),1295,21h35,2,"6:55 PM on Sat, Aug 1","9:30 AM on Sun, Aug 2",+1,True,False,,,,3264.5
google_flights,2026-08-07,Fri,2026-08-29,Sat,21,ORY,AQP,2950.0,70,0,3020.0,€2950,"Iberia, LATAM",Madrid (MAD) → Madrid (MAD) / São Paulo (GRU),1255,20h55,2,"8:55 PM on Fri, Aug 7","10:50 AM on Sat, Aug 8",+1,True,False,,high,,3267.5
google_flights,2026-08-07,Fri,2026-08-30,Sun,22,ORY,AQP,2950.0,70,0,3020.0,€2950,"Iberia, LATAM",Madrid (MAD) → Madrid (MAD) / São Paulo (GRU),1255,20h55,2,"8:55 PM on Fri, Aug 7","10:50 AM on Sat, Aug 8",+1,True,False,,high,,3267.5
google_flights,2026-08-07,Fri,2026-08-29,Sat,21,AMS,CUZ,3066.0,150,0,3216.0,€3066,"KLM, LATAM",Amsterdam (AMS) → Madrid (MAD) / São Paulo (GRU),1065,17h45,1,"9:55 AM on Fri, Aug 7","8:40 PM on Fri, Aug 7",,False,False,,high,,3268.5
google_flights,2026-07-31,Fri,2026-08-22,Sat,21,BRU,CUZ,2927.0,100,0,3027.0,€2927,"Iberia, LATAM",Madrid (MAD) → Madrid (MAD) / São Paulo (GRU),1250,20h50,2,"7:40 PM on Fri, Jul 31","9:30 AM on Sat, Aug 1",+1,True,False,,high,,3272.0
google_flights,2026-07-31,Fri,2026-08-23,Sun,22,CDG,AQP,2817.0,60,0,2877.0,€2817,"Air France, Air Europa, Sky Airline",Paris (CDG) → Madrid (MAD),1550,25h50,2,"5:00 PM on Fri, Jul 31","11:50 AM on Sat, Aug 1",+1,False,False,,,,3272.0
google_flights,2026-08-08,Sat,2026-08-29,Sat,20,CDG,CUZ,2950.0,60,0,3010.0,€2950,"Iberia, LATAM",Madrid (MAD) → Madrid (MAD) / São Paulo (GRU),1295,21h35,2,"6:55 PM on Sat, Aug 8","9:30 AM on Sun, Aug 9",+1,True,False,,high,,3277.5
google_flights,2026-08-15,Sat,2026-09-06,Sun,21,CDG,CUZ,2950.0,60,0,3010.0,€2950,"Iberia, LATAM",Madrid (MAD) → Madrid (MAD) / São Paulo (GRU),1295,21h35,2,"6:55 PM on Sat, Aug 15","9:30 AM on Sun, Aug 16",+1,True,False,,high,,3277.5
google_flights,2026-07-25,Sat,2026-08-17,Mon,22,CDG,CUZ,2950.0,60,0,3010.0,€2950,"Iberia, LATAM",Madrid (MAD) → Madrid (MAD) / São Paulo (GRU),1300,21h40,2,"6:50 PM on Sat, Jul 25","9:30 AM on Sun, Jul 26",+1,True,False,,high,,3280.0
google_flights,2026-08-08,Sat,2026-08-29,Sat,20,CDG,AQP,2951.0,60,0,3011.0,€2951,"Iberia, LATAM",Madrid (MAD) → Madrid (MAD) / São Paulo (GRU),1325,22h05,2,"6:55 PM on Sat, Aug 8","10:00 AM on Sun, Aug 9",+1,True,False,,high,,3293.5
google_flights,2026-08-08,Sat,2026-08-30,Sun,21,CDG,AQP,2951.0,60,0,3011.0,€2951,"Iberia, LATAM",Madrid (MAD) → Madrid (MAD) / São Paulo (GRU),1325,22h05,2,"6:55 PM on Sat, Aug 8","10:00 AM on Sun, Aug 9",+1,False,False,,,,3293.5
google_flights,2026-08-08,Sat,2026-08-31,Mon,22,CDG,AQP,2951.0,60,0,3011.0,€2951,"Iberia, LATAM",Madrid (MAD) → Madrid (MAD) / São Paulo (GRU),1325,22h05,2,"6:55 PM on Sat, Aug 8","10:00 AM on Sun, Aug 9",+1,True,False,,high,,3293.5
google_flights,2026-07-09,Thu,2026-08-03,Mon,24,CDG,CUZ,2950.0,60,0,3010.0,€2950,"Iberia, LATAM",Madrid (MAD) → Madrid (MAD) / São Paulo (GRU),1330,22h10,2,"6:50 AM on Thu, Jul 9","10:00 PM on Thu, Jul 9",,True,False,,high,,3295.0
google_flights,2026-07-09,Thu,2026-08-01,Sat,22,CDG,AQP,2951.0,60,0,3011.0,€2951,"Iberia, LATAM",Madrid (MAD) → Madrid (MAD) / São Paulo (GRU),1330,22h10,2,"6:50 PM on Thu, Jul 9","10:00 AM on Fri, Jul 10",+1,True,False,,high,,3296.0
google_flights,2026-08-08,Sat,2026-08-30,Sun,21,AMS,AQP,2902.0,150,0,3052.0,€2902,"Iberia, LATAM",Madrid (MAD) → Madrid (MAD) / São Paulo (GRU),1295,21h35,2,"7:25 PM on Sat, Aug 8","10:00 AM on Sun, Aug 9",+1,True,False,,,,3319.5
google_flights,2026-08-01,Sat,2026-08-23,Sun,21,BRU,CUZ,2978.0,100,0,3078.0,€2978,"Iberia, LATAM",Madrid (MAD) → Madrid (MAD) / São Paulo (GRU),1250,20h50,2,"7:40 PM on Sat, Aug 1","9:30 AM on Sun, Aug 2",+1,False,False,,high,,3323.0
google_flights,2026-08-01,Sat,2026-08-22,Sat,20,AMS,AQP,2910.0,150,0,3060.0,€2910,"Iberia, LATAM",Madrid (MAD) → Madrid (MAD) / São Paulo (GRU),1295,21h35,2,"7:25 PM on Sat, Aug 1","10:00 AM on Sun, Aug 2",+1,True,False,,high,,3327.5
google_flights,2026-07-30,Thu,2026-08-24,Mon,24,ORY,AQP,3050.0,70,0,3120.0,€3050,"Iberia, LATAM",Madrid (MAD) → Madrid (MAD) / São Paulo (GRU),1205,20h05,2,"8:55 PM on Thu, Jul 30","10:00 AM on Fri, Jul 31",+1,True,False,,high,,3342.5
google_flights,2026-07-18,Sat,2026-08-09,Sun,21,CDG,CUZ,3030.0,60,0,3090.0,€3030,"Iberia, LATAM",Madrid (MAD) → Madrid (MAD) / São Paulo (GRU),1300,21h40,2,"6:50 PM on Sat, Jul 18","9:30 AM on Sun, Jul 19",+1,True,False,,,,3360.0
google_flights,2026-07-30,Thu,2026-08-23,Sun,23,CDG,CUZ,3050.0,60,0,3110.0,€3050,"Iberia, LATAM",Madrid (MAD) → Madrid (MAD) / São Paulo (GRU),1300,21h40,2,"6:50 PM on Thu, Jul 30","9:30 AM on Fri, Jul 31",+1,True,False,,high,,3380.0
google_flights,2026-07-25,Sat,2026-08-16,Sun,21,AMS,AQP,2947.0,150,0,3097.0,€2947,"Iberia, LATAM",Madrid (MAD) → Madrid (MAD) / São Paulo (GRU),1345,22h25,2,"7:25 PM on Sat, Jul 25","10:50 AM on Sun, Jul 26",+1,True,False,,high,,3389.5
google_flights,2026-07-30,Thu,2026-08-22,Sat,22,CDG,AQP,3051.0,60,0,3111.0,€3051,"Iberia, LATAM",Madrid (MAD) → Madrid (MAD) / São Paulo (GRU),1330,22h10,2,"6:50 PM on Thu, Jul 30","10:00 AM on Fri, Jul 31",+1,True,False,,high,,3396.0
google_flights,2026-07-30,Thu,2026-08-24,Mon,24,CDG,AQP,3051.0,60,0,3111.0,€3051,"Iberia, LATAM",Madrid (MAD) → Madrid (MAD) / São Paulo (GRU),1330,22h10,2,"6:50 PM on Thu, Jul 30","10:00 AM on Fri, Jul 31",+1,True,False,,high,,3396.0
google_flights,2026-08-08,Sat,2026-08-29,Sat,20,BRU,AQP,3084.0,100,0,3184.0,€3084,"Iberia, LATAM",Madrid (MAD) → Madrid (MAD) / São Paulo (GRU),1280,21h20,2,"7:40 PM on Sat, Aug 8","10:00 AM on Sun, Aug 9",+1,True,False,,high,,3444.0
google_flights,2026-08-01,Sat,2026-08-23,Sun,21,CDG,AQP,3141.0,60,0,3201.0,€3141,"Iberia, LATAM",Madrid (MAD) → Madrid (MAD) / São Paulo (GRU),1325,22h05,2,"6:55 PM on Sat, Aug 1","10:00 AM on Sun, Aug 2",+1,True,False,,high,,3483.5
google_flights,2026-08-01,Sat,2026-08-24,Mon,22,CDG,AQP,3141.0,60,0,3201.0,€3141,"Iberia, LATAM",Madrid (MAD) → Madrid (MAD) / São Paulo (GRU),1325,22h05,2,"6:55 PM on Sat, Aug 1","10:00 AM on Sun, Aug 2",+1,True,False,,high,,3483.5
google_flights,2026-07-31,Fri,2026-08-22,Sat,21,CDG,AQP,3141.0,60,0,3201.0,€3141,"Iberia, LATAM",Madrid (MAD) → Madrid (MAD) / São Paulo (GRU),1380,23h,2,"6:50 PM on Fri, Jul 31","10:50 AM on Sat, Aug 1",+1,True,False,,high,,3511.0
google_flights,2026-07-23,Thu,2026-08-17,Mon,24,AMS,CUZ,3140.0,150,0,3290.0,€3140,"Iberia, LATAM",Madrid (MAD) → Madrid (MAD) / São Paulo (GRU),1265,21h05,2,"7:25 PM on Thu, Jul 23","9:30 AM on Fri, Jul 24",+1,False,False,,high,,3542.5
google_flights,2026-07-25,Sat,2026-08-17,Mon,22,AMS,CUZ,3140.0,150,0,3290.0,€3140,"Iberia, LATAM",Madrid (MAD) → Madrid (MAD) / São Paulo (GRU),1265,21h05,2,"7:25 PM on Sat, Jul 25","9:30 AM on Sun, Jul 26",+1,True,False,,high,,3542.5
google_flights,2026-10-30,Fri,2026-11-22,Sun,22,AMS,CUZ,3398.0,150,0,3548.0,€3398,"KLM, LATAM",Amsterdam (AMS) → Madrid (MAD) / São Paulo (GRU),940,15h40,1,"11:40 AM on Fri, Oct 30","9:20 PM on Fri, Oct 30",,False,False,,,,3548.0
google_flights,2026-07-23,Thu,2026-08-15,Sat,22,CDG,CUZ,3274.0,60,0,3334.0,€3274,"Iberia, LATAM",Madrid (MAD) → Madrid (MAD) / São Paulo (GRU),1330,22h10,2,"6:50 AM on Thu, Jul 23","10:00 PM on Thu, Jul 23",,True,False,,high,,3619.0
google_flights,2026-07-30,Thu,2026-08-22,Sat,22,CDG,CUZ,3374.0,60,0,3434.0,€3374,"Iberia, LATAM",Madrid (MAD) → Madrid (MAD) / São Paulo (GRU),1300,21h40,2,"6:50 PM on Thu, Jul 30","9:30 AM on Fri, Jul 31",+1,True,False,,high,,3704.0
google_flights,2026-07-23,Thu,2026-08-16,Sun,23,AMS,CUZ,3800.0,150,0,3950.0,€3800,"KLM, LATAM",Amsterdam (AMS) → Madrid (MAD) / São Paulo (GRU),1180,19h40,1,"9:55 AM on Thu, Jul 23","10:35 PM on Thu, Jul 23",,False,False,,high,,4060.0
google_flights,2026-07-24,Fri,2026-08-16,Sun,22,AMS,CUZ,3794.0,150,0,3944.0,€3794,"Iberia, LATAM",Madrid (MAD) → Madrid (MAD) / São Paulo (GRU),1265,21h05,2,"7:25 PM on Fri, Jul 24","9:30 AM on Sat, Jul 25",+1,True,False,,high,,4196.5
google_flights,2026-07-02,Thu,2026-07-26,Sun,23,CDG,CUZ,3894.0,60,0,3954.0,€3894,"Iberia, LATAM",Madrid (MAD) → Madrid (MAD) / São Paulo (GRU),1300,21h40,2,"6:50 PM on Thu, Jul 2","9:30 AM on Fri, Jul 3",+1,True,False,,high,,4224.0
google_flights,2026-09-24,Thu,2026-10-18,Sun,23,CDG,CUZ,4064.0,60,0,4124.0,€4064,"Iberia, LATAM",Madrid (MAD) → Madrid (MAD) / São Paulo (GRU),1295,21h35,2,"6:55 PM on Thu, Sep 24","9:30 AM on Fri, Sep 25",+1,True,False,,high,,4391.5
google_flights,2026-07-16,Thu,2026-08-09,Sun,23,CDG,CUZ,4099.0,60,0,4159.0,€4099,"Iberia, LATAM",Madrid (MAD) → Madrid (MAD) / São Paulo (GRU),1300,21h40,2,"6:50 PM on Thu, Jul 16","9:30 AM on Fri, Jul 17",+1,True,False,,high,,4429.0
google_flights,2026-07-04,Sat,2026-07-26,Sun,21,CDG,CUZ,4099.0,60,0,4159.0,€4099,"Iberia, LATAM",Madrid (MAD) → Madrid (MAD) / São Paulo (GRU),1330,22h10,2,"6:50 AM on Sat, Jul 4","10:00 PM on Sat, Jul 4",,True,False,,high,,4444.0
google_flights,2026-09-03,Thu,2026-09-26,Sat,22,CDG,CUZ,4401.0,60,0,4461.0,€4401,"Air France, LATAM",Paris (CDG) → Madrid (MAD) / São Paulo (GRU),1090,18h10,1,"10:10 AM on Thu, Sep 3","9:20 PM on Thu, Sep 3",,True,False,,,,4526.0
google_flights,2026-08-15,Sat,2026-09-05,Sat,20,AMS,CUZ,4211.0,150,0,4361.0,€4211,"Air Europa, LATAM",Madrid (MAD) → Madrid (MAD) / São Paulo (GRU),1290,21h30,2,"7:00 PM on Sat, Aug 15","9:30 AM on Sun, Aug 16",+1,True,False,,,,4626.0
google_flights,2026-07-16,Thu,2026-08-09,Sun,23,CDG,CUZ,4289.0,60,0,4349.0,€4289,"Iberia, LATAM",Madrid (MAD) → Madrid (MAD) / São Paulo (GRU),1330,22h10,2,"6:50 AM on Thu, Jul 16","10:00 PM on Thu, Jul 16",,True,False,,high,,4634.0
google_flights,2026-09-04,Fri,2026-09-28,Mon,23,CDG,CUZ,4380.0,60,0,4440.0,€4380,"Air France, KLM, LATAM",Paris (CDG) → Amsterdam (AMS) → Madrid (MAD) / São Paulo (GRU),1240,20h40,2,"7:10 AM on Fri, Sep 4","8:50 PM on Fri, Sep 4",,True,False,,,,4680.0
google_flights,2026-07-31,Fri,2026-08-23,Sun,22,ORY,AQP,4869.0,70,0,4939.0,€4869,"Iberia, LATAM",Madrid (MAD) → Madrid (MAD) / São Paulo (GRU),1255,20h55,2,"8:55 PM on Fri, Jul 31","10:50 AM on Sat, Aug 1",+1,True,False,,high,,5186.5
google_flights,2026-07-31,Fri,2026-08-24,Mon,23,ORY,AQP,4869.0,70,0,4939.0,€4869,"Iberia, LATAM",Madrid (MAD) → Madrid (MAD) / São Paulo (GRU),1255,20h55,2,"8:55 PM on Fri, Jul 31","10:50 AM on Sat, Aug 1",+1,True,False,,high,,5186.5
google_flights,2026-07-31,Fri,2026-08-22,Sat,21,ORY,AQP,4869.0,70,0,4939.0,€4869,"Iberia, LATAM",Madrid (MAD) → Madrid (MAD) / São Paulo (GRU),1255,20h55,2,"8:55 PM on Fri, Jul 31","10:50 AM on Sat, Aug 1",+1,True,False,,high,,5186.5
